bakeoff_match,bakeoff_score,Airdate,Season,Episode,Theme,Signature,Signature Time (min),Technical,Technical Time (min),Showstopper,Showstopper Time (min),challenge level numeric,reddit_post_title,reddit_post_date,days_since_air
red velvet cake,76.47059,2022-09-13,13,1,cake,12 mini sandwich cakes,120.0,red velvet cake,120.0,3d cake home,240.0,2.0,Red Velvet Cupcakes,2010-12-06,4299 days
 miniature pineapple upside-down cakes,71.604935,2020-09-22,11,1,cake,battenberg cake,120.0, miniature pineapple upside-down cakes,90.0,celebrity hero cake bust,240.0,2.0,Need help with a pineapple upside down cake,2011-03-16,3478 days
red velvet cake,90.32258,2022-09-13,13,1,cake,12 mini sandwich cakes,120.0,red velvet cake,120.0,3d cake home,240.0,2.0,Red velvet cake?,2011-04-12,4172 days
 english muffins,80.0,2013-08-27,4,2,bread,36 breadsticks,120.0, english muffins,165.0,decorative loaf,240.0,,I made English muffins!!,2011-07-20,769 days
 white chocolate and blackberry cheesecakes,75.32468,2023-10-18,14,4,chocolate,chocolate torte,, white chocolate and blackberry cheesecakes,,edible chocolate box cake,,2.0,white chocolate raspberry cupcakes,2011-08-07,4455 days
frasier cake,76.190475,2012-10-09,3,9,pâtisserie,3 types of petits fours,,frasier cake,150.0,choux pastry gâteau,,,rage cake,2011-08-10,426 days
lemon meringue pie,72.0,2022-10-11,13,5,desserts,8 steamed puddings,120.0,lemon meringue pie,120.0,hidden surprise mousse dessert,270.0,2.0,First ever lemon meringue pie...,2011-10-12,4017 days
 chocolate teacakes,73.68421,2012-10-02,3,8,biscuit,48 crackers,120.0, chocolate teacakes,120.0,gingerbread structure,240.0,2.0,Chocolate cake pops,2011-10-26,342 days
 chocolate teacakes,78.78788,2012-10-02,3,8,biscuit,48 crackers,120.0, chocolate teacakes,120.0,gingerbread structure,240.0,2.0,Chocolate cake,2012-01-15,261 days
 chocolate teacakes,78.78788,2012-10-02,3,8,biscuit,48 crackers,120.0, chocolate teacakes,120.0,gingerbread structure,240.0,2.0,Chocolate cake,2012-01-15,261 days
angel food cake,70.27027,2013-08-20,4,1,cake,sandwich cake,120.0,angel food cake,150.0,chocolate cake,240.0,,Lemony Angel Food cake,2012-01-27,571 days
cherry cake,72.72727,2014-08-06,5,1,cake,swiss roll,150.0,cherry cake,120.0,36 classic miniature british cakes,210.0,,cheese cake,2012-02-03,915 days
 chocolate teacakes,71.79487,2012-10-02,3,8,biscuit,48 crackers,120.0, chocolate teacakes,120.0,gingerbread structure,240.0,2.0,Chocolate Lava Cakes,2012-02-06,239 days
red velvet cake,80.0,2022-09-13,13,1,cake,12 mini sandwich cakes,120.0,red velvet cake,120.0,3d cake home,240.0,2.0,Red Velvet Cake,2012-02-19,3859 days
 miniature pineapple upside-down cakes,79.45206,2020-09-22,11,1,cake,battenberg cake,120.0, miniature pineapple upside-down cakes,90.0,celebrity hero cake bust,240.0,2.0,My first pineapple upside down cake,2012-03-05,3123 days
 miniature pineapple upside-down cakes,79.45206,2020-09-22,11,1,cake,battenberg cake,120.0, miniature pineapple upside-down cakes,90.0,celebrity hero cake bust,240.0,2.0,My first pineapple upside down cake,2012-03-05,3123 days
angel food cake,70.96774,2013-08-20,4,1,cake,sandwich cake,120.0,angel food cake,150.0,chocolate cake,240.0,,Orange Soda Cake,2012-03-05,533 days
chocolate roulade,70.27027,2011-09-20,2,6,desserts,baked cheesecake,150.0,chocolate roulade,105.0,croquembouche,300.0,,Chocolate Stout Cake,2012-03-09,-171 days
tennis cake,76.190475,2015-09-16,6,7,victorian,raised game pie,180.0,tennis cake,180.0,charlotte russe,330.0,,Penis Cake,2012-03-13,1282 days
red velvet cake,80.0,2022-09-13,13,1,cake,12 mini sandwich cakes,120.0,red velvet cake,120.0,3d cake home,240.0,2.0,Red velvet cupcakes.,2012-03-17,3832 days
lemon meringue pie,73.17073,2022-10-11,13,5,desserts,8 steamed puddings,120.0,lemon meringue pie,120.0,hidden surprise mousse dessert,270.0,2.0,Lemon Meringue Cupcakes,2012-03-24,3853 days
 fortune cookies,70.96774,2017-09-05,8,2,biscuit,24 sandwich biscuits,135.0, fortune cookies,120.0,biscuit board games,210.0,2.0,S’mores cookies,2012-03-28,1987 days
 chocolate teacakes,71.42857,2012-10-02,3,8,biscuit,48 crackers,120.0, chocolate teacakes,120.0,gingerbread structure,240.0,2.0,5 minute chocolate cake,2012-03-29,187 days
angel food cake,80.0,2013-08-20,4,1,cake,sandwich cake,120.0,angel food cake,150.0,chocolate cake,240.0,,Angel Food Cake,2012-03-30,508 days
 ginger biscuits,72.22222,2017-10-31,8,10,final,12 small loaves,180.0, ginger biscuits,150.0,large entremet,300.0,2.0,Ginger Snap Biscuits,2012-05-26,1984 days
chocolate soufflé,74.4186,2015-09-30,6,9,chocolate,chocolate tart,150.0,chocolate soufflé,75.0,chocolate centrepieces,240.0,,My first chocolate souffle,2012-07-31,1156 days
 fortune cookies,70.27027,2017-09-05,8,2,biscuit,24 sandwich biscuits,135.0, fortune cookies,120.0,biscuit board games,210.0,2.0,My shortbread cookies,2012-08-05,1857 days
chocolate babka,75.86207,2020-10-13,11,4,chocolate,18 chocolate brownies,90.0,chocolate babka,150.0,white chocolate celebration cake,240.0,2.0,Chocolate Cake,2012-08-08,2988 days
 herb fougasse,75.0,2016-09-28,7,6,botanical,citrus meringue pie,120.0, herb fougasse,,three-tier flower cake,,,Wild Herb Fougasse,2012-08-18,1502 days
lemon meringue pie,75.0,2022-10-11,13,5,desserts,8 steamed puddings,120.0,lemon meringue pie,120.0,hidden surprise mousse dessert,270.0,2.0,Lemon Meringue,2012-08-18,3706 days
lemon meringue pie,75.0,2022-10-11,13,5,desserts,8 steamed puddings,120.0,lemon meringue pie,120.0,hidden surprise mousse dessert,270.0,2.0,Lemon Meringue,2012-08-18,3706 days
lemon meringue pie,75.675674,2022-10-11,13,5,desserts,8 steamed puddings,120.0,lemon meringue pie,120.0,hidden surprise mousse dessert,270.0,2.0,Lemon Meringue Cake,2012-08-20,3704 days
chocolate roulade,72.22222,2011-09-20,2,6,desserts,baked cheesecake,150.0,chocolate roulade,105.0,croquembouche,300.0,,Chocolate Curl Cake,2012-08-24,-339 days
cherry cake,72.0,2014-08-06,5,1,cake,swiss roll,150.0,cherry cake,120.0,36 classic miniature british cakes,210.0,,A Cherry Cake!,2012-08-28,708 days
chocolate roulade,72.72727,2011-09-20,2,6,desserts,baked cheesecake,150.0,chocolate roulade,105.0,croquembouche,300.0,,Chocolate Mousse,2012-09-05,-351 days
 chocolate teacakes,72.34042,2012-10-02,3,8,biscuit,48 crackers,120.0, chocolate teacakes,120.0,gingerbread structure,240.0,2.0,Mini chocolate cannon cakes!,2012-10-05,-3 days
 florentines,80.0,2014-08-13,5,2,biscuit,36 savoury biscuits,120.0, florentines,105.0,3d biscuit scene,240.0,,Sticky florentines,2012-10-06,676 days
tiramisu cake,82.75862,2014-08-27,5,4,dessert,8 self-saucing puddings,120.0,tiramisu cake,150.0,baked alaska,270.0,,Tiramisu cake :),2012-10-10,686 days
 chocolate teacakes,70.27027,2012-10-02,3,8,biscuit,48 crackers,120.0, chocolate teacakes,120.0,gingerbread structure,240.0,2.0,Chocolate Wet Cake,2012-10-16,-14 days
lemon meringue pie,83.333336,2022-10-11,13,5,desserts,8 steamed puddings,120.0,lemon meringue pie,120.0,hidden surprise mousse dessert,270.0,2.0,Lemon Meringue Pie,2012-10-21,3642 days
chocolate babka,75.86207,2020-10-13,11,4,chocolate,18 chocolate brownies,90.0,chocolate babka,150.0,white chocolate celebration cake,240.0,2.0,Chocolate Cake,2012-11-05,2899 days
 sticky toffee puddings,81.818184,2021-10-12,12,4,desserts,pavlova,165.0, sticky toffee puddings,90.0,joconde imprime dessert,270.0,2.0,Sticky Toffee Pudding,2012-11-08,3260 days
cornish pasties,70.96774,2010-09-14,1,5,pastry,savoury pie,150.0,cornish pasties,90.0,savory canapés and sweet tartlets,300.0,,Danish Pastries ,2012-11-14,-792 days
prinsesstårta,70.588234,2014-09-10,5,6,european cakes,yeast-leavened cake,180.0,prinsesstårta,135.0,dobos torte,300.0,,Swedish Prinsesstårta,2012-11-27,652 days
 miniature pineapple upside-down cakes,74.28571,2020-09-22,11,1,cake,battenberg cake,120.0, miniature pineapple upside-down cakes,90.0,celebrity hero cake bust,240.0,2.0,Mini Pineapple Upside Down Cakes,2012-12-03,2850 days
 chocolate teacakes,71.42857,2012-10-02,3,8,biscuit,48 crackers,120.0, chocolate teacakes,120.0,gingerbread structure,240.0,2.0,Chocolate iced cupcakes,2012-12-15,-74 days
red velvet cake,76.47059,2022-09-13,13,1,cake,12 mini sandwich cakes,120.0,red velvet cake,120.0,3d cake home,240.0,2.0,Red Velvet Cupcakes,2012-12-22,3552 days
 fortune cookies,72.72727,2017-09-05,8,2,biscuit,24 sandwich biscuits,135.0, fortune cookies,120.0,biscuit board games,210.0,2.0,cornmeal cookies.,2012-12-22,1718 days
 white chocolate and blackberry cheesecakes,72.97298,2023-10-18,14,4,chocolate,chocolate torte,, white chocolate and blackberry cheesecakes,,edible chocolate box cake,,2.0,Mini white chocolate cheesecake,2012-12-25,3949 days
 chocolate teacakes,71.42857,2012-10-02,3,8,biscuit,48 crackers,120.0, chocolate teacakes,120.0,gingerbread structure,240.0,2.0,Fat free chocolate cake,2013-01-02,-92 days
mini pear pies,74.28571,2014-09-03,5,5,pies and tarts,custard tart,150.0,mini pear pies,120.0,three-tiered pie,270.0,,mini vegan pecan pies,2013-01-13,598 days
mini pear pies,74.28571,2014-09-03,5,5,pies and tarts,custard tart,150.0,mini pear pies,120.0,three-tiered pie,270.0,,vegan mini pecan pies,2013-01-13,598 days
lemon meringue pie,71.79487,2022-10-11,13,5,desserts,8 steamed puddings,120.0,lemon meringue pie,120.0,hidden surprise mousse dessert,270.0,2.0,Lemon Meringue Cake  ,2013-01-13,3558 days
 chocolate teacakes,75.0,2012-10-02,3,8,biscuit,48 crackers,120.0, chocolate teacakes,120.0,gingerbread structure,240.0,2.0,Almond chocolate cake,2013-01-14,-104 days
lemon meringue pie,76.59574,2022-10-11,13,5,desserts,8 steamed puddings,120.0,lemon meringue pie,120.0,hidden surprise mousse dessert,270.0,2.0,Our first lemon meringue pie!,2013-01-20,3551 days
 white chocolate and blackberry cheesecakes,70.27027,2023-10-18,14,4,chocolate,chocolate torte,, white chocolate and blackberry cheesecakes,,edible chocolate box cake,,2.0,chocolate and peanut cheesecake,2013-01-22,3921 days
chocolate roulade,71.79487,2011-09-20,2,6,desserts,baked cheesecake,150.0,chocolate roulade,105.0,croquembouche,300.0,,chocolate brulee cream,2013-01-24,-492 days
victoria sandwich,73.17073,2010-08-17,1,1,cake,cake,180.0,victoria sandwich,,chocolate celebration cake,,1.0,Mini Victoria Sandwiches,2013-02-07,-905 days
eight-strand plaited loaf,70.76923,2012-08-21,3,2,bread,12 flatbreads,150.0,eight-strand plaited loaf,120.0,12 sweet and 12 savoury bagels,240.0,,Tried making an 8-strand plaited loaf :),2013-02-22,-185 days
eight-strand plaited loaf,75.409836,2012-08-21,3,2,bread,12 flatbreads,150.0,eight-strand plaited loaf,120.0,12 sweet and 12 savoury bagels,240.0,,Made my first 8-strand plaited loaf!,2013-02-22,-185 days
 chocolate teacakes,72.72727,2012-10-02,3,8,biscuit,48 crackers,120.0, chocolate teacakes,120.0,gingerbread structure,240.0,2.0,Chocolate Turtle Cupcakes,2013-02-26,-147 days
cherry cake,76.190475,2014-08-06,5,1,cake,swiss roll,150.0,cherry cake,120.0,36 classic miniature british cakes,210.0,,cherry pie,2013-03-01,523 days
 fortune cookies,70.96774,2017-09-05,8,2,biscuit,24 sandwich biscuits,135.0, fortune cookies,120.0,biscuit board games,210.0,2.0,S'mores cookies,2013-03-06,1644 days
red velvet cake,75.0,2022-09-13,13,1,cake,12 mini sandwich cakes,120.0,red velvet cake,120.0,3d cake home,240.0,2.0,Help with red velvet cake,2013-03-16,3468 days
red velvet cake,76.92308,2022-09-13,13,1,cake,12 mini sandwich cakes,120.0,red velvet cake,120.0,3d cake home,240.0,2.0,FA at red velvet cake :),2013-04-03,3450 days
 white chocolate and blackberry cheesecakes,71.91011,2023-10-18,14,4,chocolate,chocolate torte,, white chocolate and blackberry cheesecakes,,edible chocolate box cake,,2.0,White Chocolate & Raspberry Cheesecake Squares,2013-04-05,3848 days
 chocolate teacakes,71.79487,2012-10-02,3,8,biscuit,48 crackers,120.0, chocolate teacakes,120.0,gingerbread structure,240.0,2.0,Chocolate mint cake!,2013-04-06,-186 days
 chocolate teacakes,73.17073,2012-10-02,3,8,biscuit,48 crackers,120.0, chocolate teacakes,120.0,gingerbread structure,240.0,2.0,Chocolate Oatmeal Cake,2013-04-23,-203 days
lemon meringue pie,75.675674,2022-10-11,13,5,desserts,8 steamed puddings,120.0,lemon meringue pie,120.0,hidden surprise mousse dessert,270.0,2.0,Lemon Meringue Cake,2013-04-23,3458 days
lemon meringue pie,70.833336,2022-10-11,13,5,desserts,8 steamed puddings,120.0,lemon meringue pie,120.0,hidden surprise mousse dessert,270.0,2.0,Yummy lemon meringue cupcakes!,2013-04-29,3452 days
 white chocolate and blackberry cheesecakes,78.65169,2023-10-18,14,4,chocolate,chocolate torte,, white chocolate and blackberry cheesecakes,,edible chocolate box cake,,2.0,Easy White Chocolate and Strawberry Cheesecake,2013-05-14,3809 days
frasier cake,76.190475,2012-10-09,3,9,pâtisserie,3 types of petits fours,,frasier cake,150.0,choux pastry gâteau,,,rose cake,2013-05-15,-218 days
 white chocolate and blackberry cheesecakes,70.27027,2023-10-18,14,4,chocolate,chocolate torte,, white chocolate and blackberry cheesecakes,,edible chocolate box cake,,2.0,White chocolate strawberry cake,2013-05-16,3807 days
 egg custard tarts,73.17073,2013-09-10,4,4,pies and tarts,double crust fruit pie,120.0, egg custard tarts,120.0,filo pie,240.0,,Portugese custard tarts,2013-05-21,112 days
 white chocolate and blackberry cheesecakes,72.72727,2023-10-18,14,4,chocolate,chocolate torte,, white chocolate and blackberry cheesecakes,,edible chocolate box cake,,2.0,White Chocolate and Cranberry Cake,2013-05-22,3801 days
chocolate roulade,71.79487,2011-09-20,2,6,desserts,baked cheesecake,150.0,chocolate roulade,105.0,croquembouche,300.0,,Chocolate Truffle Cake,2013-05-26,-614 days
 chocolate teacakes,71.111115,2012-10-02,3,8,biscuit,48 crackers,120.0, chocolate teacakes,120.0,gingerbread structure,240.0,2.0,Chocolate Turtle Cupcakes.,2013-05-28,-238 days
lemon meringue pie,75.675674,2022-10-11,13,5,desserts,8 steamed puddings,120.0,lemon meringue pie,120.0,hidden surprise mousse dessert,270.0,2.0,Lemon Meringue Cake,2013-05-29,3422 days
 white chocolate and blackberry cheesecakes,75.94936,2023-10-18,14,4,chocolate,chocolate torte,, white chocolate and blackberry cheesecakes,,edible chocolate box cake,,2.0,White Chocolate Raspberry Cheesecake,2013-06-05,3787 days
lemon meringue pie,83.333336,2022-10-11,13,5,desserts,8 steamed puddings,120.0,lemon meringue pie,120.0,hidden surprise mousse dessert,270.0,2.0,Lemon Meringue Pie,2013-06-18,3402 days
chocolate soufflé,75.0,2015-09-30,6,9,chocolate,chocolate tart,150.0,chocolate soufflé,75.0,chocolate centrepieces,240.0,,Mini Chocolate Soufflés,2013-06-19,833 days
chocolate babka,74.28571,2020-10-13,11,4,chocolate,18 chocolate brownies,90.0,chocolate babka,150.0,white chocolate celebration cake,240.0,2.0,chocolate block cake,2013-07-01,2661 days
 miniature pineapple upside-down cakes,78.26087,2020-09-22,11,1,cake,battenberg cake,120.0, miniature pineapple upside-down cakes,90.0,celebrity hero cake bust,240.0,2.0,Mini Pineapple Upsidedown Cakes,2013-07-03,2638 days
 chocolate teacakes,71.111115,2012-10-02,3,8,biscuit,48 crackers,120.0, chocolate teacakes,120.0,gingerbread structure,240.0,2.0,Triple chocolate cupcakes!,2013-07-18,-289 days
chocolate roulade,74.28571,2011-09-20,2,6,desserts,baked cheesecake,150.0,chocolate roulade,105.0,croquembouche,300.0,,Chocolate truffles,2013-07-22,-671 days
 white chocolate and blackberry cheesecakes,78.37838,2023-10-18,14,4,chocolate,chocolate torte,, white chocolate and blackberry cheesecakes,,edible chocolate box cake,,2.0,white chocolate lime cheesecake,2013-07-26,3736 days
bakewell tart,72.22222,2016-09-21,7,5,pastry,24 breakfast pastries,210.0,bakewell tart,150.0,48 filo amuse-bouche,240.0,,Raspberry Bakewell tart,2013-07-31,1148 days
 white chocolate and blackberry cheesecakes,82.5,2023-10-18,14,4,chocolate,chocolate torte,, white chocolate and blackberry cheesecakes,,edible chocolate box cake,,2.0,White Chocolate Blackberry Cheesecake,2013-08-05,3726 days
red velvet cake,76.47059,2022-09-13,13,1,cake,12 mini sandwich cakes,120.0,red velvet cake,120.0,3d cake home,240.0,2.0,Red Velvet Cupcakes,2013-08-13,3318 days
 miniature pineapple upside-down cakes,73.417725,2020-09-22,11,1,cake,battenberg cake,120.0, miniature pineapple upside-down cakes,90.0,celebrity hero cake bust,240.0,2.0,Made my first Pineapple upside down cake.,2013-08-14,2596 days
 vegan sausage rolls,82.051285,2021-11-09,12,8,free-from,8 dairy-free ice cream sandwiches,180.0, vegan sausage rolls,120.0,gluten-free celebration cake,270.0,2.0,Vegan Sausage Rolls,2013-08-14,3009 days
 fondant fancies,83.870964,2012-10-16,3,10,final,pithivier,150.0, fondant fancies,150.0,chiffon cake,240.0,2.0,Fondant Fancies,2013-08-25,-313 days
 chocolate teacakes,75.675674,2012-10-02,3,8,biscuit,48 crackers,120.0, chocolate teacakes,120.0,gingerbread structure,240.0,2.0,Chocolate Cupcakes,2013-08-28,-330 days
the signature chocolate cake with fresh raspberries,70.37037,2023-09-26,14,1,cake,vertical layer cake,,the signature chocolate cake with fresh raspberries,120.0,3d shaped animal cake,240.0,2.0,Moist chocolate cupcakes with fresh raspberry buttercream,2013-09-02,3676 days
 white chocolate and blackberry cheesecakes,78.48101,2023-10-18,14,4,chocolate,chocolate torte,, white chocolate and blackberry cheesecakes,,edible chocolate box cake,,2.0,White chocolate cherry cheesecake =],2013-09-09,3691 days
 chocolate teacakes,70.588234,2012-10-02,3,8,biscuit,48 crackers,120.0, chocolate teacakes,120.0,gingerbread structure,240.0,2.0,I made chocolate heart cupcakes!,2013-09-18,-351 days
lemon meringue pie,78.26087,2022-10-11,13,5,desserts,8 steamed puddings,120.0,lemon meringue pie,120.0,hidden surprise mousse dessert,270.0,2.0,My first lemon meringue pie!,2013-09-21,3307 days
red velvet cake,80.0,2022-09-13,13,1,cake,12 mini sandwich cakes,120.0,red velvet cake,120.0,3d cake home,240.0,2.0,Red Velvet Cake,2013-09-22,3278 days
 miniature pineapple upside-down cakes,73.84615,2020-09-22,11,1,cake,battenberg cake,120.0, miniature pineapple upside-down cakes,90.0,celebrity hero cake bust,240.0,2.0,Pineapple upside down cake.,2013-09-23,2556 days
 chocolate teacakes,71.79487,2012-10-02,3,8,biscuit,48 crackers,120.0, chocolate teacakes,120.0,gingerbread structure,240.0,2.0,Chocolate fudge cake,2013-10-11,-374 days
chocolate soufflé,72.72727,2015-09-30,6,9,chocolate,chocolate tart,150.0,chocolate soufflé,75.0,chocolate centrepieces,240.0,,Delicious Chocolate Soufflé,2013-10-13,717 days
 white chocolate and blackberry cheesecakes,70.88608,2023-10-18,14,4,chocolate,chocolate torte,, white chocolate and blackberry cheesecakes,,edible chocolate box cake,,2.0,White chocolate strawberry rose cake,2013-11-25,3614 days
 miniature pineapple upside-down cakes,73.809525,2020-09-22,11,1,cake,battenberg cake,120.0, miniature pineapple upside-down cakes,90.0,celebrity hero cake bust,240.0,2.0,First time baking a pineapple upside down cake,2013-11-27,2491 days
 white chocolate and blackberry cheesecakes,71.79487,2023-10-18,14,4,chocolate,chocolate torte,, white chocolate and blackberry cheesecakes,,edible chocolate box cake,,2.0,White chocolate candy cane cupcakes,2013-12-08,3601 days
red velvet cake,80.0,2022-09-13,13,1,cake,12 mini sandwich cakes,120.0,red velvet cake,120.0,3d cake home,240.0,2.0,Red Velvet Cake,2013-12-19,3190 days
 chocolate teacakes,76.92308,2012-10-02,3,8,biscuit,48 crackers,120.0, chocolate teacakes,120.0,gingerbread structure,240.0,2.0,very chocolate cake!,2013-12-19,-443 days
 fortune cookies,73.333336,2017-09-05,8,2,biscuit,24 sandwich biscuits,135.0, fortune cookies,120.0,biscuit board games,210.0,2.0,Turtle cookies,2013-12-21,1354 days
 miniature pineapple upside-down cakes,78.125,2020-09-22,11,1,cake,battenberg cake,120.0, miniature pineapple upside-down cakes,90.0,celebrity hero cake bust,240.0,2.0,Pineapple upside-down cake,2014-01-04,2453 days
tiramisu cake,84.61539,2014-08-27,5,4,dessert,8 self-saucing puddings,120.0,tiramisu cake,150.0,baked alaska,270.0,,Tiramisu Cake,2014-01-04,235 days
red velvet cake,70.588234,2022-09-13,13,1,cake,12 mini sandwich cakes,120.0,red velvet cake,120.0,3d cake home,240.0,2.0,"Red velvet, anyone?",2014-01-04,3174 days
victoria sandwich,76.92308,2010-08-17,1,1,cake,cake,180.0,victoria sandwich,,chocolate celebration cake,,1.0,Victoria Sandwich Cake,2014-01-12,-1244 days
 chocolate teacakes,71.79487,2012-10-02,3,8,biscuit,48 crackers,120.0, chocolate teacakes,120.0,gingerbread structure,240.0,2.0,Chocolate fudge cake,2014-01-12,-467 days
victoria sandwich,71.42857,2010-08-17,1,1,cake,cake,180.0,victoria sandwich,,chocolate celebration cake,,1.0,Classic Victoria Sandwich,2014-01-15,-1247 days
 chocolate teacakes,76.92308,2012-10-02,3,8,biscuit,48 crackers,120.0, chocolate teacakes,120.0,gingerbread structure,240.0,2.0,white chocolate cake,2014-01-22,-477 days
 chocolate teacakes,78.04878,2012-10-02,3,8,biscuit,48 crackers,120.0, chocolate teacakes,120.0,gingerbread structure,240.0,2.0,chocolate truffle cake,2014-01-26,-481 days
 white chocolate and blackberry cheesecakes,75.0,2023-10-18,14,4,chocolate,chocolate torte,, white chocolate and blackberry cheesecakes,,edible chocolate box cake,,2.0,White chocolate strawberry cheesecake cookies,2014-01-31,3547 days
chocolate soufflé,73.17073,2015-09-30,6,9,chocolate,chocolate tart,150.0,chocolate soufflé,75.0,chocolate centrepieces,240.0,,Chocolate Soufflé recipe,2014-02-08,599 days
 white chocolate and blackberry cheesecakes,73.809525,2023-10-18,14,4,chocolate,chocolate torte,, white chocolate and blackberry cheesecakes,,edible chocolate box cake,,2.0,White Chocolate Raspberry Cheesecake Cups,2014-02-26,3521 days
 chocolate teacakes,71.79487,2012-10-02,3,8,biscuit,48 crackers,120.0, chocolate teacakes,120.0,gingerbread structure,240.0,2.0,Chocolate shard cake,2014-03-23,-537 days
 chocolate teacakes,71.79487,2012-10-02,3,8,biscuit,48 crackers,120.0, chocolate teacakes,120.0,gingerbread structure,240.0,2.0,Chocolate cake tips?,2014-03-31,-545 days
the signature chocolate cake with fresh raspberries,70.37037,2023-09-26,14,1,cake,vertical layer cake,,the signature chocolate cake with fresh raspberries,120.0,3d shaped animal cake,240.0,2.0,White chocolate mud cake with blue icing and raspberries!,2014-04-05,3461 days
 ginger biscuits,70.96774,2017-10-31,8,10,final,12 small loaves,180.0, ginger biscuits,150.0,large entremet,300.0,2.0,Easter biscuits,2014-04-20,1290 days
lemon meringue pie,92.30769,2022-10-11,13,5,desserts,8 steamed puddings,120.0,lemon meringue pie,120.0,hidden surprise mousse dessert,270.0,2.0,My lemon meringue pie,2014-04-20,3096 days
 miniature pineapple upside-down cakes,78.48101,2020-09-22,11,1,cake,battenberg cake,120.0, miniature pineapple upside-down cakes,90.0,celebrity hero cake bust,240.0,2.0,My first ever pineapple upside-down cake!,2014-05-04,2333 days
tiramisu cake,80.0,2014-08-27,5,4,dessert,8 self-saucing puddings,120.0,tiramisu cake,150.0,baked alaska,270.0,,Tiramisu Cupcakes,2014-05-15,104 days
tiramisu cake,80.0,2014-08-27,5,4,dessert,8 self-saucing puddings,120.0,tiramisu cake,150.0,baked alaska,270.0,,Tiramisu Cupcakes,2014-05-17,102 days
 baguettes,80.0,2015-08-19,6,3,bread,2 quick breads,90.0, baguettes,150.0,3d bread sculpture,300.0,,Baguettes!,2014-05-18,458 days
tiramisu cake,82.75862,2014-08-27,5,4,dessert,8 self-saucing puddings,120.0,tiramisu cake,150.0,baked alaska,270.0,,Tiramisu cupcake,2014-06-08,80 days
 jam doughnuts,70.96774,2012-09-25,3,7,sweet dough,24 sweet buns,180.0, jam doughnuts,150.0,celebratory loaf,,,I did a doughnut.,2014-06-11,-624 days
red velvet cake,76.47059,2022-09-13,13,1,cake,12 mini sandwich cakes,120.0,red velvet cake,120.0,3d cake home,240.0,2.0,Red Velvet Cupcakes,2014-06-23,3004 days
 jaffa cakes,76.92308,2016-08-24,7,1,cake,drizzle cake,120.0, jaffa cakes,,mirror glaze cake,,2.0,Jaffa Cupcakes,2014-08-10,745 days
red velvet cake,74.28571,2022-09-13,13,1,cake,12 mini sandwich cakes,120.0,red velvet cake,120.0,3d cake home,240.0,2.0,Red Velvet Cupcakes!,2014-08-11,2955 days
 fortune cookies,70.27027,2017-09-05,8,2,biscuit,24 sandwich biscuits,135.0, fortune cookies,120.0,biscuit board games,210.0,2.0,Use for mini cookies?,2014-08-27,1105 days
 ciabattas,73.68421,2014-08-20,5,3,bread,12 rye bread rolls,210.0, ciabattas,180.0,filled centrepiece loaf,240.0,2.0,Ciabatta!,2014-09-15,-26 days
eight-strand plaited loaf,96.0,2012-08-21,3,2,bread,12 flatbreads,150.0,eight-strand plaited loaf,120.0,12 sweet and 12 savoury bagels,240.0,,Eight-strand plaited loaf,2014-09-21,-761 days
 miniature pineapple upside-down cakes,78.37838,2020-09-22,11,1,cake,battenberg cake,120.0, miniature pineapple upside-down cakes,90.0,celebrity hero cake bust,240.0,2.0,Home made Pineapple upside down cake,2014-10-26,2158 days
victoria sandwich,85.71429,2010-08-17,1,1,cake,cake,180.0,victoria sandwich,,chocolate celebration cake,,1.0,Victoria Sandwich!,2014-11-07,-1543 days
 ginger biscuits,83.870964,2017-10-31,8,10,final,12 small loaves,180.0, ginger biscuits,150.0,large entremet,300.0,2.0,Ginger Biscuits,2014-12-02,1064 days
 chocolate teacakes,71.42857,2012-10-02,3,8,biscuit,48 crackers,120.0, chocolate teacakes,120.0,gingerbread structure,240.0,2.0,Chocolate Mint Cupcakes,2014-12-04,-793 days
 ginger biscuits,70.588234,2017-10-31,8,10,final,12 small loaves,180.0, ginger biscuits,150.0,large entremet,300.0,2.0,Reindeer Biscuits!,2014-12-23,1043 days
red velvet cake,72.22222,2022-09-13,13,1,cake,12 mini sandwich cakes,120.0,red velvet cake,120.0,3d cake home,240.0,2.0,Red Velvet Cheesecake,2014-12-26,2818 days
coffee and walnut battenberg,70.588234,2011-08-16,2,1,cake,24 cupcakes,120.0,coffee and walnut battenberg,120.0,chocolate tiered cake,300.0,,Coffee and Walnut cake!,2014-12-31,-1233 days
 miniature pineapple upside-down cakes,75.0,2020-09-22,11,1,cake,battenberg cake,120.0, miniature pineapple upside-down cakes,90.0,celebrity hero cake bust,240.0,2.0,Pineapple upside down cake,2015-01-02,2090 days
 chocolate teacakes,71.42857,2012-10-02,3,8,biscuit,48 crackers,120.0, chocolate teacakes,120.0,gingerbread structure,240.0,2.0,Chocolate iced Cupcakes,2015-01-13,-833 days
 chocolate teacakes,75.0,2012-10-02,3,8,biscuit,48 crackers,120.0, chocolate teacakes,120.0,gingerbread structure,240.0,2.0,German chocolate cake,2015-01-17,-837 days
 garibaldi biscuits,70.27027,2022-09-20,13,2,biscuit,18 decorative macarons,120.0, garibaldi biscuits,105.0,3d biscuit mask,240.0,1.0,Cornbread biscuits,2015-02-01,2788 days
crème caramel,84.61539,2012-09-04,3,4,desserts,wheat-free torte cake,180.0,crème caramel,165.0,4 layered meringue dessert,,,Crème Caramel,2015-02-08,-887 days
lemon meringue pie,76.190475,2022-10-11,13,5,desserts,8 steamed puddings,120.0,lemon meringue pie,120.0,hidden surprise mousse dessert,270.0,2.0,Lemon meringue cupcakes!,2015-02-18,2792 days
 chocolate teacakes,72.72727,2012-10-02,3,8,biscuit,48 crackers,120.0, chocolate teacakes,120.0,gingerbread structure,240.0,2.0,Chocolate Easter Cupcakes,2015-02-18,-869 days
red velvet cake,80.0,2022-09-13,13,1,cake,12 mini sandwich cakes,120.0,red velvet cake,120.0,3d cake home,240.0,2.0,Red Velvet Cake,2015-02-23,2759 days
chocolate babka,75.86207,2020-10-13,11,4,chocolate,18 chocolate brownies,90.0,chocolate babka,150.0,white chocolate celebration cake,240.0,2.0,Chocolate Cake,2015-03-13,2041 days
 miniature pineapple upside-down cakes,74.28571,2020-09-22,11,1,cake,battenberg cake,120.0, miniature pineapple upside-down cakes,90.0,celebrity hero cake bust,240.0,2.0,Mini Pineapple Upside Down Cakes,2015-03-21,2012 days
lemon and thyme drizzle cake,76.0,2023-10-31,14,6,botanical,12 individual spiced buns,165.0,lemon and thyme drizzle cake,90.0,floral dessert,240.0,,Lemon gin drizzle cake,2015-03-25,3142 days
 chocolate teacakes,73.68421,2012-10-02,3,8,biscuit,48 crackers,120.0, chocolate teacakes,120.0,gingerbread structure,240.0,2.0,Chocolate lava cake,2015-04-02,-912 days
tiramisu cake,84.61539,2014-08-27,5,4,dessert,8 self-saucing puddings,120.0,tiramisu cake,150.0,baked alaska,270.0,,Tiramisu Cake,2015-04-04,-220 days
 chocolate teacakes,76.92308,2012-10-02,3,8,biscuit,48 crackers,120.0, chocolate teacakes,120.0,gingerbread structure,240.0,2.0,Moist chocolate cake,2015-04-06,-916 days
 chocolate teacakes,73.17073,2012-10-02,3,8,biscuit,48 crackers,120.0, chocolate teacakes,120.0,gingerbread structure,240.0,2.0,i heart chocolate cake,2015-04-09,-919 days
 chocolate teacakes,73.17073,2012-10-02,3,8,biscuit,48 crackers,120.0, chocolate teacakes,120.0,gingerbread structure,240.0,2.0,i heart chocolate cake,2015-04-09,-919 days
victoria sandwich,78.78788,2010-08-17,1,1,cake,cake,180.0,victoria sandwich,,chocolate celebration cake,,1.0,Victoria Jamwich,2015-04-12,-1699 days
 chocolate mini rolls,70.27027,2017-08-29,8,1,cake,fruity cake,120.0, chocolate mini rolls,120.0,illusion cake,240.0,2.0,Chocolate Swirls,2015-04-26,856 days
 fortune cookies,70.96774,2017-09-05,8,2,biscuit,24 sandwich biscuits,135.0, fortune cookies,120.0,biscuit board games,210.0,2.0,Drunken Cookies,2015-05-01,858 days
 chocolate teacakes,71.42857,2012-10-02,3,8,biscuit,48 crackers,120.0, chocolate teacakes,120.0,gingerbread structure,240.0,2.0,Oreo Chocolate Cupcakes,2015-05-21,-961 days
 miniature pineapple upside-down cakes,74.28571,2020-09-22,11,1,cake,battenberg cake,120.0, miniature pineapple upside-down cakes,90.0,celebrity hero cake bust,240.0,2.0,Mini Pineapple Upside Down Cakes,2015-05-23,1949 days
charlotte royale,87.5,2013-10-15,4,9,french week,36 canapés,150.0,charlotte royale,150.0,opera cake,150.0,2.0,Charlotte Royale,2015-06-29,-622 days
focaccia,87.5,2011-08-30,2,3,bread,free form loaf,195.0,focaccia,210.0,12 sweet and 12 savoury rolls,300.0,,Focaccia,2015-07-01,-1401 days
red velvet cake,76.47059,2022-09-13,13,1,cake,12 mini sandwich cakes,120.0,red velvet cake,120.0,3d cake home,240.0,2.0,Red Velvet Cupcakes,2015-07-14,2618 days
 garibaldi biscuits,86.48649,2022-09-20,13,2,biscuit,18 decorative macarons,120.0, garibaldi biscuits,105.0,3d biscuit mask,240.0,1.0,Garibaldi Biscuits,2015-08-16,2592 days
 english muffins,73.17073,2013-08-27,4,2,bread,36 breadsticks,120.0, english muffins,165.0,decorative loaf,240.0,,Made some English Muffins,2015-08-18,-721 days
gâteau saint honoré,72.22222,2019-10-22,10,9,pâtisserie,8 domed tarts,150.0,gâteau saint honoré,210.0,sugar glass display case,270.0,3.0,Gâteau St. Honoré,2015-08-23,1521 days
 chocolate teacakes,71.42857,2012-10-02,3,8,biscuit,48 crackers,120.0, chocolate teacakes,120.0,gingerbread structure,240.0,2.0,A lentil chocolate cake,2015-08-26,-1058 days
angel food cake,72.22222,2013-08-20,4,1,cake,sandwich cake,120.0,angel food cake,150.0,chocolate cake,240.0,,Party Angel Food Cake,2015-09-28,-769 days
hand-raised pie,73.17073,2012-09-11,3,5,pies,wellington,180.0,hand-raised pie,135.0,family-sized american pie,210.0,,What is a hand-raised pie?,2015-10-31,-1145 days
 chocolate teacakes,71.42857,2012-10-02,3,8,biscuit,48 crackers,120.0, chocolate teacakes,120.0,gingerbread structure,240.0,2.0,Mini chocolate tartlets,2015-11-18,-1142 days
 chocolate teacakes,71.42857,2012-10-02,3,8,biscuit,48 crackers,120.0, chocolate teacakes,120.0,gingerbread structure,240.0,2.0,Dark Chocolate Cupcakes,2015-11-24,-1148 days
 chocolate teacakes,73.17073,2012-10-02,3,8,biscuit,48 crackers,120.0, chocolate teacakes,120.0,gingerbread structure,240.0,2.0,Triple chocolate cake!,2015-11-27,-1151 days
 chocolate teacakes,75.675674,2012-10-02,3,8,biscuit,48 crackers,120.0, chocolate teacakes,120.0,gingerbread structure,240.0,2.0,Chocolate cupcakes,2015-12-03,-1157 days
lemon meringue pie,83.72093,2022-10-11,13,5,desserts,8 steamed puddings,120.0,lemon meringue pie,120.0,hidden surprise mousse dessert,270.0,2.0,Made a lemon meringue pie,2015-12-12,2495 days
 chocolate mini rolls,70.27027,2017-08-29,8,1,cake,fruity cake,120.0, chocolate mini rolls,120.0,illusion cake,240.0,2.0,Chocolate Swirls,2015-12-22,616 days
 florentines,86.95652,2014-08-13,5,2,biscuit,36 savoury biscuits,120.0, florentines,105.0,3d biscuit scene,240.0,,Florentines,2016-01-13,-518 days
 chocolate teacakes,71.42857,2012-10-02,3,8,biscuit,48 crackers,120.0, chocolate teacakes,120.0,gingerbread structure,240.0,2.0,Hot Chocolate Cupcakes!,2016-01-20,-1205 days
angel food cake,77.41936,2013-08-20,4,1,cake,sandwich cake,120.0,angel food cake,150.0,chocolate cake,240.0,,Orange soda cake,2016-02-07,-901 days
 white chocolate and blackberry cheesecakes,71.264366,2023-10-18,14,4,chocolate,chocolate torte,, white chocolate and blackberry cheesecakes,,edible chocolate box cake,,2.0,White Chocolate Raspberry Cheesecake Cookies,2016-02-14,2803 days
 chocolate teacakes,71.111115,2012-10-02,3,8,biscuit,48 crackers,120.0, chocolate teacakes,120.0,gingerbread structure,240.0,2.0,Triple chocolate cupcakes!,2016-02-19,-1235 days
tiramisu cake,84.61539,2014-08-27,5,4,dessert,8 self-saucing puddings,120.0,tiramisu cake,150.0,baked alaska,270.0,,Tiramisu Cake,2016-02-22,-544 days
victoria sandwich,88.23529,2010-08-17,1,1,cake,cake,180.0,victoria sandwich,,chocolate celebration cake,,1.0,Victoria Sandwich,2016-02-24,-2017 days
 chocolate teacakes,75.675674,2012-10-02,3,8,biscuit,48 crackers,120.0, chocolate teacakes,120.0,gingerbread structure,240.0,2.0,Chocolate cupcakes,2016-03-02,-1247 days
 egg custard tarts,76.47059,2013-09-10,4,4,pies and tarts,double crust fruit pie,120.0, egg custard tarts,120.0,filo pie,240.0,,Egg Custard Tart,2016-03-06,-908 days
 white chocolate and blackberry cheesecakes,89.156624,2023-10-18,14,4,chocolate,chocolate torte,, white chocolate and blackberry cheesecakes,,edible chocolate box cake,,2.0,white chocolate and raspberry cheesecake,2016-03-08,2780 days
hazelnut dacquoise,94.44444,2013-10-08,4,8,alternative ingredients,wheat-free loaf,180.0,hazelnut dacquoise,165.0,dairy-free vegetable cake,240.0,,Hazelnut dacquoise,2016-03-09,-883 days
 white chocolate and blackberry cheesecakes,74.07407,2023-10-18,14,4,chocolate,chocolate torte,, white chocolate and blackberry cheesecakes,,edible chocolate box cake,,2.0,White chocolate and raspberry jam cake,2016-03-16,2772 days
mini pear pies,75.86207,2014-09-03,5,5,pies and tarts,custard tart,150.0,mini pear pies,120.0,three-tiered pie,270.0,,Mini apple pies,2016-03-18,-562 days
 chocolate teacakes,72.34042,2012-10-02,3,8,biscuit,48 crackers,120.0, chocolate teacakes,120.0,gingerbread structure,240.0,2.0,chocolate shortbread cookies,2016-03-27,-1272 days
 miniature pineapple upside-down cakes,72.46377,2020-09-22,11,1,cake,battenberg cake,120.0, miniature pineapple upside-down cakes,90.0,celebrity hero cake bust,240.0,2.0,Mini Pineapple Upside Down Cake,2016-04-01,1635 days
 chocolate teacakes,71.79487,2012-10-02,3,8,biscuit,48 crackers,120.0, chocolate teacakes,120.0,gingerbread structure,240.0,2.0,Chocolate fudge cake,2016-04-07,-1283 days
 chocolate teacakes,72.22222,2012-10-02,3,8,biscuit,48 crackers,120.0, chocolate teacakes,120.0,gingerbread structure,240.0,2.0,Chocolate Cupcake,2016-04-09,-1285 days
 chocolate teacakes,71.42857,2012-10-02,3,8,biscuit,48 crackers,120.0, chocolate teacakes,120.0,gingerbread structure,240.0,2.0,Chocolate Lava Cupcakes,2016-04-17,-1293 days
chocolate babka,70.27027,2020-10-13,11,4,chocolate,18 chocolate brownies,90.0,chocolate babka,150.0,white chocolate celebration cake,240.0,2.0,Glazed Chocolate Babka,2016-04-17,1640 days
chocolate babka,72.22222,2020-10-13,11,4,chocolate,18 chocolate brownies,90.0,chocolate babka,150.0,white chocolate celebration cake,240.0,2.0,Chocolate Babka Bread,2016-04-18,1639 days
chocolate babka,71.42857,2020-10-13,11,4,chocolate,18 chocolate brownies,90.0,chocolate babka,150.0,white chocolate celebration cake,240.0,2.0,Chocolate Bar,2016-04-22,1635 days
 chocolate teacakes,71.42857,2012-10-02,3,8,biscuit,48 crackers,120.0, chocolate teacakes,120.0,gingerbread structure,240.0,2.0,Chocolate Mint Cupcakes,2016-04-22,-1298 days
 hand-shaped coconut macaroons,73.84615,2020-09-29,11,2,biscuit,36 chocolate florentines,120.0, hand-shaped coconut macaroons,105.0,3d biscuit table setting,240.0,1.0,Chocolate dipped coconut macaroons!,2016-04-22,1621 days
 white chocolate and blackberry cheesecakes,76.74419,2023-10-18,14,4,chocolate,chocolate torte,, white chocolate and blackberry cheesecakes,,edible chocolate box cake,,2.0,Baked White chocolate and ginger cheesecake,2016-04-26,2731 days
lemon meringue pie,71.42857,2022-10-11,13,5,desserts,8 steamed puddings,120.0,lemon meringue pie,120.0,hidden surprise mousse dessert,270.0,2.0,Lemon Meringue Pie Fail.,2016-05-27,2328 days
tiramisu cake,75.0,2014-08-27,5,4,dessert,8 self-saucing puddings,120.0,tiramisu cake,150.0,baked alaska,270.0,,Tiramisu Cupcakes!!,2016-06-08,-651 days
lemon meringue pie,94.44444,2022-10-11,13,5,desserts,8 steamed puddings,120.0,lemon meringue pie,120.0,hidden surprise mousse dessert,270.0,2.0,Lemon meringue pie,2016-06-08,2316 days
 miniature pineapple upside-down cakes,81.25,2020-09-22,11,1,cake,battenberg cake,120.0, miniature pineapple upside-down cakes,90.0,celebrity hero cake bust,240.0,2.0,pineapple upside-down cake,2016-06-13,1562 days
 miniature pineapple upside-down cakes,70.12987,2020-09-22,11,1,cake,battenberg cake,120.0, miniature pineapple upside-down cakes,90.0,celebrity hero cake bust,240.0,2.0,First try at an apple upside-down cake!,2016-06-13,1562 days
lemon meringue pie,83.333336,2022-10-11,13,5,desserts,8 steamed puddings,120.0,lemon meringue pie,120.0,hidden surprise mousse dessert,270.0,2.0,Lemon Meringue Pie,2016-06-20,2304 days
lemon meringue pie,83.333336,2022-10-11,13,5,desserts,8 steamed puddings,120.0,lemon meringue pie,120.0,hidden surprise mousse dessert,270.0,2.0,Lemon Meringue Pie,2016-06-20,2304 days
lemon meringue pie,83.333336,2022-10-11,13,5,desserts,8 steamed puddings,120.0,lemon meringue pie,120.0,hidden surprise mousse dessert,270.0,2.0,Lemon Meringue Pie,2016-06-20,2304 days
 chocolate teacakes,71.79487,2012-10-02,3,8,biscuit,48 crackers,120.0, chocolate teacakes,120.0,gingerbread structure,240.0,2.0,Chocolate Cola Cakes,2016-07-01,-1368 days
caterpiller cake,71.79487,2023-11-14,14,8,party,12 sausage rolls,150.0,caterpiller cake,150.0,anything but beige buffet,270.0,2.0,Hungry Caterpillar cake,2016-07-03,2690 days
 white chocolate and blackberry cheesecakes,81.01266,2023-10-18,14,4,chocolate,chocolate torte,, white chocolate and blackberry cheesecakes,,edible chocolate box cake,,2.0,White chocolate raspberry cheesecake,2016-07-12,2654 days
 chocolate teacakes,78.78788,2012-10-02,3,8,biscuit,48 crackers,120.0, chocolate teacakes,120.0,gingerbread structure,240.0,2.0,Chocolate cake,2016-07-29,-1396 days
 miniature pineapple upside-down cakes,75.0,2020-09-22,11,1,cake,battenberg cake,120.0, miniature pineapple upside-down cakes,90.0,celebrity hero cake bust,240.0,2.0,Pineapple upside down cake,2016-08-01,1513 days
 chocolate teacakes,72.34042,2012-10-02,3,8,biscuit,48 crackers,120.0, chocolate teacakes,120.0,gingerbread structure,240.0,2.0,Egg free chocolate tray-cake,2016-08-08,-1406 days
 chocolate teacakes,78.947365,2012-10-02,3,8,biscuit,48 crackers,120.0, chocolate teacakes,120.0,gingerbread structure,240.0,2.0,Mini chocolate cake,2016-08-11,-1409 days
s'mores,85.71429,2022-10-18,13,6,halloween,apple cake,120.0,s'mores,120.0,edible hanging halloween piñata lantern,240.0,2.0,S'mores,2016-08-18,2252 days
 chocolate teacakes,75.0,2012-10-02,3,8,biscuit,48 crackers,120.0, chocolate teacakes,120.0,gingerbread structure,240.0,2.0,German chocolate cake,2016-08-21,-1419 days
 jaffa cakes,72.0,2016-08-24,7,1,cake,drizzle cake,120.0, jaffa cakes,,mirror glaze cake,,2.0,Jaffa Cupcake,2016-08-29,-5 days
 chocolate teacakes,75.55556,2012-10-02,3,8,biscuit,48 crackers,120.0, chocolate teacakes,120.0,gingerbread structure,240.0,2.0,Chocolate Nutella Cupcakes,2016-09-08,-1437 days
chocolate soufflé,70.588234,2015-09-30,6,9,chocolate,chocolate tart,150.0,chocolate soufflé,75.0,chocolate centrepieces,240.0,,Chocolate Waffles,2016-09-20,-356 days
chocolate babka,71.42857,2020-10-13,11,4,chocolate,18 chocolate brownies,90.0,chocolate babka,150.0,white chocolate celebration cake,240.0,2.0,my first chocolate babka !!,2016-09-27,1477 days
coffee and walnut battenberg,71.69811,2011-08-16,2,1,cake,24 cupcakes,120.0,coffee and walnut battenberg,120.0,chocolate tiered cake,300.0,,Coffee and walnut cupcake,2016-10-09,-1881 days
 miniature pineapple upside-down cakes,73.84615,2020-09-22,11,1,cake,battenberg cake,120.0, miniature pineapple upside-down cakes,90.0,celebrity hero cake bust,240.0,2.0,Pineapple upside down cake!,2016-10-23,1430 days
 fondant fancies,88.888885,2012-10-16,3,10,final,pithivier,150.0, fondant fancies,150.0,chiffon cake,240.0,2.0,Made fondant fancies,2016-10-24,-1469 days
 white chocolate and blackberry cheesecakes,86.74699,2023-10-18,14,4,chocolate,chocolate torte,, white chocolate and blackberry cheesecakes,,edible chocolate box cake,,2.0,White chocolate and raspberry cheesecake,2016-10-26,2548 days
tiramisu cake,92.30769,2014-08-27,5,4,dessert,8 self-saucing puddings,120.0,tiramisu cake,150.0,baked alaska,270.0,,Tiramisu cake,2016-10-31,-796 days
 chocolate teacakes,75.0,2012-10-02,3,8,biscuit,48 crackers,120.0, chocolate teacakes,120.0,gingerbread structure,240.0,2.0,Malted chocolate cake,2016-10-31,-1490 days
 chocolate teacakes,70.27027,2012-10-02,3,8,biscuit,48 crackers,120.0, chocolate teacakes,120.0,gingerbread structure,240.0,2.0,Chocolate cup cake,2016-11-01,-1491 days
lemon and thyme drizzle cake,72.34042,2023-10-31,14,6,botanical,12 individual spiced buns,165.0,lemon and thyme drizzle cake,90.0,floral dessert,240.0,,Lemon drizzle cake.,2016-11-06,2550 days
 chocolate teacakes,70.27027,2012-10-02,3,8,biscuit,48 crackers,120.0, chocolate teacakes,120.0,gingerbread structure,240.0,2.0,Chocolate macarons,2016-12-09,-1529 days
 chocolate teacakes,71.111115,2012-10-02,3,8,biscuit,48 crackers,120.0, chocolate teacakes,120.0,gingerbread structure,240.0,2.0,Mini Chocolate Cheesecakes,2016-12-11,-1531 days
 chocolate teacakes,71.42857,2012-10-02,3,8,biscuit,48 crackers,120.0, chocolate teacakes,120.0,gingerbread structure,240.0,2.0,Chocolate birthday cake,2016-12-12,-1532 days
tiramisu cake,75.0,2014-08-27,5,4,dessert,8 self-saucing puddings,120.0,tiramisu cake,150.0,baked alaska,270.0,,Tiramisu crêpe cake,2017-02-02,-890 days
angel food cake,70.96774,2013-08-20,4,1,cake,sandwich cake,120.0,angel food cake,150.0,chocolate cake,240.0,,Orange Soda Cake,2017-02-05,-1265 days
 hand-shaped coconut macaroons,77.77778,2020-09-29,11,2,biscuit,36 chocolate florentines,120.0, hand-shaped coconut macaroons,105.0,3d biscuit table setting,240.0,1.0,I made Coconut macaroons,2017-02-09,1328 days
chocolate babka,70.27027,2020-10-13,11,4,chocolate,18 chocolate brownies,90.0,chocolate babka,150.0,white chocolate celebration cake,240.0,2.0,Chocolate banana bread,2017-02-15,1336 days
 white chocolate and blackberry cheesecakes,81.01266,2023-10-18,14,4,chocolate,chocolate torte,, white chocolate and blackberry cheesecakes,,edible chocolate box cake,,2.0,White chocolate raspberry cheesecake,2017-02-17,2434 days
 molten chocolate puddings,72.0,2017-09-26,8,5,pudding,steamed school pudding,180.0, molten chocolate puddings,60.0,ornamental trifle terrine,270.0,1.0,Double chocolate muffins,2017-02-19,219 days
 chocolate teacakes,71.42857,2012-10-02,3,8,biscuit,48 crackers,120.0, chocolate teacakes,120.0,gingerbread structure,240.0,2.0,Chocolate Malt Cupcakes,2017-03-03,-1613 days
 white chocolate and blackberry cheesecakes,72.46377,2023-10-18,14,4,chocolate,chocolate torte,, white chocolate and blackberry cheesecakes,,edible chocolate box cake,,2.0,White chocolate cheesecake,2017-03-18,2405 days
 english muffins,71.79487,2013-08-27,4,2,bread,36 breadsticks,120.0, english muffins,165.0,decorative loaf,240.0,,English muffins success,2017-03-19,-1300 days
 chocolate teacakes,75.0,2012-10-02,3,8,biscuit,48 crackers,120.0, chocolate teacakes,120.0,gingerbread structure,240.0,2.0,German chocolate cake,2017-03-23,-1633 days
 miniature pineapple upside-down cakes,72.5,2020-09-22,11,1,cake,battenberg cake,120.0, miniature pineapple upside-down cakes,90.0,celebrity hero cake bust,240.0,2.0,Recipe request: pineapple upside down cake,2017-03-26,1276 days
red velvet cake,76.92308,2022-09-13,13,1,cake,12 mini sandwich cakes,120.0,red velvet cake,120.0,3d cake home,240.0,2.0,Mini red velvet cupcakes,2017-03-26,1997 days
cherry cake,81.818184,2014-08-06,5,1,cake,swiss roll,150.0,cherry cake,120.0,36 classic miniature british cakes,210.0,,Sacher cake,2017-03-26,-963 days
chocolate babka,75.86207,2020-10-13,11,4,chocolate,18 chocolate brownies,90.0,chocolate babka,150.0,white chocolate celebration cake,240.0,2.0,Chocolate Cake,2017-03-29,1294 days
angel food cake,83.333336,2013-08-20,4,1,cake,sandwich cake,120.0,angel food cake,150.0,chocolate cake,240.0,,Best angel food cake?,2017-04-03,-1322 days
red velvet cake,82.35294,2022-09-13,13,1,cake,12 mini sandwich cakes,120.0,red velvet cake,120.0,3d cake home,240.0,2.0,Red velvet cupcakes,2017-04-05,1987 days
chocolate babka,74.28571,2020-10-13,11,4,chocolate,18 chocolate brownies,90.0,chocolate babka,150.0,white chocolate celebration cake,240.0,2.0,Chocolate Babka Time,2017-04-08,1284 days
chocolate babka,90.32258,2020-10-13,11,4,chocolate,18 chocolate brownies,90.0,chocolate babka,150.0,white chocolate celebration cake,240.0,2.0,Chocolate babkas,2017-04-12,1280 days
pain aux raisins,81.25,2022-09-27,13,3,bread,2 pizzas,120.0,pain aux raisins,165.0,smörgåstårta,270.0,2.0,Pain Aux Raisins,2017-04-12,1994 days
chocolate babka,90.32258,2020-10-13,11,4,chocolate,18 chocolate brownies,90.0,chocolate babka,150.0,white chocolate celebration cake,240.0,2.0,Chocolate babkas,2017-04-13,1279 days
chocolate babka,78.78788,2020-10-13,11,4,chocolate,18 chocolate brownies,90.0,chocolate babka,150.0,white chocolate celebration cake,240.0,2.0,Chocolate Babka :),2017-05-05,1257 days
lemon meringue pie,73.17073,2022-10-11,13,5,desserts,8 steamed puddings,120.0,lemon meringue pie,120.0,hidden surprise mousse dessert,270.0,2.0,(OC) Lemon Meringue Pie,2017-05-14,1976 days
lemon meringue pie,94.44444,2022-10-11,13,5,desserts,8 steamed puddings,120.0,lemon meringue pie,120.0,hidden surprise mousse dessert,270.0,2.0,Lemon meringue pie,2017-05-27,1963 days
 fortune cookies,70.96774,2017-09-05,8,2,biscuit,24 sandwich biscuits,135.0, fortune cookies,120.0,biscuit board games,210.0,2.0,S'mores cookies,2017-05-31,97 days
frosted walnut layer cake,73.46939,2015-08-05,6,1,cake,madeira cake,120.0,frosted walnut layer cake,105.0,black forest gâteau,210.0,2.0,First frosted layer cake,2017-06-01,-666 days
 white chocolate and blackberry cheesecakes,71.052635,2023-10-18,14,4,chocolate,chocolate torte,, white chocolate and blackberry cheesecakes,,edible chocolate box cake,,2.0,White chocolate raspberry cupcake,2017-06-02,2329 days
chocolate babka,83.870964,2020-10-13,11,4,chocolate,18 chocolate brownies,90.0,chocolate babka,150.0,white chocolate celebration cake,240.0,2.0,Chocolate Babka!,2017-06-04,1227 days
chocolate babka,86.666664,2020-10-13,11,4,chocolate,18 chocolate brownies,90.0,chocolate babka,150.0,white chocolate celebration cake,240.0,2.0,Chocolate Babka,2017-06-04,1227 days
tennis cake,72.0,2015-09-16,6,7,victorian,raised game pie,180.0,tennis cake,180.0,charlotte russe,330.0,,Penguins cake!,2017-06-05,-628 days
red velvet cake,80.0,2022-09-13,13,1,cake,12 mini sandwich cakes,120.0,red velvet cake,120.0,3d cake home,240.0,2.0,Red Velvet Cake,2017-06-09,1922 days
lemon meringue pie,80.0,2022-10-11,13,5,desserts,8 steamed puddings,120.0,lemon meringue pie,120.0,hidden surprise mousse dessert,270.0,2.0,My first lemon meringue pie,2017-06-25,1934 days
victoria sandwich,76.92308,2010-08-17,1,1,cake,cake,180.0,victoria sandwich,,chocolate celebration cake,,1.0,Victoria Sandwich Cake,2017-06-30,-2509 days
lemon and thyme drizzle cake,87.09677,2023-10-31,14,6,botanical,12 individual spiced buns,165.0,lemon and thyme drizzle cake,90.0,floral dessert,240.0,,Lemon and thyme mini drizzle cakes,2017-07-01,2313 days
 chocolate teacakes,71.42857,2012-10-02,3,8,biscuit,48 crackers,120.0, chocolate teacakes,120.0,gingerbread structure,240.0,2.0,Chocolate oreo cupcakes,2017-07-03,-1735 days
frosted walnut layer cake,74.5098,2015-08-05,6,1,cake,madeira cake,120.0,frosted walnut layer cake,105.0,black forest gâteau,210.0,2.0,Coffee & Walnut layer cake,2017-07-10,-705 days
 miniature pineapple upside-down cakes,77.10844,2020-09-22,11,1,cake,battenberg cake,120.0, miniature pineapple upside-down cakes,90.0,celebrity hero cake bust,240.0,2.0,Twelve individual pineapple upside down cakes,2017-07-10,1170 days
 chocolate teacakes,75.0,2012-10-02,3,8,biscuit,48 crackers,120.0, chocolate teacakes,120.0,gingerbread structure,240.0,2.0,Hot chocolate cookies,2017-07-11,-1743 days
lemon meringue pie,75.675674,2022-10-11,13,5,desserts,8 steamed puddings,120.0,lemon meringue pie,120.0,hidden surprise mousse dessert,270.0,2.0,Lemon meringue tart,2017-07-12,1917 days
lemon meringue pie,71.42857,2022-10-11,13,5,desserts,8 steamed puddings,120.0,lemon meringue pie,120.0,hidden surprise mousse dessert,270.0,2.0,Mini Lemon Meringue Pies,2017-07-18,1911 days
 chocolate teacakes,78.78788,2012-10-02,3,8,biscuit,48 crackers,120.0, chocolate teacakes,120.0,gingerbread structure,240.0,2.0,Chocolate cake,2017-07-19,-1751 days
 miniature pineapple upside-down cakes,75.0,2020-09-22,11,1,cake,battenberg cake,120.0, miniature pineapple upside-down cakes,90.0,celebrity hero cake bust,240.0,2.0,Pineapple upside down cake,2017-07-19,1161 days
 egg custard tarts,89.47369,2013-09-10,4,4,pies and tarts,double crust fruit pie,120.0, egg custard tarts,120.0,filo pie,240.0,,My egg custard tart.,2017-07-22,-1411 days
 white chocolate and blackberry cheesecakes,76.74419,2023-10-18,14,4,chocolate,chocolate torte,, white chocolate and blackberry cheesecakes,,edible chocolate box cake,,2.0,White chocolate raspberry mini cheesecakes!,2017-07-23,2278 days
victoria sandwich,94.117645,2010-08-17,1,1,cake,cake,180.0,victoria sandwich,,chocolate celebration cake,,1.0,Victoria sandwich,2017-07-26,-2535 days
victoria sandwich (without a recipe),76.92308,2016-10-26,7,10,final,meringue crowns,180.0,victoria sandwich (without a recipe),90.0,picnics,300.0,,Victoria sandwich cake recipe,2017-08-28,-306 days
 caramel biscuit bars,70.27027,2021-11-02,12,7,caramel,caramel tart,150.0, caramel biscuit bars,90.0,domed or sphered caramel dessert,270.0,3.0,crumbly biscuits,2017-09-01,1523 days
lemon meringue pie,80.0,2022-10-11,13,5,desserts,8 steamed puddings,120.0,lemon meringue pie,120.0,hidden surprise mousse dessert,270.0,2.0,I made a lemon meringue pie,2017-09-14,1853 days
chocolate soufflé,82.92683,2015-09-30,6,9,chocolate,chocolate tart,150.0,chocolate soufflé,75.0,chocolate centrepieces,240.0,,White chocolate soufflés,2017-09-15,-716 days
pizza margherita,87.5,2017-10-10,8,7,italian,18 cannolis,150.0,pizza margherita,90.0,24 sfogliatelles,270.0,2.0,Pizza Margherita,2017-09-17,23 days
apricot couronne,78.947365,2013-09-24,4,6,sweet dough,yeasted tea loaf,180.0,apricot couronne,165.0,24 european sweet buns,270.0,,Made Apricot Couronne!,2017-09-17,-1454 days
scones,76.92308,2010-08-24,1,2,biscuit,personality biscuits,120.0,scones,60.0,"meringue, choux, and macaron petits fours",240.0,1.0,Scones!,2017-09-26,-2590 days
 chocolate teacakes,73.17073,2012-10-02,3,8,biscuit,48 crackers,120.0, chocolate teacakes,120.0,gingerbread structure,240.0,2.0,Chocolate truffle cake,2017-09-26,-1820 days
 miniature pineapple upside-down cakes,71.23288,2020-09-22,11,1,cake,battenberg cake,120.0, miniature pineapple upside-down cakes,90.0,celebrity hero cake bust,240.0,2.0,I Made a Pineapple Upside-Down Cake,2017-10-03,1085 days
lemon meringue pie,73.17073,2022-10-11,13,5,desserts,8 steamed puddings,120.0,lemon meringue pie,120.0,hidden surprise mousse dessert,270.0,2.0,Lemon meringue tartlets,2017-10-15,1822 days
red velvet cake,72.22222,2022-09-13,13,1,cake,12 mini sandwich cakes,120.0,red velvet cake,120.0,3d cake home,240.0,2.0,Red Velvet Cheesecake,2017-10-18,1791 days
 miniature pineapple upside-down cakes,74.28571,2020-09-22,11,1,cake,battenberg cake,120.0, miniature pineapple upside-down cakes,90.0,celebrity hero cake bust,240.0,2.0,Mini Pineapple Upside Down Cakes,2017-10-18,1070 days
charlotte royale,87.5,2013-10-15,4,9,french week,36 canapés,150.0,charlotte royale,150.0,opera cake,150.0,2.0,Charlotte Royale,2017-10-20,-1466 days
 chocolate teacakes,71.42857,2012-10-02,3,8,biscuit,48 crackers,120.0, chocolate teacakes,120.0,gingerbread structure,240.0,2.0,Ultimate chocolate cake,2017-10-25,-1849 days
 miniature pineapple upside-down cakes,74.07407,2020-09-22,11,1,cake,battenberg cake,120.0, miniature pineapple upside-down cakes,90.0,celebrity hero cake bust,240.0,2.0,Favorite pineapple upside-down cake recipe?,2017-10-25,1063 days
 baguettes,75.0,2015-08-19,6,3,bread,2 quick breads,90.0, baguettes,150.0,3d bread sculpture,300.0,,Mini Baguettes,2017-11-04,-808 days
 chocolate teacakes,71.79487,2012-10-02,3,8,biscuit,48 crackers,120.0, chocolate teacakes,120.0,gingerbread structure,240.0,2.0,Chocolate lava cake?,2017-11-07,-1862 days
tiramisu cake,80.0,2014-08-27,5,4,dessert,8 self-saucing puddings,120.0,tiramisu cake,150.0,baked alaska,270.0,,Tiramisu cupcakes,2017-11-14,-1175 days
 chocolate teacakes,71.111115,2012-10-02,3,8,biscuit,48 crackers,120.0, chocolate teacakes,120.0,gingerbread structure,240.0,2.0,Mini Chocolate Cheesecakes,2017-11-23,-1878 days
lemon meringue pie,75.675674,2022-10-11,13,5,desserts,8 steamed puddings,120.0,lemon meringue pie,120.0,hidden surprise mousse dessert,270.0,2.0,Lemon Meringue Cake,2017-11-26,1780 days
 egg custard tarts,75.675674,2013-09-10,4,4,pies and tarts,double crust fruit pie,120.0, egg custard tarts,120.0,filo pie,240.0,,Egg Custard Tarts |,2017-11-28,-1540 days
crème caramel,80.0,2012-09-04,3,4,desserts,wheat-free torte cake,180.0,crème caramel,165.0,4 layered meringue dessert,,,Creme carmel,2017-12-02,-1915 days
 arlettes,77.77778,2015-08-12,6,2,biscuit,24 biscotti,120.0, arlettes,150.0,36 biscuits and an edible biscuit box,240.0,,Arlettes!,2017-12-03,-844 days
 chocolate teacakes,73.17073,2012-10-02,3,8,biscuit,48 crackers,120.0, chocolate teacakes,120.0,gingerbread structure,240.0,2.0,Hot Chocolate Cupcakes,2017-12-07,-1892 days
 chocolate teacakes,71.79487,2012-10-02,3,8,biscuit,48 crackers,120.0, chocolate teacakes,120.0,gingerbread structure,240.0,2.0,Chocolate bundt cake,2017-12-08,-1893 days
 miniature pineapple upside-down cakes,71.875,2020-09-22,11,1,cake,battenberg cake,120.0, miniature pineapple upside-down cakes,90.0,celebrity hero cake bust,240.0,2.0,Pineapple Upside-down Cake,2017-12-16,1011 days
chocolate babka,86.666664,2020-10-13,11,4,chocolate,18 chocolate brownies,90.0,chocolate babka,150.0,white chocolate celebration cake,240.0,2.0,Chocolate Babka,2017-12-22,1026 days
gâteau saint honoré,75.0,2019-10-22,10,9,pâtisserie,8 domed tarts,150.0,gâteau saint honoré,210.0,sugar glass display case,270.0,3.0,I made a saint honoré,2017-12-23,668 days
 chocolate teacakes,71.111115,2012-10-02,3,8,biscuit,48 crackers,120.0, chocolate teacakes,120.0,gingerbread structure,240.0,2.0,A chocolate coffee cake :),2018-01-01,-1917 days
lemon meringue pie,78.26087,2022-10-11,13,5,desserts,8 steamed puddings,120.0,lemon meringue pie,120.0,hidden surprise mousse dessert,270.0,2.0,Chocolate-lemon meringue pie,2018-01-01,1744 days
lemon meringue pie,73.17073,2022-10-11,13,5,desserts,8 steamed puddings,120.0,lemon meringue pie,120.0,hidden surprise mousse dessert,270.0,2.0,Lemon/Yuzu Meringue Pie,2018-01-02,1743 days
chocolate babka,75.86207,2020-10-13,11,4,chocolate,18 chocolate brownies,90.0,chocolate babka,150.0,white chocolate celebration cake,240.0,2.0,Chocolate Cake,2018-01-10,1007 days
chocolate roulade,72.22222,2011-09-20,2,6,desserts,baked cheesecake,150.0,chocolate roulade,105.0,croquembouche,300.0,,Chocolate Oreo Cake,2018-01-14,-2308 days
 chocolate teacakes,76.92308,2012-10-02,3,8,biscuit,48 crackers,120.0, chocolate teacakes,120.0,gingerbread structure,240.0,2.0,Chocolate lava cakes,2018-01-15,-1931 days
mini pear pies,70.96774,2014-09-03,5,5,pies and tarts,custard tart,150.0,mini pear pies,120.0,three-tiered pie,270.0,,Mini cherry pies.,2018-01-16,-1231 days
mini pear pies,92.85714,2014-09-03,5,5,pies and tarts,custard tart,150.0,mini pear pies,120.0,three-tiered pie,270.0,,Mini pear pies,2018-01-16,-1231 days
 english muffins,73.17073,2013-08-27,4,2,bread,36 breadsticks,120.0, english muffins,165.0,decorative loaf,240.0,,Homemade English muffins!,2018-01-20,-1607 days
 chocolate teacakes,72.72727,2012-10-02,3,8,biscuit,48 crackers,120.0, chocolate teacakes,120.0,gingerbread structure,240.0,2.0,Chocolate overload cakes!,2018-01-23,-1939 days
lemon meringue pie,70.27027,2022-10-11,13,5,desserts,8 steamed puddings,120.0,lemon meringue pie,120.0,hidden surprise mousse dessert,270.0,2.0,Lemon Meringue Tart,2018-01-24,1721 days
 miniature pineapple upside-down cakes,73.417725,2020-09-22,11,1,cake,battenberg cake,120.0, miniature pineapple upside-down cakes,90.0,celebrity hero cake bust,240.0,2.0,My very first pineapple upside down cake!,2018-01-24,972 days
 chocolate teacakes,73.68421,2012-10-02,3,8,biscuit,48 crackers,120.0, chocolate teacakes,120.0,gingerbread structure,240.0,2.0,Chocolate lava cake,2018-01-26,-1942 days
cornish pasties,86.666664,2010-09-14,1,5,pastry,savoury pie,150.0,cornish pasties,90.0,savory canapés and sweet tartlets,300.0,,Cornish Pasties,2018-01-30,-2695 days
lemon meringue pie,75.0,2022-10-11,13,5,desserts,8 steamed puddings,120.0,lemon meringue pie,120.0,hidden surprise mousse dessert,270.0,2.0,Lemon Meringue,2018-02-02,1712 days
 white chocolate and blackberry cheesecakes,75.32468,2023-10-18,14,4,chocolate,chocolate torte,, white chocolate and blackberry cheesecakes,,edible chocolate box cake,,2.0,White chocolate and red berry cake,2018-02-02,2084 days
angel food cake,75.86207,2013-08-20,4,1,cake,sandwich cake,120.0,angel food cake,150.0,chocolate cake,240.0,,Junk food cake,2018-02-02,-1627 days
lemon meringue pie,83.72093,2022-10-11,13,5,desserts,8 steamed puddings,120.0,lemon meringue pie,120.0,hidden surprise mousse dessert,270.0,2.0,I made lemon meringue pie,2018-02-05,1709 days
 chocolate teacakes,75.0,2012-10-02,3,8,biscuit,48 crackers,120.0, chocolate teacakes,120.0,gingerbread structure,240.0,2.0,Tiered chocolate cake,2018-02-10,-1957 days
lemon meringue pie,82.92683,2022-10-11,13,5,desserts,8 steamed puddings,120.0,lemon meringue pie,120.0,hidden surprise mousse dessert,270.0,2.0,Clementine meringue pie,2018-02-12,1702 days
 chocolate teacakes,73.17073,2012-10-02,3,8,biscuit,48 crackers,120.0, chocolate teacakes,120.0,gingerbread structure,240.0,2.0,Rainbow chocolate cake,2018-02-14,-1961 days
 chocolate teacakes,70.27027,2012-10-02,3,8,biscuit,48 crackers,120.0, chocolate teacakes,120.0,gingerbread structure,240.0,2.0,Chocolate macarons,2018-02-17,-1964 days
tart aux pommes,87.5,2023-11-21,14,9,patisserie,24 financiers,120.0,tart aux pommes,150.0,millefoglie,240.0,2.0,Tarte aux pommes.,2018-02-17,2103 days
 chocolate teacakes,70.27027,2012-10-02,3,8,biscuit,48 crackers,120.0, chocolate teacakes,120.0,gingerbread structure,240.0,2.0,Chocolate Macarons,2018-02-19,-1966 days
 jam doughnuts,72.72727,2012-09-25,3,7,sweet dough,24 sweet buns,180.0, jam doughnuts,150.0,celebratory loaf,,,Thin mint doughnuts,2018-02-25,-1979 days
 white chocolate and blackberry cheesecakes,74.666664,2023-10-18,14,4,chocolate,chocolate torte,, white chocolate and blackberry cheesecakes,,edible chocolate box cake,,2.0,White chocolate & blueberry cake,2018-03-02,2056 days
cherry cake,81.818184,2014-08-06,5,1,cake,swiss roll,150.0,cherry cake,120.0,36 classic miniature british cakes,210.0,,Cherry Cake,2018-03-02,-1304 days
 white chocolate and blackberry cheesecakes,73.417725,2023-10-18,14,4,chocolate,chocolate torte,, white chocolate and blackberry cheesecakes,,edible chocolate box cake,,2.0,White Chocolate and Oreo Cheesecake.,2018-03-04,2054 days
 miniature pineapple upside-down cakes,79.45206,2020-09-22,11,1,cake,battenberg cake,120.0, miniature pineapple upside-down cakes,90.0,celebrity hero cake bust,240.0,2.0,My first Pineapple upside-down cake,2018-03-06,931 days
 hand-shaped coconut macaroons,73.84615,2020-09-29,11,2,biscuit,36 chocolate florentines,120.0, hand-shaped coconut macaroons,105.0,3d biscuit table setting,240.0,1.0,Chocolate dipped coconut macaroons!,2018-03-10,934 days
red velvet cake,73.68421,2022-09-13,13,1,cake,12 mini sandwich cakes,120.0,red velvet cake,120.0,3d cake home,240.0,2.0,Red velvet cake recipe?,2018-03-11,1647 days
 pastéis de nata,73.68421,2017-10-03,8,6,pastry,4 shortcrust savoury pies,150.0, pastéis de nata,120.0,family-sized hand-raised pie,240.0,2.0,I made Pastéis de Nata,2018-03-21,-169 days
 chocolate teacakes,70.833336,2012-10-02,3,8,biscuit,48 crackers,120.0, chocolate teacakes,120.0,gingerbread structure,240.0,2.0,Andes chocolate mint cupcakes,2018-03-26,-2001 days
chocolate soufflé,88.888885,2015-09-30,6,9,chocolate,chocolate tart,150.0,chocolate soufflé,75.0,chocolate centrepieces,240.0,,Chocolate soufflés!,2018-03-27,-909 days
chocolate soufflé,88.888885,2015-09-30,6,9,chocolate,chocolate tart,150.0,chocolate soufflé,75.0,chocolate centrepieces,240.0,,Chocolate soufflés!,2018-03-31,-913 days
frasier cake,78.26087,2012-10-09,3,9,pâtisserie,3 types of petits fours,,frasier cake,150.0,choux pastry gâteau,,,Easter cake,2018-04-01,-2000 days
tiramisu cake,75.0,2014-08-27,5,4,dessert,8 self-saucing puddings,120.0,tiramisu cake,150.0,baked alaska,270.0,,Tiramisu Cheesecake,2018-04-01,-1313 days
chocolate roulade,75.0,2011-09-20,2,6,desserts,baked cheesecake,150.0,chocolate roulade,105.0,croquembouche,300.0,,Chocolate fudge,2018-04-03,-2387 days
 white chocolate and blackberry cheesecakes,70.588234,2023-10-18,14,4,chocolate,chocolate torte,, white chocolate and blackberry cheesecakes,,edible chocolate box cake,,2.0,Chocolate blackberry cake,2018-04-08,2019 days
 miniature pineapple upside-down cakes,72.72727,2020-09-22,11,1,cake,battenberg cake,120.0, miniature pineapple upside-down cakes,90.0,celebrity hero cake bust,240.0,2.0,First try at Pineapple upside down cake,2018-04-08,898 days
sachertorte,72.72727,2011-10-04,2,8,final,12 mille-feuille,150.0,sachertorte,160.0,3 types of petits fours,240.0,,Peach torte,2018-04-18,-2388 days
matcha crepe cake,91.42857,2020-10-27,11,6,japanese,8 steamed buns,150.0,matcha crepe cake,120.0,kawaii cake,240.0,,Matcha crepe cake!,2018-04-22,919 days
chocolate soufflé,73.17073,2015-09-30,6,9,chocolate,chocolate tart,150.0,chocolate soufflé,75.0,chocolate centrepieces,240.0,,First Chocolate Soufflé!,2018-04-22,-935 days
red velvet cake,77.41936,2022-09-13,13,1,cake,12 mini sandwich cakes,120.0,red velvet cake,120.0,3d cake home,240.0,2.0,Red Velvet Cake!,2018-04-24,1603 days
 viennese whirls,83.870964,2016-08-31,7,2,biscuit,24 iced biscuits,150.0, viennese whirls,90.0,gingerbread 3d scene,240.0,2.0,Viennese Whirls,2018-04-25,-602 days
 chocolate teacakes,71.79487,2012-10-02,3,8,biscuit,48 crackers,120.0, chocolate teacakes,120.0,gingerbread structure,240.0,2.0,Chocolate cake ideas,2018-04-29,-2035 days
chocolate roulade,75.0,2011-09-20,2,6,desserts,baked cheesecake,150.0,chocolate roulade,105.0,croquembouche,300.0,,Chocolate Bread,2018-05-03,-2417 days
 miniature pineapple upside-down cakes,70.88608,2020-09-22,11,1,cake,battenberg cake,120.0, miniature pineapple upside-down cakes,90.0,celebrity hero cake bust,240.0,2.0,first pineapple upside down cake attempt.,2018-05-05,871 days
 ciabattas,72.0,2014-08-20,5,3,bread,12 rye bread rolls,210.0, ciabattas,180.0,filled centrepiece loaf,240.0,2.0,Olive ciabatta!,2018-05-05,-1354 days
lemon meringue pie,72.0,2022-10-11,13,5,desserts,8 steamed puddings,120.0,lemon meringue pie,120.0,hidden surprise mousse dessert,270.0,2.0,Made an lemon curd meringue pie😍,2018-05-09,1616 days
 white chocolate and blackberry cheesecakes,73.809525,2023-10-18,14,4,chocolate,chocolate torte,, white chocolate and blackberry cheesecakes,,edible chocolate box cake,,2.0,White chocolate and raspberry layer cake!,2018-05-10,1987 days
focaccia,82.35294,2011-08-30,2,3,bread,free form loaf,195.0,focaccia,210.0,12 sweet and 12 savoury rolls,300.0,,Focaccia!,2018-05-11,-2446 days
 miniature pineapple upside-down cakes,70.588234,2020-09-22,11,1,cake,battenberg cake,120.0, miniature pineapple upside-down cakes,90.0,celebrity hero cake bust,240.0,2.0,My first time making pineapple upside down cake,2018-05-18,858 days
chocolate babka,75.86207,2020-10-13,11,4,chocolate,18 chocolate brownies,90.0,chocolate babka,150.0,white chocolate celebration cake,240.0,2.0,Chocolate Cake,2018-05-23,874 days
 chocolate teacakes,71.79487,2012-10-02,3,8,biscuit,48 crackers,120.0, chocolate teacakes,120.0,gingerbread structure,240.0,2.0,Chocolate spike cake,2018-05-25,-2061 days
chocolate roulade,72.72727,2011-09-20,2,6,desserts,baked cheesecake,150.0,chocolate roulade,105.0,croquembouche,300.0,,Chocolate Meringue Roulade!,2018-05-26,-2440 days
 chocolate teacakes,71.42857,2012-10-02,3,8,biscuit,48 crackers,120.0, chocolate teacakes,120.0,gingerbread structure,240.0,2.0,Costco chocolate cake??,2018-06-02,-2069 days
 chocolate teacakes,73.17073,2012-10-02,3,8,biscuit,48 crackers,120.0, chocolate teacakes,120.0,gingerbread structure,240.0,2.0,Coffee chocolate cake?,2018-06-04,-2071 days
lemon meringue pie,79.06977,2022-10-11,13,5,desserts,8 steamed puddings,120.0,lemon meringue pie,120.0,hidden surprise mousse dessert,270.0,2.0,Lemon meringue shame pie.,2018-06-07,1587 days
angel food cake,82.35294,2013-08-20,4,1,cake,sandwich cake,120.0,angel food cake,150.0,chocolate cake,240.0,,Angel food cupcakes,2018-06-07,-1752 days
matcha crepe cake,80.0,2020-10-27,11,6,japanese,8 steamed buns,150.0,matcha crepe cake,120.0,kawaii cake,240.0,,Matcha Crepe Cake!,2018-06-09,871 days
chocolate roulade,72.34042,2011-09-20,2,6,desserts,baked cheesecake,150.0,chocolate roulade,105.0,croquembouche,300.0,,I made this chocolate roulade!,2018-06-11,-2456 days
red velvet cake,70.588234,2022-09-13,13,1,cake,12 mini sandwich cakes,120.0,red velvet cake,120.0,3d cake home,240.0,2.0,Red Velvet Cake 🍰❤️,2018-06-11,1555 days
tarte au citron,81.08108,2011-08-23,2,2,tarts,quiche,120.0,tarte au citron,90.0,24 miniature sweet tarts,,,I made tarte au citron,2018-06-17,-2490 days
matcha crepe cake,91.42857,2020-10-27,11,6,japanese,8 steamed buns,150.0,matcha crepe cake,120.0,kawaii cake,240.0,,Matcha crepe cake!,2018-06-22,858 days
matcha crepe cake,91.42857,2020-10-27,11,6,japanese,8 steamed buns,150.0,matcha crepe cake,120.0,kawaii cake,240.0,,Matcha crepe cake!,2018-06-22,858 days
matcha crepe cake,91.42857,2020-10-27,11,6,japanese,8 steamed buns,150.0,matcha crepe cake,120.0,kawaii cake,240.0,,Matcha crepe cake!,2018-06-22,858 days
matcha crepe cake,91.42857,2020-10-27,11,6,japanese,8 steamed buns,150.0,matcha crepe cake,120.0,kawaii cake,240.0,,Matcha crepe cake!,2018-06-22,858 days
coffee and walnut battenberg,72.0,2011-08-16,2,1,cake,24 cupcakes,120.0,coffee and walnut battenberg,120.0,chocolate tiered cake,300.0,,Coffee and Walnut cake,2018-06-25,-2505 days
chocolate babka,75.0,2020-10-13,11,4,chocolate,18 chocolate brownies,90.0,chocolate babka,150.0,white chocolate celebration cake,240.0,2.0,My first chocolate babka!,2018-07-06,830 days
 chocolate teacakes,73.91304,2012-10-02,3,8,biscuit,48 crackers,120.0, chocolate teacakes,120.0,gingerbread structure,240.0,2.0,My chocolatey birthday cake,2018-07-09,-2106 days
 pastéis de nata,81.25,2017-10-03,8,6,pastry,4 shortcrust savoury pies,150.0, pastéis de nata,120.0,family-sized hand-raised pie,240.0,2.0,Pasteis de nata!,2018-07-21,-291 days
 chocolate teacakes,71.42857,2012-10-02,3,8,biscuit,48 crackers,120.0, chocolate teacakes,120.0,gingerbread structure,240.0,2.0,Mint chocolate macarons,2018-07-22,-2119 days
 chocolate teacakes,75.55556,2012-10-02,3,8,biscuit,48 crackers,120.0, chocolate teacakes,120.0,gingerbread structure,240.0,2.0,Four chocolate kitkat cake,2018-07-28,-2125 days
 pastéis de nata,77.41936,2017-10-03,8,6,pastry,4 shortcrust savoury pies,150.0, pastéis de nata,120.0,family-sized hand-raised pie,240.0,2.0,Pasteis de Nata,2018-07-30,-300 days
 chocolate teacakes,75.0,2012-10-02,3,8,biscuit,48 crackers,120.0, chocolate teacakes,120.0,gingerbread structure,240.0,2.0,My chocolate frosted cupcakes,2018-07-31,-2128 days
chocolate soufflé,72.72727,2015-09-30,6,9,chocolate,chocolate tart,150.0,chocolate soufflé,75.0,chocolate centrepieces,240.0,,My first chocolate souffle!,2018-08-02,-1037 days
 hand-shaped coconut macaroons,73.23943,2020-09-29,11,2,biscuit,36 chocolate florentines,120.0, hand-shaped coconut macaroons,105.0,3d biscuit table setting,240.0,1.0,I made chocolate dipped coconut macaroons,2018-08-04,787 days
 chocolate teacakes,76.92308,2012-10-02,3,8,biscuit,48 crackers,120.0, chocolate teacakes,120.0,gingerbread structure,240.0,2.0,Super chocolate cake,2018-08-05,-2133 days
red velvet cake,71.79487,2022-09-13,13,1,cake,12 mini sandwich cakes,120.0,red velvet cake,120.0,3d cake home,240.0,2.0,Red velvet cupcake tower,2018-08-05,1500 days
treacle tart,74.07407,2012-08-28,3,3,tarts,tarte tatin,150.0,treacle tart,120.0,designer fruit tart,180.0,,Creamsicle Tart,2018-08-05,-2168 days
cherry cake,72.0,2014-08-06,5,1,cake,swiss roll,150.0,cherry cake,120.0,36 classic miniature british cakes,210.0,,Raspberry cake,2018-08-08,-1463 days
lemon meringue pie,75.675674,2022-10-11,13,5,desserts,8 steamed puddings,120.0,lemon meringue pie,120.0,hidden surprise mousse dessert,270.0,2.0,Lemon Meringue Cake,2018-08-08,1525 days
red velvet cake,82.35294,2022-09-13,13,1,cake,12 mini sandwich cakes,120.0,red velvet cake,120.0,3d cake home,240.0,2.0,Red velvet cupcakes,2018-08-15,1490 days
cherry cake,75.86207,2014-08-06,5,1,cake,swiss roll,150.0,cherry cake,120.0,36 classic miniature british cakes,210.0,,cherry chip cake 🍒,2018-08-18,-1473 days
lemon meringue pie,73.68421,2022-10-11,13,5,desserts,8 steamed puddings,120.0,lemon meringue pie,120.0,hidden surprise mousse dessert,270.0,2.0,First lemon meringue,2018-08-18,1515 days
red velvet cake,75.0,2022-09-13,13,1,cake,12 mini sandwich cakes,120.0,red velvet cake,120.0,3d cake home,240.0,2.0,Green Velvet Cake,2018-08-21,1484 days
chocolate babka,75.86207,2020-10-13,11,4,chocolate,18 chocolate brownies,90.0,chocolate babka,150.0,white chocolate celebration cake,240.0,2.0,Chocolate Cake,2018-08-22,783 days
angel food cake,74.07407,2013-08-20,4,1,cake,sandwich cake,120.0,angel food cake,150.0,chocolate cake,240.0,,seafood cake,2018-08-31,-1837 days
matcha crepe cake,71.79487,2020-10-27,11,6,japanese,8 steamed buns,150.0,matcha crepe cake,120.0,kawaii cake,240.0,,Made matcha cheesecake,2018-09-12,776 days
chocolate babka,73.68421,2020-10-13,11,4,chocolate,18 chocolate brownies,90.0,chocolate babka,150.0,white chocolate celebration cake,240.0,2.0,Brioche Chocolate Babka,2018-09-14,760 days
lemon meringue pie,70.588234,2022-10-11,13,5,desserts,8 steamed puddings,120.0,lemon meringue pie,120.0,hidden surprise mousse dessert,270.0,2.0,Almond Meringues,2018-09-15,1487 days
chocolate babka,81.08108,2020-10-13,11,4,chocolate,18 chocolate brownies,90.0,chocolate babka,150.0,white chocolate celebration cake,240.0,2.0,Orange chocolate babka,2018-09-15,759 days
chocolate babka,70.27027,2020-10-13,11,4,chocolate,18 chocolate brownies,90.0,chocolate babka,150.0,white chocolate celebration cake,240.0,2.0,Chocolate banana bread,2018-09-15,759 days
 chocolate teacakes,78.78788,2012-10-02,3,8,biscuit,48 crackers,120.0, chocolate teacakes,120.0,gingerbread structure,240.0,2.0,Chocolate cake,2018-09-23,-2182 days
 chocolate teacakes,73.17073,2012-10-02,3,8,biscuit,48 crackers,120.0, chocolate teacakes,120.0,gingerbread structure,240.0,2.0,Hot chocolate cookies!,2018-09-24,-2183 days
red velvet cake,73.17073,2022-09-13,13,1,cake,12 mini sandwich cakes,120.0,red velvet cake,120.0,3d cake home,240.0,2.0,Homemade red velvet cake 🌷,2018-09-26,1448 days
lemon meringue pie,76.92308,2022-10-11,13,5,desserts,8 steamed puddings,120.0,lemon meringue pie,120.0,hidden surprise mousse dessert,270.0,2.0,Apple meringue pie :),2018-09-28,1474 days
lemon meringue pie,91.89189,2022-10-11,13,5,desserts,8 steamed puddings,120.0,lemon meringue pie,120.0,hidden surprise mousse dessert,270.0,2.0,Lemon meringue pies,2018-09-28,1474 days
 white chocolate and blackberry cheesecakes,71.23288,2023-10-18,14,4,chocolate,chocolate torte,, white chocolate and blackberry cheesecakes,,edible chocolate box cake,,2.0,Homemade blackberry cheesecake,2018-09-29,1845 days
angel food cake,76.92308,2013-08-20,4,1,cake,sandwich cake,120.0,angel food cake,150.0,chocolate cake,240.0,,My first angel food cake,2018-10-01,-1868 days
 white chocolate and blackberry cheesecakes,75.0,2023-10-18,14,4,chocolate,chocolate torte,, white chocolate and blackberry cheesecakes,,edible chocolate box cake,,2.0,White Chocolate Strawberry Cheesecake,2018-10-01,1843 days
 white chocolate and blackberry cheesecakes,77.55102,2023-10-18,14,4,chocolate,chocolate torte,, white chocolate and blackberry cheesecakes,,edible chocolate box cake,,2.0,1st attempt at white chocolate and raspberry cheesecake,2018-10-02,1842 days
lemon meringue pie,87.17949,2022-10-11,13,5,desserts,8 steamed puddings,120.0,lemon meringue pie,120.0,hidden surprise mousse dessert,270.0,2.0,Lemon meringue pies 💛,2018-10-04,1468 days
 fortune cookies,70.588234,2017-09-05,8,2,biscuit,24 sandwich biscuits,135.0, fortune cookies,120.0,biscuit board games,210.0,2.0,Gravestone cookies,2018-10-05,-395 days
red velvet cake,73.68421,2022-09-13,13,1,cake,12 mini sandwich cakes,120.0,red velvet cake,120.0,3d cake home,240.0,2.0,Red velvet cake recipe?,2018-10-07,1437 days
 white chocolate and blackberry cheesecakes,71.23288,2023-10-18,14,4,chocolate,chocolate torte,, white chocolate and blackberry cheesecakes,,edible chocolate box cake,,2.0,White chocolate raspberry cake,2018-10-09,1835 days
chocolate soufflé,70.588234,2015-09-30,6,9,chocolate,chocolate tart,150.0,chocolate soufflé,75.0,chocolate centrepieces,240.0,,Chocolate Muffins,2018-10-10,-1106 days
 miniature pineapple upside-down cakes,71.42857,2020-09-22,11,1,cake,battenberg cake,120.0, miniature pineapple upside-down cakes,90.0,celebrity hero cake bust,240.0,2.0,Fresh Pineapple Upside Down cake,2018-10-13,710 days
 chocolate teacakes,72.34042,2012-10-02,3,8,biscuit,48 crackers,120.0, chocolate teacakes,120.0,gingerbread structure,240.0,2.0,chocolate butterfly cupcakes,2018-10-15,-2204 days
lemon meringue pie,91.89189,2022-10-11,13,5,desserts,8 steamed puddings,120.0,lemon meringue pie,120.0,hidden surprise mousse dessert,270.0,2.0,Lemon meringue pie.,2018-10-20,1452 days
lemon meringue pie,81.08108,2022-10-11,13,5,desserts,8 steamed puddings,120.0,lemon meringue pie,120.0,hidden surprise mousse dessert,270.0,2.0,Lemon Meringue Pie!,2018-10-23,1449 days
 chocolate teacakes,71.42857,2012-10-02,3,8,biscuit,48 crackers,120.0, chocolate teacakes,120.0,gingerbread structure,240.0,2.0,Chocolate birthday cake,2018-10-24,-2213 days
 white chocolate and blackberry cheesecakes,75.0,2023-10-18,14,4,chocolate,chocolate torte,, white chocolate and blackberry cheesecakes,,edible chocolate box cake,,2.0,White Chocolate Strawberry Cheesecake,2018-11-03,1810 days
 miniature pineapple upside-down cakes,75.675674,2020-09-22,11,1,cake,battenberg cake,120.0, miniature pineapple upside-down cakes,90.0,celebrity hero cake bust,240.0,2.0,Bundt pan pineapple upside down cake,2018-11-04,688 days
 baguettes,72.0,2015-08-19,6,3,bread,2 quick breads,90.0, baguettes,150.0,3d bread sculpture,300.0,,Mini Baguettes!,2018-11-05,-1174 days
 english muffins,75.675674,2013-08-27,4,2,bread,36 breadsticks,120.0, english muffins,165.0,decorative loaf,240.0,,English muffins. Yes.,2018-11-07,-1898 days
 english muffins,75.675674,2013-08-27,4,2,bread,36 breadsticks,120.0, english muffins,165.0,decorative loaf,240.0,,English muffins. Yes.,2018-11-07,-1898 days
chocolate roulade,74.28571,2011-09-20,2,6,desserts,baked cheesecake,150.0,chocolate roulade,105.0,croquembouche,300.0,,Chocolate Moulding,2018-11-08,-2606 days
 chocolate teacakes,70.833336,2012-10-02,3,8,biscuit,48 crackers,120.0, chocolate teacakes,120.0,gingerbread structure,240.0,2.0,Super chocolate birthday cake,2018-11-13,-2233 days
lemon meringue pie,73.68421,2022-10-11,13,5,desserts,8 steamed puddings,120.0,lemon meringue pie,120.0,hidden surprise mousse dessert,270.0,2.0,Lemon meringue tarts,2018-11-14,1427 days
chocolate babka,70.27027,2020-10-13,11,4,chocolate,18 chocolate brownies,90.0,chocolate babka,150.0,white chocolate celebration cake,240.0,2.0,Chocolate banana bread,2018-11-15,698 days
 fortune cookies,70.588234,2017-09-05,8,2,biscuit,24 sandwich biscuits,135.0, fortune cookies,120.0,biscuit board games,210.0,2.0,3d fashion cookies,2018-11-16,-437 days
chocolate roulade,88.23529,2011-09-20,2,6,desserts,baked cheesecake,150.0,chocolate roulade,105.0,croquembouche,300.0,,Chocolate Roulade,2018-11-21,-2619 days
 chocolate teacakes,71.79487,2012-10-02,3,8,biscuit,48 crackers,120.0, chocolate teacakes,120.0,gingerbread structure,240.0,2.0,Chocolate cheesecake,2018-11-22,-2242 days
tarte au citron,75.0,2011-08-23,2,2,tarts,quiche,120.0,tarte au citron,90.0,24 miniature sweet tarts,,,I baked a tarte au citron,2018-11-28,-2654 days
lemon meringue pie,71.111115,2022-10-11,13,5,desserts,8 steamed puddings,120.0,lemon meringue pie,120.0,hidden surprise mousse dessert,270.0,2.0,Made a lemon meringue cake!,2018-11-30,1411 days
 ginger biscuits,80.0,2017-10-31,8,10,final,12 small loaves,180.0, ginger biscuits,150.0,large entremet,300.0,2.0,Gingernut biscuits!,2018-12-01,-396 days
lemon meringue pie,91.89189,2022-10-11,13,5,desserts,8 steamed puddings,120.0,lemon meringue pie,120.0,hidden surprise mousse dessert,270.0,2.0,Lemon meringue pie🍋,2018-12-02,1409 days
red velvet cake,80.0,2022-09-13,13,1,cake,12 mini sandwich cakes,120.0,red velvet cake,120.0,3d cake home,240.0,2.0,Red velvet poundcake,2018-12-02,1381 days
red velvet cake,80.0,2022-09-13,13,1,cake,12 mini sandwich cakes,120.0,red velvet cake,120.0,3d cake home,240.0,2.0,Red velvet poundcake,2018-12-02,1381 days
lemon meringue pie,76.59574,2022-10-11,13,5,desserts,8 steamed puddings,120.0,lemon meringue pie,120.0,hidden surprise mousse dessert,270.0,2.0,First time lemon meringue pie,2018-12-06,1405 days
 white chocolate and blackberry cheesecakes,72.72727,2023-10-18,14,4,chocolate,chocolate torte,, white chocolate and blackberry cheesecakes,,edible chocolate box cake,,2.0,Triple chocolate layer cheesecake.,2018-12-10,1773 days
coffee and walnut battenberg,81.96722,2011-08-16,2,1,cake,24 cupcakes,120.0,coffee and walnut battenberg,120.0,chocolate tiered cake,300.0,,Coffee and Walnut Battenberg Cake,2018-12-11,-2674 days
 florentines,83.333336,2014-08-13,5,2,biscuit,36 savoury biscuits,120.0, florentines,105.0,3d biscuit scene,240.0,,Florentines!,2018-12-21,-1591 days
tarte au citron,93.333336,2011-08-23,2,2,tarts,quiche,120.0,tarte au citron,90.0,24 miniature sweet tarts,,,Tarte au citron,2018-12-24,-2680 days
 white chocolate and blackberry cheesecakes,70.27027,2023-10-18,14,4,chocolate,chocolate torte,, white chocolate and blackberry cheesecakes,,edible chocolate box cake,,2.0,Chocolate raspberry cheesecake.,2018-12-26,1757 days
lemon meringue pie,76.59574,2022-10-11,13,5,desserts,8 steamed puddings,120.0,lemon meringue pie,120.0,hidden surprise mousse dessert,270.0,2.0,My first lemon meringue pie!!,2018-12-27,1384 days
apricot couronne,87.5,2013-09-24,4,6,sweet dough,yeasted tea loaf,180.0,apricot couronne,165.0,24 european sweet buns,270.0,,Apricot Couronne,2018-12-31,-1924 days
 fortune cookies,70.588234,2017-09-05,8,2,biscuit,24 sandwich biscuits,135.0, fortune cookies,120.0,biscuit board games,210.0,2.0,Decorating cookies,2018-12-31,-482 days
 chocolate teacakes,71.42857,2012-10-02,3,8,biscuit,48 crackers,120.0, chocolate teacakes,120.0,gingerbread structure,240.0,2.0,I made a chocolate cake,2019-01-05,-2286 days
 tuiles,71.42857,2013-09-17,4,5,biscuits and traybakes,favorite traybake,120.0, tuiles,90.0,biscuit tower,240.0,,turtles,2019-01-06,-1937 days
red velvet cake,73.17073,2022-09-13,13,1,cake,12 mini sandwich cakes,120.0,red velvet cake,120.0,3d cake home,240.0,2.0,[Homemade] red velvet cake,2019-01-06,1346 days
red velvet cake,71.79487,2022-09-13,13,1,cake,12 mini sandwich cakes,120.0,red velvet cake,120.0,3d cake home,240.0,2.0,Is red velvet chocolate?,2019-01-08,1344 days
lemon meringue pie,75.0,2022-10-11,13,5,desserts,8 steamed puddings,120.0,lemon meringue pie,120.0,hidden surprise mousse dessert,270.0,2.0,Lemon meringue eclairs,2019-01-09,1371 days
mille-feuille,92.30769,2015-10-07,6,10,final,16 iced buns,180.0,mille-feuille,120.0,classic british cake,240.0,2.0,Mille-feuille,2019-01-09,-1190 days
 miniature pineapple upside-down cakes,80.0,2020-09-22,11,1,cake,battenberg cake,120.0, miniature pineapple upside-down cakes,90.0,celebrity hero cake bust,240.0,2.0,Fresh pineapple upside down cake,2019-01-17,614 days
 ginger biscuits,72.72727,2017-10-31,8,10,final,12 small loaves,180.0, ginger biscuits,150.0,large entremet,300.0,2.0,Penguin biscuits!,2019-01-19,-445 days
prinsesstårta,88.888885,2014-09-10,5,6,european cakes,yeast-leavened cake,180.0,prinsesstårta,135.0,dobos torte,300.0,,Prinsesstårta!,2019-01-21,-1594 days
the signature chocolate cake with fresh raspberries,80.76923,2023-09-26,14,1,cake,vertical layer cake,,the signature chocolate cake with fresh raspberries,120.0,3d shaped animal cake,240.0,2.0,Homemade French chocolate cake with fresh raspberries,2019-01-21,1709 days
red velvet cake,93.333336,2022-09-13,13,1,cake,12 mini sandwich cakes,120.0,red velvet cake,120.0,3d cake home,240.0,2.0,Red velvet cake,2019-01-22,1330 days
 white chocolate and blackberry cheesecakes,70.12987,2023-10-18,14,4,chocolate,chocolate torte,, white chocolate and blackberry cheesecakes,,edible chocolate box cake,,2.0,Mango chocolate ganache cheesecake,2019-01-22,1730 days
lemon meringue pie,82.92683,2022-10-11,13,5,desserts,8 steamed puddings,120.0,lemon meringue pie,120.0,hidden surprise mousse dessert,270.0,2.0,Lemon meringue pie help,2019-01-26,1354 days
focaccia,73.68421,2011-08-30,2,3,bread,free form loaf,195.0,focaccia,210.0,12 sweet and 12 savoury rolls,300.0,,Focaccia 🍞🌿,2019-01-27,-2707 days
 herb fougasse,71.79487,2016-09-28,7,6,botanical,citrus meringue pie,120.0, herb fougasse,,three-tier flower cake,,,Leaf shaped herb fougasse,2019-01-27,-851 days
tennis cake,72.72727,2015-09-16,6,7,victorian,raised game pie,180.0,tennis cake,180.0,charlotte russe,330.0,,Latest cake,2019-01-28,-1230 days
 chocolate teacakes,73.91304,2012-10-02,3,8,biscuit,48 crackers,120.0, chocolate teacakes,120.0,gingerbread structure,240.0,2.0,Dark chocolate truffle cake,2019-01-29,-2310 days
tiramisu cake,92.30769,2014-08-27,5,4,dessert,8 self-saucing puddings,120.0,tiramisu cake,150.0,baked alaska,270.0,,Tiramisu cake,2019-02-01,-1619 days
red velvet cake,78.78788,2022-09-13,13,1,cake,12 mini sandwich cakes,120.0,red velvet cake,120.0,3d cake home,240.0,2.0,Red Velvet cake 👌🥰,2019-02-03,1318 days
 white chocolate and blackberry cheesecakes,71.264366,2023-10-18,14,4,chocolate,chocolate torte,, white chocolate and blackberry cheesecakes,,edible chocolate box cake,,2.0,White chocolate and raspberry birthday cake.,2019-02-03,1718 days
tiramisu cake,80.0,2014-08-27,5,4,dessert,8 self-saucing puddings,120.0,tiramisu cake,150.0,baked alaska,270.0,,Tiramisu Cupcakes,2019-02-04,-1622 days
chocolate soufflé,91.42857,2015-09-30,6,9,chocolate,chocolate tart,150.0,chocolate soufflé,75.0,chocolate centrepieces,240.0,,Chocolate soufflé!,2019-02-04,-1223 days
cherry cake,72.72727,2014-08-06,5,1,cake,swiss roll,150.0,cherry cake,120.0,36 classic miniature british cakes,210.0,,Mickey cake,2019-02-05,-1644 days
 miniature pineapple upside-down cakes,70.454544,2020-09-22,11,1,cake,battenberg cake,120.0, miniature pineapple upside-down cakes,90.0,celebrity hero cake bust,240.0,2.0,My favorite way to make pineapple upside down cake,2019-02-06,594 days
tiramisu cake,92.30769,2014-08-27,5,4,dessert,8 self-saucing puddings,120.0,tiramisu cake,150.0,baked alaska,270.0,,Tiramisu cake,2019-02-07,-1625 days
chocolate babka,72.22222,2020-10-13,11,4,chocolate,18 chocolate brownies,90.0,chocolate babka,150.0,white chocolate celebration cake,240.0,2.0,Chocolate Babka Bread,2019-02-10,611 days
chocolate babka,81.08108,2020-10-13,11,4,chocolate,18 chocolate brownies,90.0,chocolate babka,150.0,white chocolate celebration cake,240.0,2.0,First chocolate babka!,2019-02-11,610 days
chocolate babka,72.22222,2020-10-13,11,4,chocolate,18 chocolate brownies,90.0,chocolate babka,150.0,white chocolate celebration cake,240.0,2.0,Chocolate Poppy Babka,2019-02-11,610 days
chocolate babka,75.0,2020-10-13,11,4,chocolate,18 chocolate brownies,90.0,chocolate babka,150.0,white chocolate celebration cake,240.0,2.0,my first chocolate babka!,2019-02-13,608 days
lemon meringue pie,71.79487,2022-10-11,13,5,desserts,8 steamed puddings,120.0,lemon meringue pie,120.0,hidden surprise mousse dessert,270.0,2.0,Lemon meringue tart 🍋,2019-02-13,1336 days
cornish pasties,80.0,2010-09-14,1,5,pastry,savoury pie,150.0,cornish pasties,90.0,savory canapés and sweet tartlets,300.0,,Danish pastries,2019-02-18,-3079 days
red velvet cake,75.675674,2022-09-13,13,1,cake,12 mini sandwich cakes,120.0,red velvet cake,120.0,3d cake home,240.0,2.0,Red velvet zebra cake?,2019-02-20,1301 days
 white chocolate and blackberry cheesecakes,71.052635,2023-10-18,14,4,chocolate,chocolate torte,, white chocolate and blackberry cheesecakes,,edible chocolate box cake,,2.0,Simple chocolate and berries cake,2019-02-22,1699 days
angel food cake,75.0,2013-08-20,4,1,cake,sandwich cake,120.0,angel food cake,150.0,chocolate cake,240.0,,My first angel food cake!,2019-02-23,-2013 days
 sticky toffee puddings,80.0,2021-10-12,12,4,desserts,pavlova,165.0, sticky toffee puddings,90.0,joconde imprime dessert,270.0,2.0,Homemade sticky toffee pudding ❤,2019-02-24,961 days
lemon meringue pie,78.26087,2022-10-11,13,5,desserts,8 steamed puddings,120.0,lemon meringue pie,120.0,hidden surprise mousse dessert,270.0,2.0,My first lemon meringue pie!,2019-02-24,1325 days
chocolate babka,83.870964,2020-10-13,11,4,chocolate,18 chocolate brownies,90.0,chocolate babka,150.0,white chocolate celebration cake,240.0,2.0,Chocolate Babka!,2019-02-25,596 days
chocolate soufflé,75.0,2015-09-30,6,9,chocolate,chocolate tart,150.0,chocolate soufflé,75.0,chocolate centrepieces,240.0,,Basic Chocolate Souffle,2019-02-25,-1244 days
 baguettes,71.42857,2015-08-19,6,3,bread,2 quick breads,90.0, baguettes,150.0,3d bread sculpture,300.0,,Homemade baguettes,2019-02-27,-1288 days
 fortune cookies,70.96774,2017-09-05,8,2,biscuit,24 sandwich biscuits,135.0, fortune cookies,120.0,biscuit board games,210.0,2.0,S'more cookies!,2019-02-28,-541 days
 miniature pineapple upside-down cakes,83.333336,2020-09-22,11,1,cake,battenberg cake,120.0, miniature pineapple upside-down cakes,90.0,celebrity hero cake bust,240.0,2.0,Mini pineapple upside down cakes 🙂,2019-03-01,571 days
coffee and walnut battenberg,70.17544,2011-08-16,2,1,cake,24 cupcakes,120.0,coffee and walnut battenberg,120.0,chocolate tiered cake,300.0,,Coffee and Walnut Financiers!,2019-03-02,-2755 days
lemon and thyme drizzle cake,78.26087,2023-10-31,14,6,botanical,12 individual spiced buns,165.0,lemon and thyme drizzle cake,90.0,floral dessert,240.0,,lemon drizzle cake,2019-03-05,1701 days
tiramisu cake,80.0,2014-08-27,5,4,dessert,8 self-saucing puddings,120.0,tiramisu cake,150.0,baked alaska,270.0,,Tiramisu Cupcakes,2019-03-06,-1652 days
red velvet cake,100.0,2022-09-13,13,1,cake,12 mini sandwich cakes,120.0,red velvet cake,120.0,3d cake home,240.0,2.0,red velvet cake,2019-03-09,1284 days
 sticky toffee puddings,72.72727,2021-10-12,12,4,desserts,pavlova,165.0, sticky toffee puddings,90.0,joconde imprime dessert,270.0,2.0,Sticky Toffee Muffins,2019-03-09,948 days
 miniature pineapple upside-down cakes,71.64179,2020-09-22,11,1,cake,battenberg cake,120.0, miniature pineapple upside-down cakes,90.0,celebrity hero cake bust,240.0,2.0,Pineapple upside down cake :),2019-03-09,563 days
kougin-amann,75.0,2014-09-17,5,7,pastry,12 savoury parcels,105.0,kougin-amann,210.0,24 éclairs,240.0,,Kouign-Amann,2019-03-10,-1635 days
 chocolate teacakes,71.42857,2012-10-02,3,8,biscuit,48 crackers,120.0, chocolate teacakes,120.0,gingerbread structure,240.0,2.0,Homemade chocolate cake,2019-03-10,-2350 days
lemon meringue pie,73.17073,2022-10-11,13,5,desserts,8 steamed puddings,120.0,lemon meringue pie,120.0,hidden surprise mousse dessert,270.0,2.0,Lemon Meringue Pie Help,2019-03-11,1310 days
chocolate babka,93.333336,2020-10-13,11,4,chocolate,18 chocolate brownies,90.0,chocolate babka,150.0,white chocolate celebration cake,240.0,2.0,Chocolate babka,2019-03-11,582 days
 miniature pineapple upside-down cakes,79.45206,2020-09-22,11,1,cake,battenberg cake,120.0, miniature pineapple upside-down cakes,90.0,celebrity hero cake bust,240.0,2.0,Homemade pineapple upside down cake,2019-03-13,559 days
 pastéis de nata,80.0,2017-10-03,8,6,pastry,4 shortcrust savoury pies,150.0, pastéis de nata,120.0,family-sized hand-raised pie,240.0,2.0,Homemade pastéis de nata,2019-03-15,-528 days
lemon meringue pie,75.675674,2022-10-11,13,5,desserts,8 steamed puddings,120.0,lemon meringue pie,120.0,hidden surprise mousse dessert,270.0,2.0,Lemon Meringue Cake,2019-03-17,1304 days
bakewell tart,70.588234,2016-09-21,7,5,pastry,24 breakfast pastries,210.0,bakewell tart,150.0,48 filo amuse-bouche,240.0,,I made Bakewell tarts,2019-03-21,-911 days
 chocolate teacakes,76.190475,2012-10-02,3,8,biscuit,48 crackers,120.0, chocolate teacakes,120.0,gingerbread structure,240.0,2.0,chocolate birthday cake,2019-03-23,-2363 days
 pastéis de nata,70.96774,2017-10-03,8,6,pastry,4 shortcrust savoury pies,150.0, pastéis de nata,120.0,family-sized hand-raised pie,240.0,2.0,Pasteis da Nata,2019-03-24,-537 days
 chocolate teacakes,75.0,2012-10-02,3,8,biscuit,48 crackers,120.0, chocolate teacakes,120.0,gingerbread structure,240.0,2.0,German chocolate cake,2019-03-24,-2364 days
chocolate babka,75.86207,2020-10-13,11,4,chocolate,18 chocolate brownies,90.0,chocolate babka,150.0,white chocolate celebration cake,240.0,2.0,Chocolate Cake,2019-03-24,569 days
tennis cake,72.72727,2015-09-16,6,7,victorian,raised game pie,180.0,tennis cake,180.0,charlotte russe,330.0,,Dense cakes,2019-03-26,-1287 days
chocolate babka,70.27027,2020-10-13,11,4,chocolate,18 chocolate brownies,90.0,chocolate babka,150.0,white chocolate celebration cake,240.0,2.0,Modern Chocolate Babka,2019-03-27,566 days
 fortune cookies,70.27027,2017-09-05,8,2,biscuit,24 sandwich biscuits,135.0, fortune cookies,120.0,biscuit board games,210.0,2.0,My first ever cookies,2019-03-28,-569 days
 chocolate teacakes,75.0,2012-10-02,3,8,biscuit,48 crackers,120.0, chocolate teacakes,120.0,gingerbread structure,240.0,2.0,chocolate lovers cake,2019-04-03,-2374 days
 chocolate teacakes,75.0,2012-10-02,3,8,biscuit,48 crackers,120.0, chocolate teacakes,120.0,gingerbread structure,240.0,2.0,chocolate lovers cake,2019-04-04,-2375 days
chocolate soufflé,71.42857,2015-09-30,6,9,chocolate,chocolate tart,150.0,chocolate soufflé,75.0,chocolate centrepieces,240.0,,I baked Chocolate Soufflé,2019-04-06,-1284 days
red velvet cake,75.675674,2022-09-13,13,1,cake,12 mini sandwich cakes,120.0,red velvet cake,120.0,3d cake home,240.0,2.0,Red velvet sponge cake,2019-04-08,1254 days
 gluten-free pita bread,73.46939,2015-09-02,6,5,alternative ingredients,sugar-free cake,150.0, gluten-free pita bread,120.0,dairy-free ice cream roll,270.0,,Gluten-free banana bread 🍌,2019-04-09,-1315 days
tart aux pommes,83.870964,2023-11-21,14,9,patisserie,24 financiers,120.0,tart aux pommes,150.0,millefoglie,240.0,2.0,Tarte aux Pommes,2019-04-14,1682 days
tarte au citron,93.333336,2011-08-23,2,2,tarts,quiche,120.0,tarte au citron,90.0,24 miniature sweet tarts,,,Tarte au citron,2019-04-14,-2791 days
 chocolate teacakes,72.72727,2012-10-02,3,8,biscuit,48 crackers,120.0, chocolate teacakes,120.0,gingerbread structure,240.0,2.0,German chocolate cupcakes,2019-04-14,-2385 days
lemon meringue pie,76.59574,2022-10-11,13,5,desserts,8 steamed puddings,120.0,lemon meringue pie,120.0,hidden surprise mousse dessert,270.0,2.0,My first lemon meringue pie !,2019-04-20,1270 days
chocolate babka,78.78788,2020-10-13,11,4,chocolate,18 chocolate brownies,90.0,chocolate babka,150.0,white chocolate celebration cake,240.0,2.0,Chocolate Babkaaaa,2019-04-21,541 days
frasier cake,78.26087,2012-10-09,3,9,pâtisserie,3 types of petits fours,,frasier cake,150.0,choux pastry gâteau,,,Easter cake,2019-04-22,-2386 days
 hand-shaped coconut macaroons,75.0,2020-09-29,11,2,biscuit,36 chocolate florentines,120.0, hand-shaped coconut macaroons,105.0,3d biscuit table setting,240.0,1.0,Homemade coconut macaroons,2019-04-22,526 days
red velvet cake,76.47059,2022-09-13,13,1,cake,12 mini sandwich cakes,120.0,red velvet cake,120.0,3d cake home,240.0,2.0,Red velvet cookies.,2019-04-22,1240 days
 chocolate teacakes,71.42857,2012-10-02,3,8,biscuit,48 crackers,120.0, chocolate teacakes,120.0,gingerbread structure,240.0,2.0,German chocolate cake 🎂,2019-04-24,-2395 days
chocolate babka,93.333336,2020-10-13,11,4,chocolate,18 chocolate brownies,90.0,chocolate babka,150.0,white chocolate celebration cake,240.0,2.0,Chocolate babka,2019-04-24,538 days
lemon meringue pie,70.27027,2022-10-11,13,5,desserts,8 steamed puddings,120.0,lemon meringue pie,120.0,hidden surprise mousse dessert,270.0,2.0,Lemon Meringue Tart,2019-04-29,1261 days
chocolate babka,73.333336,2020-10-13,11,4,chocolate,18 chocolate brownies,90.0,chocolate babka,150.0,white chocolate celebration cake,240.0,2.0,Chocolate slab!,2019-04-30,532 days
chocolate babka,75.86207,2020-10-13,11,4,chocolate,18 chocolate brownies,90.0,chocolate babka,150.0,white chocolate celebration cake,240.0,2.0,Chocolate Cake,2019-04-30,532 days
 chocolate teacakes,73.17073,2012-10-02,3,8,biscuit,48 crackers,120.0, chocolate teacakes,120.0,gingerbread structure,240.0,2.0,German chocolate cake?,2019-05-01,-2402 days
tiramisu cake,72.72727,2014-08-27,5,4,dessert,8 self-saucing puddings,120.0,tiramisu cake,150.0,baked alaska,270.0,,Tiramisu Icebox Cake,2019-05-06,-1713 days
 chocolate teacakes,73.68421,2012-10-02,3,8,biscuit,48 crackers,120.0, chocolate teacakes,120.0,gingerbread structure,240.0,2.0,Chocolate lava cake,2019-05-06,-2407 days
lemon meringue pie,100.0,2022-10-11,13,5,desserts,8 steamed puddings,120.0,lemon meringue pie,120.0,hidden surprise mousse dessert,270.0,2.0,lemon meringue pie,2019-05-10,1250 days
 white chocolate and blackberry cheesecakes,72.0,2023-10-18,14,4,chocolate,chocolate torte,, white chocolate and blackberry cheesecakes,,edible chocolate box cake,,2.0,Mini lemon blackberry cheesecake,2019-05-11,1621 days
lemon meringue pie,72.0,2022-10-11,13,5,desserts,8 steamed puddings,120.0,lemon meringue pie,120.0,hidden surprise mousse dessert,270.0,2.0,Mother's Day lemon meringue pie!,2019-05-12,1248 days
lemon meringue pie,78.26087,2022-10-11,13,5,desserts,8 steamed puddings,120.0,lemon meringue pie,120.0,hidden surprise mousse dessert,270.0,2.0,My first lemon meringue pie!,2019-05-16,1244 days
queen of puddings,73.17073,2012-09-18,3,6,pudding,2 sponge puddings,120.0,queen of puddings,,strudel,210.0,2.0,I made Queen of Puddings,2019-05-18,-2433 days
lemon meringue pie,75.675674,2022-10-11,13,5,desserts,8 steamed puddings,120.0,lemon meringue pie,120.0,hidden surprise mousse dessert,270.0,2.0,Lemon meringue tart,2019-05-19,1241 days
coffee and walnut battenberg,72.0,2011-08-16,2,1,cake,24 cupcakes,120.0,coffee and walnut battenberg,120.0,chocolate tiered cake,300.0,,Coffee and Walnut cake,2019-05-19,-2833 days
lemon meringue pie,83.333336,2022-10-11,13,5,desserts,8 steamed puddings,120.0,lemon meringue pie,120.0,hidden surprise mousse dessert,270.0,2.0,Lemon Meringue Pie,2019-05-20,1240 days
 chocolate teacakes,76.92308,2012-10-02,3,8,biscuit,48 crackers,120.0, chocolate teacakes,120.0,gingerbread structure,240.0,2.0,chocolate sheet cake,2019-05-24,-2425 days
angel food cake,93.333336,2013-08-20,4,1,cake,sandwich cake,120.0,angel food cake,150.0,chocolate cake,240.0,,Angel food cake,2019-05-26,-2105 days
lemon meringue pie,81.25,2022-10-11,13,5,desserts,8 steamed puddings,120.0,lemon meringue pie,120.0,hidden surprise mousse dessert,270.0,2.0,Lemon meringue,2019-05-27,1233 days
the signature chocolate cake with fresh raspberries,72.72727,2023-09-26,14,1,cake,vertical layer cake,,the signature chocolate cake with fresh raspberries,120.0,3d shaped animal cake,240.0,2.0,Raspberry and white chocolate cupcakes with fresh raspberry,2019-05-28,1582 days
chocolate babka,85.71429,2020-10-13,11,4,chocolate,18 chocolate brownies,90.0,chocolate babka,150.0,white chocolate celebration cake,240.0,2.0,Dark chocolate babka,2019-05-29,503 days
angel food cake,80.0,2013-08-20,4,1,cake,sandwich cake,120.0,angel food cake,150.0,chocolate cake,240.0,,Angel Food Cake,2019-05-31,-2110 days
 white chocolate and blackberry cheesecakes,84.09091,2023-10-18,14,4,chocolate,chocolate torte,, white chocolate and blackberry cheesecakes,,edible chocolate box cake,,2.0,White chocolate and blueberry cheesecake tart,2019-06-01,1600 days
 white chocolate and blackberry cheesecakes,80.0,2023-10-18,14,4,chocolate,chocolate torte,, white chocolate and blackberry cheesecakes,,edible chocolate box cake,,2.0,White chocolate raspberry cheesecake!,2019-06-01,1600 days
tiramisu cake,84.61539,2014-08-27,5,4,dessert,8 self-saucing puddings,120.0,tiramisu cake,150.0,baked alaska,270.0,,Tiramisu Cake,2019-06-02,-1740 days
 miniature pineapple upside-down cakes,71.23288,2020-09-22,11,1,cake,battenberg cake,120.0, miniature pineapple upside-down cakes,90.0,celebrity hero cake bust,240.0,2.0,Milk Bar Pineapple Upside-Down Cake,2019-06-03,477 days
 chocolate teacakes,70.27027,2012-10-02,3,8,biscuit,48 crackers,120.0, chocolate teacakes,120.0,gingerbread structure,240.0,2.0,Chocolate macarons,2019-06-03,-2435 days
 white chocolate and blackberry cheesecakes,79.012344,2023-10-18,14,4,chocolate,chocolate torte,, white chocolate and blackberry cheesecakes,,edible chocolate box cake,,2.0,White chocolate and matcha cheesecake.,2019-06-07,1594 days
 miniature pineapple upside-down cakes,71.875,2020-09-22,11,1,cake,battenberg cake,120.0, miniature pineapple upside-down cakes,90.0,celebrity hero cake bust,240.0,2.0,Pineapple Upside-down Cake,2019-06-11,469 days
 chocolate teacakes,76.92308,2012-10-02,3,8,biscuit,48 crackers,120.0, chocolate teacakes,120.0,gingerbread structure,240.0,2.0,Chocolate cream cake,2019-06-15,-2447 days
red velvet cake,80.0,2022-09-13,13,1,cake,12 mini sandwich cakes,120.0,red velvet cake,120.0,3d cake home,240.0,2.0,Red Velvet Cake,2019-06-16,1185 days
large baklava,71.42857,2021-10-26,12,6,pastry,chouxnuts,,large baklava,165.0,terrine pie,270.0,3.0,Cashew baklava!,2019-06-18,861 days
 chocolate teacakes,76.59574,2012-10-02,3,8,biscuit,48 crackers,120.0, chocolate teacakes,120.0,gingerbread structure,240.0,2.0,Mini chocolate ricotta cakes,2019-06-24,-2456 days
matcha crepe cake,94.117645,2020-10-27,11,6,japanese,8 steamed buns,150.0,matcha crepe cake,120.0,kawaii cake,240.0,,Matcha crepe cake,2019-06-26,489 days
 fondant fancies,90.32258,2012-10-16,3,10,final,pithivier,150.0, fondant fancies,150.0,chiffon cake,240.0,2.0,Fondant fancies,2019-06-28,-2446 days
 sticky toffee puddings,90.90909,2021-10-12,12,4,desserts,pavlova,165.0, sticky toffee puddings,90.0,joconde imprime dessert,270.0,2.0,Sticky toffee pudding,2019-06-30,835 days
chocolate roulade,70.588234,2011-09-20,2,6,desserts,baked cheesecake,150.0,chocolate roulade,105.0,croquembouche,300.0,,Chocolate brioche,2019-07-01,-2841 days
victoria sandwich,71.42857,2010-08-17,1,1,cake,cake,180.0,victoria sandwich,,chocolate celebration cake,,1.0,Made a Victoria Sandwich!,2019-07-02,-3241 days
 pastéis de nata,72.72727,2017-10-03,8,6,pastry,4 shortcrust savoury pies,150.0, pastéis de nata,120.0,family-sized hand-raised pie,240.0,2.0,Pasteis de Nata!!,2019-07-02,-637 days
red velvet cake,76.47059,2022-09-13,13,1,cake,12 mini sandwich cakes,120.0,red velvet cake,120.0,3d cake home,240.0,2.0,Red Velvet Cupcakes,2019-07-04,1167 days
angel food cake,73.17073,2013-08-20,4,1,cake,sandwich cake,120.0,angel food cake,150.0,chocolate cake,240.0,,Berry angel food cake roll,2019-07-04,-2144 days
 white chocolate and blackberry cheesecakes,75.32468,2023-10-18,14,4,chocolate,chocolate torte,, white chocolate and blackberry cheesecakes,,edible chocolate box cake,,2.0,White chocolate blueberry cupcakes,2019-07-05,1566 days
 fortune cookies,70.96774,2017-09-05,8,2,biscuit,24 sandwich biscuits,135.0, fortune cookies,120.0,biscuit board games,210.0,2.0,S’mores cookies,2019-07-07,-670 days
chocolate soufflé,70.588234,2015-09-30,6,9,chocolate,chocolate tart,150.0,chocolate soufflé,75.0,chocolate centrepieces,240.0,,Chocolate muffins,2019-07-08,-1377 days
 miniature pineapple upside-down cakes,76.056335,2020-09-22,11,1,cake,battenberg cake,120.0, miniature pineapple upside-down cakes,90.0,celebrity hero cake bust,240.0,2.0,Honey-pineapple upside down cake.,2019-07-10,440 days
angel food cake,93.333336,2013-08-20,4,1,cake,sandwich cake,120.0,angel food cake,150.0,chocolate cake,240.0,,Angel food cake,2019-07-11,-2151 days
 sticky toffee puddings,72.13115,2021-10-12,12,4,desserts,pavlova,165.0, sticky toffee puddings,90.0,joconde imprime dessert,270.0,2.0,First attempt at sticky toffee pudding,2019-07-13,822 days
 chocolate teacakes,78.947365,2012-10-02,3,8,biscuit,48 crackers,120.0, chocolate teacakes,120.0,gingerbread structure,240.0,2.0,Dark chocolate cake,2019-07-18,-2480 days
lemon meringue pie,91.89189,2022-10-11,13,5,desserts,8 steamed puddings,120.0,lemon meringue pie,120.0,hidden surprise mousse dessert,270.0,2.0,Lemon meringue pie!,2019-07-18,1181 days
chocolate roulade,74.28571,2011-09-20,2,6,desserts,baked cheesecake,150.0,chocolate roulade,105.0,croquembouche,300.0,,Chocolate overload,2019-07-24,-2864 days
 devonshire splits,85.71429,2023-10-10,14,3,bread,cottage loaf,120.0, devonshire splits,,plaited centrepiece loaf,,2.0,Devonshire Splits,2019-07-26,1537 days
 chocolate teacakes,73.68421,2012-10-02,3,8,biscuit,48 crackers,120.0, chocolate teacakes,120.0,gingerbread structure,240.0,2.0,Chocolate pie-cake!,2019-07-26,-2488 days
angel food cake,85.71429,2013-08-20,4,1,cake,sandwich cake,120.0,angel food cake,150.0,chocolate cake,240.0,,Blue angel food cake,2019-07-31,-2171 days
tiramisu cake,88.888885,2014-08-27,5,4,dessert,8 self-saucing puddings,120.0,tiramisu cake,150.0,baked alaska,270.0,,Tiramisu cake!,2019-08-02,-1801 days
 chocolate teacakes,78.78788,2012-10-02,3,8,biscuit,48 crackers,120.0, chocolate teacakes,120.0,gingerbread structure,240.0,2.0,Chocolate cake,2019-08-03,-2496 days
 chocolate teacakes,71.79487,2012-10-02,3,8,biscuit,48 crackers,120.0, chocolate teacakes,120.0,gingerbread structure,240.0,2.0,Chocolate Bundt cake,2019-08-09,-2502 days
treacle tart,72.72727,2012-08-28,3,3,tarts,tarte tatin,150.0,treacle tart,120.0,designer fruit tart,180.0,,Peach tart,2019-08-10,-2538 days
frasier cake,76.190475,2012-10-09,3,9,pâtisserie,3 types of petits fours,,frasier cake,150.0,choux pastry gâteau,,,Pier cake,2019-08-14,-2500 days
angel food cake,75.675674,2013-08-20,4,1,cake,sandwich cake,120.0,angel food cake,150.0,chocolate cake,240.0,,Angel food cake icing?,2019-08-15,-2186 days
 miniature pineapple upside-down cakes,78.37838,2020-09-22,11,1,cake,battenberg cake,120.0, miniature pineapple upside-down cakes,90.0,celebrity hero cake bust,240.0,2.0,My first pineapple upside down cake!,2019-08-18,401 days
lemon meringue pie,94.44444,2022-10-11,13,5,desserts,8 steamed puddings,120.0,lemon meringue pie,120.0,hidden surprise mousse dessert,270.0,2.0,Lemon meringue pie,2019-08-18,1150 days
 chocolate teacakes,72.22222,2012-10-02,3,8,biscuit,48 crackers,120.0, chocolate teacakes,120.0,gingerbread structure,240.0,2.0,Chocolate cupcake,2019-08-20,-2513 days
 miniature pineapple upside-down cakes,84.50704,2020-09-22,11,1,cake,battenberg cake,120.0, miniature pineapple upside-down cakes,90.0,celebrity hero cake bust,240.0,2.0,I made pineapple upside down cake,2019-08-25,394 days
 miniature pineapple upside-down cakes,72.5,2020-09-22,11,1,cake,battenberg cake,120.0, miniature pineapple upside-down cakes,90.0,celebrity hero cake bust,240.0,2.0,I made a Pineapple upside down bundt cake!,2019-08-26,393 days
chocolate roulade,70.27027,2011-09-20,2,6,desserts,baked cheesecake,150.0,chocolate roulade,105.0,croquembouche,300.0,,Dark chocolate fudge,2019-08-27,-2898 days
 fig rolls,72.72727,2019-09-03,10,2,biscuit,12 decorated chocolate biscuit bars,150.0, fig rolls,90.0,3d biscuit sculpture,240.0,2.0,Tiger rolls!,2019-08-29,5 days
chocolate roulade,72.22222,2011-09-20,2,6,desserts,baked cheesecake,150.0,chocolate roulade,105.0,croquembouche,300.0,,Chocolate Roll Cake,2019-09-04,-2906 days
 white chocolate and blackberry cheesecakes,75.94936,2023-10-18,14,4,chocolate,chocolate torte,, white chocolate and blackberry cheesecakes,,edible chocolate box cake,,2.0,White Chocolate Raspberry Cheesecake,2019-09-06,1503 days
 gluten-free pita bread,71.111115,2015-09-02,6,5,alternative ingredients,sugar-free cake,150.0, gluten-free pita bread,120.0,dairy-free ice cream roll,270.0,,Gluten free shortbread,2019-09-07,-1466 days
 fortune cookies,70.96774,2017-09-05,8,2,biscuit,24 sandwich biscuits,135.0, fortune cookies,120.0,biscuit board games,210.0,2.0,S’more cookies!,2019-09-11,-736 days
mille-feuille,84.61539,2015-10-07,6,10,final,16 iced buns,180.0,mille-feuille,120.0,classic british cake,240.0,2.0,Mille feuille,2019-09-12,-1436 days
treacle tart,72.72727,2012-08-28,3,3,tarts,tarte tatin,150.0,treacle tart,120.0,designer fruit tart,180.0,,Peach tart,2019-09-12,-2571 days
 fortune cookies,70.96774,2017-09-05,8,2,biscuit,24 sandwich biscuits,135.0, fortune cookies,120.0,biscuit board games,210.0,2.0,S’mores cookies,2019-09-14,-739 days
 fortune cookies,70.96774,2017-09-05,8,2,biscuit,24 sandwich biscuits,135.0, fortune cookies,120.0,biscuit board games,210.0,2.0,S’mores cookies,2019-09-15,-740 days
 chocolate teacakes,71.79487,2012-10-02,3,8,biscuit,48 crackers,120.0, chocolate teacakes,120.0,gingerbread structure,240.0,2.0,Chocolate Bacon Cake,2019-09-15,-2539 days
lemon meringue pie,83.333336,2022-10-11,13,5,desserts,8 steamed puddings,120.0,lemon meringue pie,120.0,hidden surprise mousse dessert,270.0,2.0,Lemon Meringue Pie,2019-09-19,1118 days
 fortune cookies,75.0,2017-09-05,8,2,biscuit,24 sandwich biscuits,135.0, fortune cookies,120.0,biscuit board games,210.0,2.0,My first cookies,2019-09-22,-747 days
 miniature pineapple upside-down cakes,75.0,2020-09-22,11,1,cake,battenberg cake,120.0, miniature pineapple upside-down cakes,90.0,celebrity hero cake bust,240.0,2.0,Pineapple upside down cake,2019-09-22,366 days
 chocolate teacakes,71.79487,2012-10-02,3,8,biscuit,48 crackers,120.0, chocolate teacakes,120.0,gingerbread structure,240.0,2.0,Chocolate Cheesecake,2019-09-22,-2546 days
 chocolate teacakes,72.22222,2012-10-02,3,8,biscuit,48 crackers,120.0, chocolate teacakes,120.0,gingerbread structure,240.0,2.0,Me chocolate tart,2019-09-27,-2551 days
tiramisu cake,92.30769,2014-08-27,5,4,dessert,8 self-saucing puddings,120.0,tiramisu cake,150.0,baked alaska,270.0,,Tiramisu cake,2019-09-29,-1859 days
 miniature pineapple upside-down cakes,75.0,2020-09-22,11,1,cake,battenberg cake,120.0, miniature pineapple upside-down cakes,90.0,celebrity hero cake bust,240.0,2.0,Pineapple upside down cake,2019-10-01,357 days
 fondant fancies,70.96774,2012-10-16,3,10,final,pithivier,150.0, fondant fancies,150.0,chiffon cake,240.0,2.0,fondant masters,2019-10-02,-2542 days
 white chocolate and blackberry cheesecakes,82.5,2023-10-18,14,4,chocolate,chocolate torte,, white chocolate and blackberry cheesecakes,,edible chocolate box cake,,2.0,White chocolate blueberry cheesecake.,2019-10-03,1476 days
 white chocolate and blackberry cheesecakes,71.23288,2023-10-18,14,4,chocolate,chocolate torte,, white chocolate and blackberry cheesecakes,,edible chocolate box cake,,2.0,Chocolate raspberry cheesecake,2019-10-04,1475 days
chocolate babka,87.5,2020-10-13,11,4,chocolate,18 chocolate brownies,90.0,chocolate babka,150.0,white chocolate celebration cake,240.0,2.0,Chocolate babka 😍,2019-10-06,373 days
 white chocolate and blackberry cheesecakes,81.01266,2023-10-18,14,4,chocolate,chocolate torte,, white chocolate and blackberry cheesecakes,,edible chocolate box cake,,2.0,White chocolate raspberry cheesecake,2019-10-06,1473 days
matcha crepe cake,76.47059,2020-10-27,11,6,japanese,8 steamed buns,150.0,matcha crepe cake,120.0,kawaii cake,240.0,,Matcha cheesecake,2019-10-10,383 days
tarte au citron,90.32258,2011-08-23,2,2,tarts,quiche,120.0,tarte au citron,90.0,24 miniature sweet tarts,,,Tarte au citron!,2019-10-12,-2972 days
 pastéis de nata,83.870964,2017-10-03,8,6,pastry,4 shortcrust savoury pies,150.0, pastéis de nata,120.0,family-sized hand-raised pie,240.0,2.0,Pastéis de Nata,2019-10-13,-740 days
tiramisu cake,72.72727,2014-08-27,5,4,dessert,8 self-saucing puddings,120.0,tiramisu cake,150.0,baked alaska,270.0,,Tiramisu cheesecake.,2019-10-14,-1874 days
red velvet cake,78.947365,2022-09-13,13,1,cake,12 mini sandwich cakes,120.0,red velvet cake,120.0,3d cake home,240.0,2.0,Spooky red velvet cake!,2019-10-14,1065 days
 chocolate teacakes,71.111115,2012-10-02,3,8,biscuit,48 crackers,120.0, chocolate teacakes,120.0,gingerbread structure,240.0,2.0,Dark chocolate cupcakes :D,2019-10-17,-2571 days
lemon meringue pie,75.0,2022-10-11,13,5,desserts,8 steamed puddings,120.0,lemon meringue pie,120.0,hidden surprise mousse dessert,270.0,2.0,Lemon meringue roulade,2019-10-22,1085 days
caterpiller cake,71.79487,2023-11-14,14,8,party,12 sausage rolls,150.0,caterpiller cake,150.0,anything but beige buffet,270.0,2.0,Hungry Caterpillar cake,2019-10-23,1483 days
red velvet cake,77.77778,2022-09-13,13,1,cake,12 mini sandwich cakes,120.0,red velvet cake,120.0,3d cake home,240.0,2.0,Red velvet cake icing,2019-10-27,1052 days
sachertorte,70.96774,2011-10-04,2,8,final,12 mille-feuille,150.0,sachertorte,160.0,3 types of petits fours,240.0,,My first sachertorte,2019-10-29,-2947 days
sachertorte,86.95652,2011-10-04,2,8,final,12 mille-feuille,150.0,sachertorte,160.0,3 types of petits fours,240.0,,Sachertorte!,2019-11-01,-2950 days
mini pear pies,70.588234,2014-09-03,5,5,pies and tarts,custard tart,150.0,mini pear pies,120.0,three-tiered pie,270.0,,made mini apple pies,2019-11-03,-1887 days
chocolate soufflé,88.23529,2015-09-30,6,9,chocolate,chocolate tart,150.0,chocolate soufflé,75.0,chocolate centrepieces,240.0,,chocolate souflee,2019-11-06,-1498 days
 white chocolate and blackberry cheesecakes,75.94936,2023-10-18,14,4,chocolate,chocolate torte,, white chocolate and blackberry cheesecakes,,edible chocolate box cake,,2.0,White Chocolate Raspberry Cheesecake,2019-11-07,1441 days
scones,72.72727,2010-08-24,1,2,biscuit,personality biscuits,120.0,scones,60.0,"meringue, choux, and macaron petits fours",240.0,1.0,Scone,2019-11-08,-3363 days
large baklava,74.07407,2021-10-26,12,6,pastry,chouxnuts,,large baklava,165.0,terrine pie,270.0,3.0,I made baklava,2019-11-09,717 days
 fortune cookies,70.96774,2017-09-05,8,2,biscuit,24 sandwich biscuits,135.0, fortune cookies,120.0,biscuit board games,210.0,2.0,Brownie cookies,2019-11-09,-795 days
 stroopwafels,83.333336,2017-09-19,8,4,caramel,18 millionaire shortbreads,135.0, stroopwafels,105.0,caramel cake,210.0,2.0,Stroopwafel,2019-11-10,-782 days
 chocolate teacakes,73.17073,2012-10-02,3,8,biscuit,48 crackers,120.0, chocolate teacakes,120.0,gingerbread structure,240.0,2.0,Orange chocolate cake.,2019-11-10,-2595 days
 pastéis de nata,73.17073,2017-10-03,8,6,pastry,4 shortcrust savoury pies,150.0, pastéis de nata,120.0,family-sized hand-raised pie,240.0,2.0,Pre-work pasteis de nata!,2019-11-11,-769 days
chocolate soufflé,82.35294,2015-09-30,6,9,chocolate,chocolate tart,150.0,chocolate soufflé,75.0,chocolate centrepieces,240.0,,Chocolate souflee,2019-11-14,-1506 days
chocolate roulade,75.0,2011-09-20,2,6,desserts,baked cheesecake,150.0,chocolate roulade,105.0,croquembouche,300.0,,Chocolate fudge,2019-11-14,-2977 days
red velvet cake,77.41936,2022-09-13,13,1,cake,12 mini sandwich cakes,120.0,red velvet cake,120.0,3d cake home,240.0,2.0,Red Velvet Cake!,2019-11-16,1032 days
bakewell tart,70.27027,2016-09-21,7,5,pastry,24 breakfast pastries,210.0,bakewell tart,150.0,48 filo amuse-bouche,240.0,,Cranberry Bakewell tart.,2019-11-17,-1152 days
 chocolate teacakes,73.68421,2012-10-02,3,8,biscuit,48 crackers,120.0, chocolate teacakes,120.0,gingerbread structure,240.0,2.0,Chocolate wrap cake,2019-11-18,-2603 days
 chocolate teacakes,71.111115,2012-10-02,3,8,biscuit,48 crackers,120.0, chocolate teacakes,120.0,gingerbread structure,240.0,2.0,Mini chocolate coffee cake,2019-11-19,-2604 days
 fortune cookies,70.588234,2017-09-05,8,2,biscuit,24 sandwich biscuits,135.0, fortune cookies,120.0,biscuit board games,210.0,2.0,Dairy free cookies,2019-11-25,-811 days
victoria sandwich,88.23529,2010-08-17,1,1,cake,cake,180.0,victoria sandwich,,chocolate celebration cake,,1.0,Victoria Sandwich,2019-11-25,-3387 days
 chocolate teacakes,71.79487,2012-10-02,3,8,biscuit,48 crackers,120.0, chocolate teacakes,120.0,gingerbread structure,240.0,2.0,Chocolate cheesecake,2019-11-25,-2610 days
 chocolate teacakes,71.79487,2012-10-02,3,8,biscuit,48 crackers,120.0, chocolate teacakes,120.0,gingerbread structure,240.0,2.0,Chocolate fudge cake,2019-11-25,-2610 days
 chocolate teacakes,71.111115,2012-10-02,3,8,biscuit,48 crackers,120.0, chocolate teacakes,120.0,gingerbread structure,240.0,2.0,Double chocolate cupcakes!,2019-11-26,-2611 days
chocolate babka,72.22222,2020-10-13,11,4,chocolate,18 chocolate brownies,90.0,chocolate babka,150.0,white chocolate celebration cake,240.0,2.0,Chocolate Babka Bread,2019-11-26,322 days
 chocolate teacakes,73.17073,2012-10-02,3,8,biscuit,48 crackers,120.0, chocolate teacakes,120.0,gingerbread structure,240.0,2.0,My best chocolate cake,2019-11-30,-2615 days
 sticky toffee puddings,74.5098,2021-10-12,12,4,desserts,pavlova,165.0, sticky toffee puddings,90.0,joconde imprime dessert,270.0,2.0,Ginger Sticky Toffee Pudding,2019-11-30,682 days
 miniature pineapple upside-down cakes,71.604935,2020-09-22,11,1,cake,battenberg cake,120.0, miniature pineapple upside-down cakes,90.0,celebrity hero cake bust,240.0,2.0,Our Thanksgiving pineapple upside down cake,2019-12-01,296 days
red velvet cake,78.78788,2022-09-13,13,1,cake,12 mini sandwich cakes,120.0,red velvet cake,120.0,3d cake home,240.0,2.0,My Red Velvet cake,2019-12-01,1017 days
 chocolate teacakes,71.42857,2012-10-02,3,8,biscuit,48 crackers,120.0, chocolate teacakes,120.0,gingerbread structure,240.0,2.0,Chocolate birthday cake,2019-12-01,-2616 days
 sticky toffee puddings,71.69811,2021-10-12,12,4,desserts,pavlova,165.0, sticky toffee puddings,90.0,joconde imprime dessert,270.0,2.0,I made a Sticky Toffee Pudding,2019-12-03,679 days
red velvet cake,74.28571,2022-09-13,13,1,cake,12 mini sandwich cakes,120.0,red velvet cake,120.0,3d cake home,240.0,2.0,Red Velvet cupcakes!,2019-12-05,1013 days
bakewell tart,88.888885,2016-09-21,7,5,pastry,24 breakfast pastries,210.0,bakewell tart,150.0,48 filo amuse-bouche,240.0,,Bakewell tarts,2019-12-05,-1170 days
lemon meringue pie,71.111115,2022-10-11,13,5,desserts,8 steamed puddings,120.0,lemon meringue pie,120.0,hidden surprise mousse dessert,270.0,2.0,Lemon meringue pot de crème,2019-12-11,1035 days
 white chocolate and blackberry cheesecakes,77.64706,2023-10-18,14,4,chocolate,chocolate torte,, white chocolate and blackberry cheesecakes,,edible chocolate box cake,,2.0,Made a white chocolate no-bake cheesecake!,2019-12-13,1405 days
 ginger biscuits,70.96774,2017-10-31,8,10,final,12 small loaves,180.0, ginger biscuits,150.0,large entremet,300.0,2.0,Butter biscuits,2019-12-14,-774 days
 chocolate teacakes,72.72727,2012-10-02,3,8,biscuit,48 crackers,120.0, chocolate teacakes,120.0,gingerbread structure,240.0,2.0,Double chocolate cupcakes,2019-12-15,-2630 days
 chocolate teacakes,78.78788,2012-10-02,3,8,biscuit,48 crackers,120.0, chocolate teacakes,120.0,gingerbread structure,240.0,2.0,Chocolate cake,2019-12-16,-2631 days
chocolate roulade,71.79487,2011-09-20,2,6,desserts,baked cheesecake,150.0,chocolate roulade,105.0,croquembouche,300.0,,Chocolate Truffle Cake,2019-12-16,-3009 days
 chocolate teacakes,70.27027,2012-10-02,3,8,biscuit,48 crackers,120.0, chocolate teacakes,120.0,gingerbread structure,240.0,2.0,Chocolate crinkles,2019-12-18,-2633 days
chocolate soufflé,80.95238,2015-09-30,6,9,chocolate,chocolate tart,150.0,chocolate soufflé,75.0,chocolate centrepieces,240.0,,I made chocolate soufflé!,2019-12-19,-1541 days
 fortune cookies,70.96774,2017-09-05,8,2,biscuit,24 sandwich biscuits,135.0, fortune cookies,120.0,biscuit board games,210.0,2.0,Cut out cookies,2019-12-19,-835 days
 chocolate teacakes,71.42857,2012-10-02,3,8,biscuit,48 crackers,120.0, chocolate teacakes,120.0,gingerbread structure,240.0,2.0,Homemade chocolate cake,2019-12-23,-2638 days
lemon meringue pie,88.888885,2022-10-11,13,5,desserts,8 steamed puddings,120.0,lemon meringue pie,120.0,hidden surprise mousse dessert,270.0,2.0,Lemon Meringue pie,2019-12-23,1023 days
 miniature pineapple upside-down cakes,75.0,2020-09-22,11,1,cake,battenberg cake,120.0, miniature pineapple upside-down cakes,90.0,celebrity hero cake bust,240.0,2.0,Pineapple upside down cake,2019-12-24,273 days
 white chocolate and blackberry cheesecakes,73.68421,2023-10-18,14,4,chocolate,chocolate torte,, white chocolate and blackberry cheesecakes,,edible chocolate box cake,,2.0,Crunchie chocolate bar cheesecake,2019-12-24,1394 days
red velvet cake,81.08108,2022-09-13,13,1,cake,12 mini sandwich cakes,120.0,red velvet cake,120.0,3d cake home,240.0,2.0,Mini red velvet cakes!,2019-12-26,992 days
 chocolate teacakes,71.79487,2012-10-02,3,8,biscuit,48 crackers,120.0, chocolate teacakes,120.0,gingerbread structure,240.0,2.0,Chocolate cheesecake,2019-12-29,-2644 days
lemon meringue pie,73.17073,2022-10-11,13,5,desserts,8 steamed puddings,120.0,lemon meringue pie,120.0,hidden surprise mousse dessert,270.0,2.0,I made lemon meringue !,2019-12-30,1016 days
lemon meringue pie,83.333336,2022-10-11,13,5,desserts,8 steamed puddings,120.0,lemon meringue pie,120.0,hidden surprise mousse dessert,270.0,2.0,Lemon Meringue Pie,2019-12-31,1015 days
chocolate roulade,70.27027,2011-09-20,2,6,desserts,baked cheesecake,150.0,chocolate roulade,105.0,croquembouche,300.0,,Chocolate Pound Cake,2020-01-01,-3025 days
lemon meringue pie,73.17073,2022-10-11,13,5,desserts,8 steamed puddings,120.0,lemon meringue pie,120.0,hidden surprise mousse dessert,270.0,2.0,Lemon meringues anyone?,2020-01-02,1013 days
lemon meringue pie,73.17073,2022-10-11,13,5,desserts,8 steamed puddings,120.0,lemon meringue pie,120.0,hidden surprise mousse dessert,270.0,2.0,Lemon meringues anyone?,2020-01-02,1013 days
 hand-shaped coconut macaroons,70.96774,2020-09-29,11,2,biscuit,36 chocolate florentines,120.0, hand-shaped coconut macaroons,105.0,3d biscuit table setting,240.0,1.0,Thick ‘n chewy coconut macaroons,2020-01-05,268 days
frasier cake,71.42857,2012-10-09,3,9,pâtisserie,3 types of petits fours,,frasier cake,150.0,choux pastry gâteau,,,raspberry cake 🌸,2020-01-08,-2647 days
 pastéis de nata,82.35294,2017-10-03,8,6,pastry,4 shortcrust savoury pies,150.0, pastéis de nata,120.0,family-sized hand-raised pie,240.0,2.0,My Pastéis de Nata,2020-01-12,-831 days
tart aux pommes,96.77419,2023-11-21,14,9,patisserie,24 financiers,120.0,tart aux pommes,150.0,millefoglie,240.0,2.0,tarte aux pommes,2020-01-12,1409 days
chocolate babka,78.947365,2020-10-13,11,4,chocolate,18 chocolate brownies,90.0,chocolate babka,150.0,white chocolate celebration cake,240.0,2.0,Baked a chocolate babka,2020-01-12,275 days
caterpiller cake,75.0,2023-11-14,14,8,party,12 sausage rolls,150.0,caterpiller cake,150.0,anything but beige buffet,270.0,2.0,caterpillar cake advice?,2020-01-14,1400 days
 chocolate teacakes,71.79487,2012-10-02,3,8,biscuit,48 crackers,120.0, chocolate teacakes,120.0,gingerbread structure,240.0,2.0,Chocolate Cheesecake,2020-01-16,-2662 days
 chocolate teacakes,73.68421,2012-10-02,3,8,biscuit,48 crackers,120.0, chocolate teacakes,120.0,gingerbread structure,240.0,2.0,Chocolate loaf cake,2020-01-17,-2663 days
lemon meringue pie,72.0,2022-10-11,13,5,desserts,8 steamed puddings,120.0,lemon meringue pie,120.0,hidden surprise mousse dessert,270.0,2.0,Made 3 lemon meringue pies today,2020-01-18,997 days
lemon and thyme drizzle cake,73.91304,2023-10-31,14,6,botanical,12 individual spiced buns,165.0,lemon and thyme drizzle cake,90.0,floral dessert,240.0,,Lemon drizzle cake,2020-01-19,1381 days
angel food cake,75.0,2013-08-20,4,1,cake,sandwich cake,120.0,angel food cake,150.0,chocolate cake,240.0,,Angel Food Cake !,2020-01-21,-2345 days
coffee and walnut battenberg,73.46939,2011-08-16,2,1,cake,24 cupcakes,120.0,coffee and walnut battenberg,120.0,chocolate tiered cake,300.0,,Coffe and walnut cake,2020-01-21,-3080 days
red velvet cake,72.72727,2022-09-13,13,1,cake,12 mini sandwich cakes,120.0,red velvet cake,120.0,3d cake home,240.0,2.0,Red Velvet cookies,2020-01-21,966 days
 chocolate mini rolls,71.111115,2017-08-29,8,1,cake,fruity cake,120.0, chocolate mini rolls,120.0,illusion cake,240.0,2.0,Chocolate Cinnamon Rolls,2020-01-24,-878 days
angel food cake,93.333336,2013-08-20,4,1,cake,sandwich cake,120.0,angel food cake,150.0,chocolate cake,240.0,,Angel food cake,2020-01-25,-2349 days
 chocolate teacakes,71.111115,2012-10-02,3,8,biscuit,48 crackers,120.0, chocolate teacakes,120.0,gingerbread structure,240.0,2.0,First chocolate lava cake!,2020-01-26,-2672 days
frasier cake,83.333336,2012-10-09,3,9,pâtisserie,3 types of petits fours,,frasier cake,150.0,choux pastry gâteau,,,Frasier Cake,2020-01-28,-2667 days
 chocolate teacakes,71.79487,2012-10-02,3,8,biscuit,48 crackers,120.0, chocolate teacakes,120.0,gingerbread structure,240.0,2.0,Chocolate bundt cake,2020-01-30,-2676 days
lemon meringue pie,75.0,2022-10-11,13,5,desserts,8 steamed puddings,120.0,lemon meringue pie,120.0,hidden surprise mousse dessert,270.0,2.0,Lemon Meringue,2020-01-31,984 days
red velvet cake,70.27027,2022-09-13,13,1,cake,12 mini sandwich cakes,120.0,red velvet cake,120.0,3d cake home,240.0,2.0,Cherry Red Velvet Cake,2020-02-03,953 days
 miniature pineapple upside-down cakes,70.27027,2020-09-22,11,1,cake,battenberg cake,120.0, miniature pineapple upside-down cakes,90.0,celebrity hero cake bust,240.0,2.0,I made a Pineapple Upside Down Cake!,2020-02-04,231 days
lemon meringue pie,78.947365,2022-10-11,13,5,desserts,8 steamed puddings,120.0,lemon meringue pie,120.0,hidden surprise mousse dessert,270.0,2.0,"""Lemon Meringue Pie""",2020-02-04,980 days
lemon meringue pie,78.947365,2022-10-11,13,5,desserts,8 steamed puddings,120.0,lemon meringue pie,120.0,hidden surprise mousse dessert,270.0,2.0,"""Lemon Meringue Pie""",2020-02-04,980 days
 chocolate teacakes,72.22222,2012-10-02,3,8,biscuit,48 crackers,120.0, chocolate teacakes,120.0,gingerbread structure,240.0,2.0,Chocolate eclairs,2020-02-04,-2681 days
kougin-amann,72.72727,2014-09-17,5,7,pastry,12 savoury parcels,105.0,kougin-amann,210.0,24 éclairs,240.0,,Homemade kougin-amann,2020-02-05,-1967 days
chocolate roulade,74.28571,2011-09-20,2,6,desserts,baked cheesecake,150.0,chocolate roulade,105.0,croquembouche,300.0,,Chocolate overload,2020-02-09,-3064 days
 english muffins,81.08108,2013-08-27,4,2,bread,36 breadsticks,120.0, english muffins,165.0,decorative loaf,240.0,,Fresh English muffins,2020-02-09,-2357 days
 miniature pineapple upside-down cakes,75.0,2020-09-22,11,1,cake,battenberg cake,120.0, miniature pineapple upside-down cakes,90.0,celebrity hero cake bust,240.0,2.0,Pineapple upside down cake,2020-02-11,224 days
kougin-amann,75.0,2014-09-17,5,7,pastry,12 savoury parcels,105.0,kougin-amann,210.0,24 éclairs,240.0,,Kouign amann,2020-02-11,-1973 days
chocolate soufflé,80.95238,2015-09-30,6,9,chocolate,chocolate tart,150.0,chocolate soufflé,75.0,chocolate centrepieces,240.0,,Orange chocolate soufflés,2020-02-11,-1595 days
red velvet cake,74.28571,2022-09-13,13,1,cake,12 mini sandwich cakes,120.0,red velvet cake,120.0,3d cake home,240.0,2.0,Red Velvet Cupcakes!,2020-02-11,945 days
 chocolate teacakes,71.79487,2012-10-02,3,8,biscuit,48 crackers,120.0, chocolate teacakes,120.0,gingerbread structure,240.0,2.0,Chocolate Snack Cake,2020-02-11,-2688 days
crème caramel,92.30769,2012-09-04,3,4,desserts,wheat-free torte cake,180.0,crème caramel,165.0,4 layered meringue dessert,,,Crème caramel,2020-02-11,-2716 days
red velvet cake,76.47059,2022-09-13,13,1,cake,12 mini sandwich cakes,120.0,red velvet cake,120.0,3d cake home,240.0,2.0,Red Velvet Cupcakes,2020-02-14,942 days
victoria sandwich,75.0,2010-08-17,1,1,cake,cake,180.0,victoria sandwich,,chocolate celebration cake,,1.0,Pear Victoria Sandwich!,2020-02-14,-3468 days
kougin-amann,83.333336,2014-09-17,5,7,pastry,12 savoury parcels,105.0,kougin-amann,210.0,24 éclairs,240.0,,Kougin-Amann,2020-02-15,-1977 days
chocolate soufflé,77.77778,2015-09-30,6,9,chocolate,chocolate tart,150.0,chocolate soufflé,75.0,chocolate centrepieces,240.0,,Chocolatw Soufflé 🤗,2020-02-15,-1599 days
red velvet cake,82.35294,2022-09-13,13,1,cake,12 mini sandwich cakes,120.0,red velvet cake,120.0,3d cake home,240.0,2.0,Red velvet cupcakes,2020-02-16,940 days
red velvet cake,72.72727,2022-09-13,13,1,cake,12 mini sandwich cakes,120.0,red velvet cake,120.0,3d cake home,240.0,2.0,Red Velvet Cake...,2020-02-16,940 days
 chocolate teacakes,76.92308,2012-10-02,3,8,biscuit,48 crackers,120.0, chocolate teacakes,120.0,gingerbread structure,240.0,2.0,Flake chocolate cake,2020-02-17,-2694 days
 chocolate teacakes,74.28571,2012-10-02,3,8,biscuit,48 crackers,120.0, chocolate teacakes,120.0,gingerbread structure,240.0,2.0,chocolate cookie,2020-02-18,-2695 days
 chocolate teacakes,71.42857,2012-10-02,3,8,biscuit,48 crackers,120.0, chocolate teacakes,120.0,gingerbread structure,240.0,2.0,Simple chocolate cake 🍫,2020-02-18,-2695 days
red velvet cake,71.42857,2022-09-13,13,1,cake,12 mini sandwich cakes,120.0,red velvet cake,120.0,3d cake home,240.0,2.0,My not very red velvet cake,2020-02-18,938 days
chocolate babka,75.86207,2020-10-13,11,4,chocolate,18 chocolate brownies,90.0,chocolate babka,150.0,white chocolate celebration cake,240.0,2.0,Chocolate Cake,2020-02-19,237 days
 white chocolate and blackberry cheesecakes,70.88608,2023-10-18,14,4,chocolate,chocolate torte,, white chocolate and blackberry cheesecakes,,edible chocolate box cake,,2.0,White Chocolate Toblerone Cheesecake,2020-02-20,1336 days
 chocolate teacakes,74.28571,2012-10-02,3,8,biscuit,48 crackers,120.0, chocolate teacakes,120.0,gingerbread structure,240.0,2.0,Chocolate cake !,2020-02-20,-2697 days
 chocolate teacakes,81.818184,2012-10-02,3,8,biscuit,48 crackers,120.0, chocolate teacakes,120.0,gingerbread structure,240.0,2.0,Mini chocolate tube cakes,2020-02-22,-2699 days
apricot couronne,81.25,2013-09-24,4,6,sweet dough,yeasted tea loaf,180.0,apricot couronne,165.0,24 european sweet buns,270.0,,Apricot Courrone,2020-02-24,-2344 days
 chocolate teacakes,71.79487,2012-10-02,3,8,biscuit,48 crackers,120.0, chocolate teacakes,120.0,gingerbread structure,240.0,2.0,Chocolate cheesecake,2020-02-24,-2701 days
chocolate babka,75.0,2020-10-13,11,4,chocolate,18 chocolate brownies,90.0,chocolate babka,150.0,white chocolate celebration cake,240.0,2.0,Made some chocolate babka,2020-02-25,231 days
chocolate babka,75.86207,2020-10-13,11,4,chocolate,18 chocolate brownies,90.0,chocolate babka,150.0,white chocolate celebration cake,240.0,2.0,Chocolate Cake,2020-02-25,231 days
 miniature pineapple upside-down cakes,75.0,2020-09-22,11,1,cake,battenberg cake,120.0, miniature pineapple upside-down cakes,90.0,celebrity hero cake bust,240.0,2.0,Pineapple upside down cake,2020-02-26,209 days
 chocolate teacakes,72.72727,2012-10-02,3,8,biscuit,48 crackers,120.0, chocolate teacakes,120.0,gingerbread structure,240.0,2.0,German chocolate cupcakes,2020-02-29,-2706 days
lemon meringue pie,83.333336,2022-10-11,13,5,desserts,8 steamed puddings,120.0,lemon meringue pie,120.0,hidden surprise mousse dessert,270.0,2.0,Lemon Meringue Pie,2020-03-02,953 days
red velvet cake,76.47059,2022-09-13,13,1,cake,12 mini sandwich cakes,120.0,red velvet cake,120.0,3d cake home,240.0,2.0,Red velvet cookies!,2020-03-05,922 days
lemon meringue pie,70.27027,2022-10-11,13,5,desserts,8 steamed puddings,120.0,lemon meringue pie,120.0,hidden surprise mousse dessert,270.0,2.0,Lemon Meringue Tart,2020-03-06,949 days
sachertorte,78.26087,2011-10-04,2,8,final,12 mille-feuille,150.0,sachertorte,160.0,3 types of petits fours,240.0,,Sacher Torte,2020-03-07,-3077 days
chocolate babka,73.17073,2020-10-13,11,4,chocolate,18 chocolate brownies,90.0,chocolate babka,150.0,white chocolate celebration cake,240.0,2.0,Homemade chocolate babka!!,2020-03-08,219 days
mini pear pies,70.27027,2014-09-03,5,5,pies and tarts,custard tart,150.0,mini pear pies,120.0,three-tiered pie,270.0,,Mini peanut butter pies,2020-03-09,-2014 days
 white chocolate and blackberry cheesecakes,71.111115,2023-10-18,14,4,chocolate,chocolate torte,, white chocolate and blackberry cheesecakes,,edible chocolate box cake,,2.0,Easy white chocolate and berry clafoutis recipe,2020-03-09,1318 days
 chocolate teacakes,75.675674,2012-10-02,3,8,biscuit,48 crackers,120.0, chocolate teacakes,120.0,gingerbread structure,240.0,2.0,Chocolate cat cake,2020-03-10,-2716 days
lemon meringue pie,75.0,2022-10-11,13,5,desserts,8 steamed puddings,120.0,lemon meringue pie,120.0,hidden surprise mousse dessert,270.0,2.0,Pineapple meringue pie,2020-03-14,941 days
frasier cake,71.42857,2012-10-09,3,9,pâtisserie,3 types of petits fours,,frasier cake,150.0,choux pastry gâteau,,,A raspberry cake,2020-03-14,-2713 days
 miniature pineapple upside-down cakes,76.712326,2020-09-22,11,1,cake,battenberg cake,120.0, miniature pineapple upside-down cakes,90.0,celebrity hero cake bust,240.0,2.0,My dad's pineapple upside down cake,2020-03-14,192 days
red velvet cake,76.47059,2022-09-13,13,1,cake,12 mini sandwich cakes,120.0,red velvet cake,120.0,3d cake home,240.0,2.0,Red Velvet Cupcakes,2020-03-15,912 days
 english muffins,72.72727,2013-08-27,4,2,bread,36 breadsticks,120.0, english muffins,165.0,decorative loaf,240.0,,I messed up English muffins.,2020-03-15,-2392 days
 english muffins,72.72727,2013-08-27,4,2,bread,36 breadsticks,120.0, english muffins,165.0,decorative loaf,240.0,,I messed up English muffins.,2020-03-15,-2392 days
tiramisu cake,84.61539,2014-08-27,5,4,dessert,8 self-saucing puddings,120.0,tiramisu cake,150.0,baked alaska,270.0,,Tiramisu Cake,2020-03-16,-2028 days
 viennese whirls,80.0,2016-08-31,7,2,biscuit,24 iced biscuits,150.0, viennese whirls,90.0,gingerbread 3d scene,240.0,2.0,My Viennese Whirls!,2020-03-18,-1295 days
 english muffins,83.870964,2013-08-27,4,2,bread,36 breadsticks,120.0, english muffins,165.0,decorative loaf,240.0,,English Muffins,2020-03-20,-2397 days
matcha crepe cake,70.588234,2020-10-27,11,6,japanese,8 steamed buns,150.0,matcha crepe cake,120.0,kawaii cake,240.0,,Fruits crepe cake,2020-03-21,220 days
lemon meringue pie,72.34042,2022-10-11,13,5,desserts,8 steamed puddings,120.0,lemon meringue pie,120.0,hidden surprise mousse dessert,270.0,2.0,[Homemade] Lemon meringue pie,2020-03-22,933 days
cherry cake,76.92308,2014-08-06,5,1,cake,swiss roll,150.0,cherry cake,120.0,36 classic miniature british cakes,210.0,,Blackberry cake,2020-03-22,-2055 days
chocolate babka,93.333336,2020-10-13,11,4,chocolate,18 chocolate brownies,90.0,chocolate babka,150.0,white chocolate celebration cake,240.0,2.0,Chocolate babka,2020-03-22,205 days
chocolate babka,83.870964,2020-10-13,11,4,chocolate,18 chocolate brownies,90.0,chocolate babka,150.0,white chocolate celebration cake,240.0,2.0,Chocolate Babka!,2020-03-25,202 days
 chocolate teacakes,75.675674,2012-10-02,3,8,biscuit,48 crackers,120.0, chocolate teacakes,120.0,gingerbread structure,240.0,2.0,Chocolate cupcakes,2020-03-25,-2731 days
 fortune cookies,70.588234,2017-09-05,8,2,biscuit,24 sandwich biscuits,135.0, fortune cookies,120.0,biscuit board games,210.0,2.0,Earthquake cookies,2020-03-26,-933 days
 miniature pineapple upside-down cakes,75.0,2020-09-22,11,1,cake,battenberg cake,120.0, miniature pineapple upside-down cakes,90.0,celebrity hero cake bust,240.0,2.0,Pineapple upside down cake,2020-03-27,179 days
chocolate babka,90.32258,2020-10-13,11,4,chocolate,18 chocolate brownies,90.0,chocolate babka,150.0,white chocolate celebration cake,240.0,2.0,Chocolate babka!,2020-03-28,199 days
chocolate babka,83.870964,2020-10-13,11,4,chocolate,18 chocolate brownies,90.0,chocolate babka,150.0,white chocolate celebration cake,240.0,2.0,Chocolate Babka!,2020-03-28,199 days
chocolate babka,83.870964,2020-10-13,11,4,chocolate,18 chocolate brownies,90.0,chocolate babka,150.0,white chocolate celebration cake,240.0,2.0,Chocolate Babka!,2020-03-28,199 days
 white chocolate and blackberry cheesecakes,75.0,2023-10-18,14,4,chocolate,chocolate torte,, white chocolate and blackberry cheesecakes,,edible chocolate box cake,,2.0,White chocolate and strawberry scones,2020-03-29,1298 days
 jam doughnuts,74.28571,2012-09-25,3,7,sweet dough,24 sweet buns,180.0, jam doughnuts,150.0,celebratory loaf,,,I made some doughnuts,2020-03-30,-2743 days
 english muffins,71.42857,2013-08-27,4,2,bread,36 breadsticks,120.0, english muffins,165.0,decorative loaf,240.0,,First Time English Muffins,2020-03-30,-2407 days
chocolate babka,75.0,2020-10-13,11,4,chocolate,18 chocolate brownies,90.0,chocolate babka,150.0,white chocolate celebration cake,240.0,2.0,I made a chocolate babka!,2020-04-01,195 days
tiramisu cake,70.27027,2014-08-27,5,4,dessert,8 self-saucing puddings,120.0,tiramisu cake,150.0,baked alaska,270.0,,let's bake tiramisu cake,2020-04-03,-2046 days
 chocolate teacakes,75.0,2012-10-02,3,8,biscuit,48 crackers,120.0, chocolate teacakes,120.0,gingerbread structure,240.0,2.0,Orange chocolate cake,2020-04-05,-2742 days
red velvet cake,76.92308,2022-09-13,13,1,cake,12 mini sandwich cakes,120.0,red velvet cake,120.0,3d cake home,240.0,2.0,My first red velvet cake,2020-04-05,891 days
 chocolate teacakes,78.78788,2012-10-02,3,8,biscuit,48 crackers,120.0, chocolate teacakes,120.0,gingerbread structure,240.0,2.0,Chocolate cake,2020-04-05,-2742 days
 white chocolate and blackberry cheesecakes,71.052635,2023-10-18,14,4,chocolate,chocolate torte,, white chocolate and blackberry cheesecakes,,edible chocolate box cake,,2.0,White chocolate cranberry scones!,2020-04-05,1291 days
 chocolate teacakes,78.78788,2012-10-02,3,8,biscuit,48 crackers,120.0, chocolate teacakes,120.0,gingerbread structure,240.0,2.0,Chocolate cake,2020-04-05,-2742 days
kougin-amann,75.0,2014-09-17,5,7,pastry,12 savoury parcels,105.0,kougin-amann,210.0,24 éclairs,240.0,,Kouign-Amann,2020-04-06,-2028 days
chocolate soufflé,79.06977,2015-09-30,6,9,chocolate,chocolate tart,150.0,chocolate soufflé,75.0,chocolate centrepieces,240.0,,Tips for chocolate soufflé,2020-04-07,-1651 days
lemon meringue pie,91.89189,2022-10-11,13,5,desserts,8 steamed puddings,120.0,lemon meringue pie,120.0,hidden surprise mousse dessert,270.0,2.0,Lemon meringue pie?,2020-04-08,916 days
chocolate soufflé,88.23529,2015-09-30,6,9,chocolate,chocolate tart,150.0,chocolate soufflé,75.0,chocolate centrepieces,240.0,,Chocolate Soufflé,2020-04-09,-1653 days
mille-feuille,92.30769,2015-10-07,6,10,final,16 iced buns,180.0,mille-feuille,120.0,classic british cake,240.0,2.0,Mille-feuille,2020-04-09,-1646 days
chocolate babka,93.333336,2020-10-13,11,4,chocolate,18 chocolate brownies,90.0,chocolate babka,150.0,white chocolate celebration cake,240.0,2.0,Chocolate babka,2020-04-11,185 days
 miniature pineapple upside-down cakes,75.0,2020-09-22,11,1,cake,battenberg cake,120.0, miniature pineapple upside-down cakes,90.0,celebrity hero cake bust,240.0,2.0,Pineapple upside down cake,2020-04-12,163 days
 chocolate teacakes,77.27273,2012-10-02,3,8,biscuit,48 crackers,120.0, chocolate teacakes,120.0,gingerbread structure,240.0,2.0,My chocolate welfare cake,2020-04-12,-2749 days
 miniature pineapple upside-down cakes,72.46377,2020-09-22,11,1,cake,battenberg cake,120.0, miniature pineapple upside-down cakes,90.0,celebrity hero cake bust,240.0,2.0,Pineapple upside down cupcakes!,2020-04-12,163 days
focaccia,82.35294,2011-08-30,2,3,bread,free form loaf,195.0,focaccia,210.0,12 sweet and 12 savoury rolls,300.0,,Focaccia!,2020-04-13,-3149 days
 gluten-free pita bread,70.833336,2015-09-02,6,5,alternative ingredients,sugar-free cake,150.0, gluten-free pita bread,120.0,dairy-free ice cream roll,270.0,,Gluten free banana bread!,2020-04-13,-1685 days
lemon meringue pie,70.833336,2022-10-11,13,5,desserts,8 steamed puddings,120.0,lemon meringue pie,120.0,hidden surprise mousse dessert,270.0,2.0,Lemon meringue pie for Easter!,2020-04-13,911 days
lemon meringue pie,70.588234,2022-10-11,13,5,desserts,8 steamed puddings,120.0,lemon meringue pie,120.0,hidden surprise mousse dessert,270.0,2.0,2nd attempt at lemon meringue pie,2020-04-13,911 days
red velvet cake,88.23529,2022-09-13,13,1,cake,12 mini sandwich cakes,120.0,red velvet cake,120.0,3d cake home,240.0,2.0,red velvet cupcakes,2020-04-13,883 days
 fondant fancies,75.0,2012-10-16,3,10,final,pithivier,150.0, fondant fancies,150.0,chiffon cake,240.0,2.0,fondant accident,2020-04-13,-2736 days
lemon meringue pie,78.26087,2022-10-11,13,5,desserts,8 steamed puddings,120.0,lemon meringue pie,120.0,hidden surprise mousse dessert,270.0,2.0,My first lemon meringue pie!,2020-04-15,909 days
 ciabattas,72.72727,2014-08-20,5,3,bread,12 rye bread rolls,210.0, ciabattas,180.0,filled centrepiece loaf,240.0,2.0,SOS Ciabatta,2020-04-15,-2065 days
 chocolate teacakes,74.28571,2012-10-02,3,8,biscuit,48 crackers,120.0, chocolate teacakes,120.0,gingerbread structure,240.0,2.0,Chocolate cake 🍰,2020-04-15,-2752 days
 chocolate teacakes,71.79487,2012-10-02,3,8,biscuit,48 crackers,120.0, chocolate teacakes,120.0,gingerbread structure,240.0,2.0,Chocolate pie cake 🍰,2020-04-15,-2752 days
chocolate babka,70.588234,2020-10-13,11,4,chocolate,18 chocolate brownies,90.0,chocolate babka,150.0,white chocolate celebration cake,240.0,2.0,Chocolate cake loaf,2020-04-17,179 days
 fortune cookies,71.42857,2017-09-05,8,2,biscuit,24 sandwich biscuits,135.0, fortune cookies,120.0,biscuit board games,210.0,2.0,flat cookies,2020-04-18,-956 days
 baguettes,72.72727,2015-08-19,6,3,bread,2 quick breads,90.0, baguettes,150.0,3d bread sculpture,300.0,,Baguettes :),2020-04-18,-1704 days
crème caramel,78.57143,2012-09-04,3,4,desserts,wheat-free torte cake,180.0,crème caramel,165.0,4 layered meringue dessert,,,Creme caramel 🍮,2020-04-18,-2783 days
angel food cake,81.08108,2013-08-20,4,1,cake,sandwich cake,120.0,angel food cake,150.0,chocolate cake,240.0,,Cursed angel food cake,2020-04-18,-2433 days
mini pear pies,92.85714,2014-09-03,5,5,pies and tarts,custard tart,150.0,mini pear pies,120.0,three-tiered pie,270.0,,Mini pear pies,2020-04-18,-2054 days
bakewell tart,70.96774,2016-09-21,7,5,pastry,24 breakfast pastries,210.0,bakewell tart,150.0,48 filo amuse-bouche,240.0,,Bakewell Tart fail,2020-04-19,-1306 days
 fortune cookies,70.588234,2017-09-05,8,2,biscuit,24 sandwich biscuits,135.0, fortune cookies,120.0,biscuit board games,210.0,2.0,quarantine cookies,2020-04-20,-958 days
hazelnut dacquoise,88.888885,2013-10-08,4,8,alternative ingredients,wheat-free loaf,180.0,hazelnut dacquoise,165.0,dairy-free vegetable cake,240.0,,Hazelnut Dacquoise,2020-04-20,-2386 days
 chocolate teacakes,70.27027,2012-10-02,3,8,biscuit,48 crackers,120.0, chocolate teacakes,120.0,gingerbread structure,240.0,2.0,Chocolate eclairs.,2020-04-21,-2758 days
 english muffins,87.5,2013-08-27,4,2,bread,36 breadsticks,120.0, english muffins,165.0,decorative loaf,240.0,,English muffins🤭,2020-04-22,-2430 days
victoria sandwich (without a recipe),72.72727,2016-10-26,7,10,final,meringue crowns,180.0,victoria sandwich (without a recipe),90.0,picnics,300.0,,Victoria Sandwich Cake recipe?,2020-04-22,-1274 days
lemon meringue pie,71.42857,2022-10-11,13,5,desserts,8 steamed puddings,120.0,lemon meringue pie,120.0,hidden surprise mousse dessert,270.0,2.0,Wee lemon meringue tarts,2020-04-22,902 days
 custard creams,85.71429,2023-10-03,14,2,biscuits,12 marshmallow biscuits,, custard creams,90.0,illusion biscuit meal,240.0,1.0,Custard cream,2020-04-22,1259 days
chocolate babka,86.666664,2020-10-13,11,4,chocolate,18 chocolate brownies,90.0,chocolate babka,150.0,white chocolate celebration cake,240.0,2.0,Chocolate Babka,2020-04-24,172 days
 sticky toffee puddings,73.46939,2021-10-12,12,4,desserts,pavlova,165.0, sticky toffee puddings,90.0,joconde imprime dessert,270.0,2.0,Sticky Toffee Pudding Cake,2020-04-24,536 days
 chocolate mini rolls,72.72727,2017-08-29,8,1,cake,fruity cake,120.0, chocolate mini rolls,120.0,illusion cake,240.0,2.0,Chocolate mint macarons,2020-04-26,-971 days
angel food cake,83.333336,2013-08-20,4,1,cake,sandwich cake,120.0,angel food cake,150.0,chocolate cake,240.0,,Bless angel food cake,2020-04-26,-2441 days
 sticky toffee puddings,83.01887,2021-10-12,12,4,desserts,pavlova,165.0, sticky toffee puddings,90.0,joconde imprime dessert,270.0,2.0,homemade sticky toffee pudding,2020-04-26,534 days
chocolate babka,73.68421,2020-10-13,11,4,chocolate,18 chocolate brownies,90.0,chocolate babka,150.0,white chocolate celebration cake,240.0,2.0,I made chocolate Babka!,2020-04-27,169 days
kougin-amann,83.333336,2014-09-17,5,7,pastry,12 savoury parcels,105.0,kougin-amann,210.0,24 éclairs,240.0,,Kouign-amann,2020-04-27,-2049 days
lemon meringue pie,76.59574,2022-10-11,13,5,desserts,8 steamed puddings,120.0,lemon meringue pie,120.0,hidden surprise mousse dessert,270.0,2.0,First ever lemon meringue pie,2020-04-27,897 days
 pastéis de nata,78.947365,2017-10-03,8,6,pastry,4 shortcrust savoury pies,150.0, pastéis de nata,120.0,family-sized hand-raised pie,240.0,2.0,I made pasteis de nata,2020-04-27,-937 days
 chocolate teacakes,71.42857,2012-10-02,3,8,biscuit,48 crackers,120.0, chocolate teacakes,120.0,gingerbread structure,240.0,2.0,Chocolate overload cake,2020-04-27,-2764 days
focaccia,72.72727,2011-08-30,2,3,bread,free form loaf,195.0,focaccia,210.0,12 sweet and 12 savoury rolls,300.0,,First focaccia,2020-04-28,-3164 days
 chocolate teacakes,73.17073,2012-10-02,3,8,biscuit,48 crackers,120.0, chocolate teacakes,120.0,gingerbread structure,240.0,2.0,Eggless chocolate cake,2020-04-28,-2765 days
frasier cake,80.0,2012-10-09,3,9,pâtisserie,3 types of petits fours,,frasier cake,150.0,choux pastry gâteau,,,Fraisier Cake,2020-04-28,-2758 days
 pastéis de nata,82.051285,2017-10-03,8,6,pastry,4 shortcrust savoury pies,150.0, pastéis de nata,120.0,family-sized hand-raised pie,240.0,2.0,I made pastéis de nata!,2020-04-28,-938 days
 chocolate teacakes,75.0,2012-10-02,3,8,biscuit,48 crackers,120.0, chocolate teacakes,120.0,gingerbread structure,240.0,2.0,German chocolate cake,2020-04-29,-2766 days
large baklava,72.0,2021-10-26,12,6,pastry,chouxnuts,,large baklava,165.0,terrine pie,270.0,3.0,sexy baklava,2020-04-29,545 days
cherry cake,76.190475,2014-08-06,5,1,cake,swiss roll,150.0,cherry cake,120.0,36 classic miniature british cakes,210.0,,Berry Cake,2020-04-30,-2094 days
cherry cake,72.72727,2014-08-06,5,1,cake,swiss roll,150.0,cherry cake,120.0,36 classic miniature british cakes,210.0,,Soccer cake,2020-04-30,-2094 days
 egg custard tarts,80.95238,2013-09-10,4,4,pies and tarts,double crust fruit pie,120.0, egg custard tarts,120.0,filo pie,240.0,,Classic egg custard tart,2020-04-30,-2424 days
chocolate babka,75.0,2020-10-13,11,4,chocolate,18 chocolate brownies,90.0,chocolate babka,150.0,white chocolate celebration cake,240.0,2.0,I made a chocolate babka!,2020-04-30,166 days
kougin-amann,83.333336,2014-09-17,5,7,pastry,12 savoury parcels,105.0,kougin-amann,210.0,24 éclairs,240.0,,Kouign-amann,2020-05-02,-2054 days
cherry cake,74.07407,2014-08-06,5,1,cake,swiss roll,150.0,cherry cake,120.0,36 classic miniature british cakes,210.0,,Cherry chip cake,2020-05-02,-2096 days
lemon meringue pie,94.44444,2022-10-11,13,5,desserts,8 steamed puddings,120.0,lemon meringue pie,120.0,hidden surprise mousse dessert,270.0,2.0,Lemon meringue pie,2020-05-03,891 days
 chocolate teacakes,73.17073,2012-10-02,3,8,biscuit,48 crackers,120.0, chocolate teacakes,120.0,gingerbread structure,240.0,2.0,Made a chocolate cake!,2020-05-03,-2770 days
chocolate roulade,70.588234,2011-09-20,2,6,desserts,baked cheesecake,150.0,chocolate roulade,105.0,croquembouche,300.0,,Chocolate brownie,2020-05-05,-3150 days
 fortune cookies,73.333336,2017-09-05,8,2,biscuit,24 sandwich biscuits,135.0, fortune cookies,120.0,biscuit board games,210.0,2.0,Corona cookies,2020-05-05,-973 days
 chocolate teacakes,73.17073,2012-10-02,3,8,biscuit,48 crackers,120.0, chocolate teacakes,120.0,gingerbread structure,240.0,2.0,Triple chocolate cake!,2020-05-05,-2772 days
victoria sandwich (without a recipe),72.72727,2016-10-26,7,10,final,meringue crowns,180.0,victoria sandwich (without a recipe),90.0,picnics,300.0,,Victoria Sandwich Cake recipe?,2020-05-06,-1288 days
scones,76.92308,2010-08-24,1,2,biscuit,personality biscuits,120.0,scones,60.0,"meringue, choux, and macaron petits fours",240.0,1.0,Scones!,2020-05-07,-3544 days
cottage loaf,88.0,2017-09-12,8,3,bread,12 teacakes,165.0,cottage loaf,150.0,multicoloured bread sculpture,270.0,1.0,Cottage loaf!,2020-05-07,-968 days
 miniature pineapple upside-down cakes,78.125,2020-09-22,11,1,cake,battenberg cake,120.0, miniature pineapple upside-down cakes,90.0,celebrity hero cake bust,240.0,2.0,pineapple upside down cake,2020-05-07,138 days
 miniature pineapple upside-down cakes,70.588234,2020-09-22,11,1,cake,battenberg cake,120.0, miniature pineapple upside-down cakes,90.0,celebrity hero cake bust,240.0,2.0,my first time making pineapple upside down cake,2020-05-07,138 days
 chocolate teacakes,78.947365,2012-10-02,3,8,biscuit,48 crackers,120.0, chocolate teacakes,120.0,gingerbread structure,240.0,2.0,Malt chocolate cake,2020-05-07,-2774 days
 miniature pineapple upside-down cakes,79.45206,2020-09-22,11,1,cake,battenberg cake,120.0, miniature pineapple upside-down cakes,90.0,celebrity hero cake bust,240.0,2.0,My first pineapple upside down cake,2020-05-08,137 days
 miniature pineapple upside-down cakes,73.417725,2020-09-22,11,1,cake,battenberg cake,120.0, miniature pineapple upside-down cakes,90.0,celebrity hero cake bust,240.0,2.0,My very first pineapple upside down cake!,2020-05-08,137 days
charlotte royale,73.333336,2013-10-15,4,9,french week,36 canapés,150.0,charlotte royale,150.0,opera cake,150.0,2.0,Charlotte cake,2020-05-08,-2397 days
charlotte royale,70.96774,2013-10-15,4,9,french week,36 canapés,150.0,charlotte royale,150.0,opera cake,150.0,2.0,Charlotte cake🎂,2020-05-08,-2397 days
 ciabattas,88.888885,2014-08-20,5,3,bread,12 rye bread rolls,210.0, ciabattas,180.0,filled centrepiece loaf,240.0,2.0,ciabatta,2020-05-08,-2088 days
frasier cake,75.0,2012-10-09,3,9,pâtisserie,3 types of petits fours,,frasier cake,150.0,choux pastry gâteau,,,Hamster cake,2020-05-09,-2769 days
 fortune cookies,70.588234,2017-09-05,8,2,biscuit,24 sandwich biscuits,135.0, fortune cookies,120.0,biscuit board games,210.0,2.0,shortbread cookies,2020-05-09,-977 days
 english muffins,73.17073,2013-08-27,4,2,bread,36 breadsticks,120.0, english muffins,165.0,decorative loaf,240.0,,Sourdough English muffins,2020-05-10,-2448 days
lemon meringue pie,87.80488,2022-10-11,13,5,desserts,8 steamed puddings,120.0,lemon meringue pie,120.0,hidden surprise mousse dessert,270.0,2.0,Fire lemon meringue pie,2020-05-11,883 days
angel food cake,75.0,2013-08-20,4,1,cake,sandwich cake,120.0,angel food cake,150.0,chocolate cake,240.0,,Devil's food cake,2020-05-11,-2456 days
 stroopwafels,74.28571,2017-09-19,8,4,caramel,18 millionaire shortbreads,135.0, stroopwafels,105.0,caramel cake,210.0,2.0,Homemade stroopwafels!,2020-05-12,-966 days
 chocolate teacakes,70.27027,2012-10-02,3,8,biscuit,48 crackers,120.0, chocolate teacakes,120.0,gingerbread structure,240.0,2.0,Chocolate crinkles,2020-05-13,-2780 days
 white chocolate and blackberry cheesecakes,80.0,2023-10-18,14,4,chocolate,chocolate torte,, white chocolate and blackberry cheesecakes,,edible chocolate box cake,,2.0,White chocolate raspberry cheesecake.,2020-05-16,1250 days
 pastéis de nata,77.41936,2017-10-03,8,6,pastry,4 shortcrust savoury pies,150.0, pastéis de nata,120.0,family-sized hand-raised pie,240.0,2.0,Pasteis de Nata,2020-05-16,-956 days
 baguettes,80.0,2015-08-19,6,3,bread,2 quick breads,90.0, baguettes,150.0,3d bread sculpture,300.0,,Fresh baguettes,2020-05-17,-1733 days
frasier cake,78.26087,2012-10-09,3,9,pâtisserie,3 types of petits fours,,frasier cake,150.0,choux pastry gâteau,,,Easter cake,2020-05-18,-2778 days
red velvet cake,93.333336,2022-09-13,13,1,cake,12 mini sandwich cakes,120.0,red velvet cake,120.0,3d cake home,240.0,2.0,Red velvet cake,2020-05-18,848 days
lemon meringue pie,76.59574,2022-10-11,13,5,desserts,8 steamed puddings,120.0,lemon meringue pie,120.0,hidden surprise mousse dessert,270.0,2.0,I made a lemon meringue pie 🤤,2020-05-18,876 days
 chocolate teacakes,71.42857,2012-10-02,3,8,biscuit,48 crackers,120.0, chocolate teacakes,120.0,gingerbread structure,240.0,2.0,Chocolate Birthday cake,2020-05-18,-2785 days
lemon meringue pie,76.92308,2022-10-11,13,5,desserts,8 steamed puddings,120.0,lemon meringue pie,120.0,hidden surprise mousse dessert,270.0,2.0,Lemon meringue nests!,2020-05-19,875 days
 chocolate teacakes,74.4186,2012-10-02,3,8,biscuit,48 crackers,120.0, chocolate teacakes,120.0,gingerbread structure,240.0,2.0,Dark chocolate cupcakes!,2020-05-19,-2786 days
chocolate roulade,70.27027,2011-09-20,2,6,desserts,baked cheesecake,150.0,chocolate roulade,105.0,croquembouche,300.0,,Chocolate Fruit Cake,2020-05-20,-3165 days
 pastéis de nata,76.47059,2017-10-03,8,6,pastry,4 shortcrust savoury pies,150.0, pastéis de nata,120.0,family-sized hand-raised pie,240.0,2.0,Pasteis de natas 😋,2020-05-20,-960 days
 sticky toffee puddings,84.61539,2021-10-12,12,4,desserts,pavlova,165.0, sticky toffee puddings,90.0,joconde imprime dessert,270.0,2.0,I made sticky toffee pudding!,2020-05-21,509 days
 pastéis de nata,83.870964,2017-10-03,8,6,pastry,4 shortcrust savoury pies,150.0, pastéis de nata,120.0,family-sized hand-raised pie,240.0,2.0,Pastéis de Nata,2020-05-21,-961 days
 fortune cookies,70.96774,2017-09-05,8,2,biscuit,24 sandwich biscuits,135.0, fortune cookies,120.0,biscuit board games,210.0,2.0,S’more cookies!,2020-05-22,-990 days
 fortune cookies,70.96774,2017-09-05,8,2,biscuit,24 sandwich biscuits,135.0, fortune cookies,120.0,biscuit board games,210.0,2.0,S’mores cookies,2020-05-23,-991 days
 chocolate teacakes,76.92308,2012-10-02,3,8,biscuit,48 crackers,120.0, chocolate teacakes,120.0,gingerbread structure,240.0,2.0,sweet chocolate cake,2020-05-23,-2790 days
 sticky toffee puddings,74.4186,2021-10-12,12,4,desserts,pavlova,165.0, sticky toffee puddings,90.0,joconde imprime dessert,270.0,2.0,Sticky Date Puddings,2020-05-23,507 days
frasier cake,88.0,2012-10-09,3,9,pâtisserie,3 types of petits fours,,frasier cake,150.0,choux pastry gâteau,,,Fraisier cake,2020-05-25,-2785 days
 white chocolate and blackberry cheesecakes,74.4186,2023-10-18,14,4,chocolate,chocolate torte,, white chocolate and blackberry cheesecakes,,edible chocolate box cake,,2.0,White chocolate and passionfruit cheesecake,2020-05-25,1241 days
 chocolate teacakes,76.92308,2012-10-02,3,8,biscuit,48 crackers,120.0, chocolate teacakes,120.0,gingerbread structure,240.0,2.0,Chocolate heart cake,2020-05-25,-2792 days
chocolate babka,86.666664,2020-10-13,11,4,chocolate,18 chocolate brownies,90.0,chocolate babka,150.0,white chocolate celebration cake,240.0,2.0,Chocolate Babka,2020-05-25,141 days
 miniature pineapple upside-down cakes,71.79487,2020-09-22,11,1,cake,battenberg cake,120.0, miniature pineapple upside-down cakes,90.0,celebrity hero cake bust,240.0,2.0,Made a pineapple upside down cheesecake!,2020-05-25,120 days
lemon meringue pie,83.333336,2022-10-11,13,5,desserts,8 steamed puddings,120.0,lemon meringue pie,120.0,hidden surprise mousse dessert,270.0,2.0,Lemon Meringue Pie,2020-05-26,868 days
mini pear pies,70.96774,2014-09-03,5,5,pies and tarts,custard tart,150.0,mini pear pies,120.0,three-tiered pie,270.0,,Mini apple pies 🍎,2020-05-27,-2093 days
chocolate roulade,70.588234,2011-09-20,2,6,desserts,baked cheesecake,150.0,chocolate roulade,105.0,croquembouche,300.0,,Chocolate brioche,2020-05-28,-3173 days
chocolate roulade,70.588234,2011-09-20,2,6,desserts,baked cheesecake,150.0,chocolate roulade,105.0,croquembouche,300.0,,Chocolate Mousse!,2020-05-28,-3173 days
 chocolate teacakes,75.0,2012-10-02,3,8,biscuit,48 crackers,120.0, chocolate teacakes,120.0,gingerbread structure,240.0,2.0,Moist chocolate cake👀,2020-05-28,-2795 days
 chocolate teacakes,75.0,2012-10-02,3,8,biscuit,48 crackers,120.0, chocolate teacakes,120.0,gingerbread structure,240.0,2.0,German chocolate cake,2020-05-28,-2795 days
 pastéis de nata,71.79487,2017-10-03,8,6,pastry,4 shortcrust savoury pies,150.0, pastéis de nata,120.0,family-sized hand-raised pie,240.0,2.0,rate my Pastéis de Nata,2020-05-29,-969 days
 white chocolate and blackberry cheesecakes,73.17073,2023-10-18,14,4,chocolate,chocolate torte,, white chocolate and blackberry cheesecakes,,edible chocolate box cake,,2.0,I made a chocolate raspberry cheesecake,2020-05-30,1236 days
 chocolate teacakes,75.675674,2012-10-02,3,8,biscuit,48 crackers,120.0, chocolate teacakes,120.0,gingerbread structure,240.0,2.0,Chocolate cupcakes,2020-05-30,-2797 days
 jam doughnuts,71.79487,2012-09-25,3,7,sweet dough,24 sweet buns,180.0, jam doughnuts,150.0,celebratory loaf,,,Brioche hot jam doughnuts,2020-05-31,-2805 days
 molten chocolate puddings,70.17544,2017-09-26,8,5,pudding,steamed school pudding,180.0, molten chocolate puddings,60.0,ornamental trifle terrine,270.0,1.0,I made double chocolate muffins,2020-05-31,-978 days
lemon meringue pie,80.0,2022-10-11,13,5,desserts,8 steamed puddings,120.0,lemon meringue pie,120.0,hidden surprise mousse dessert,270.0,2.0,I made a lemon meringue pie,2020-05-31,863 days
 miniature pineapple upside-down cakes,75.0,2020-09-22,11,1,cake,battenberg cake,120.0, miniature pineapple upside-down cakes,90.0,celebrity hero cake bust,240.0,2.0,Pineapple upside down cake,2020-05-31,114 days
chocolate roulade,80.0,2011-09-20,2,6,desserts,baked cheesecake,150.0,chocolate roulade,105.0,croquembouche,300.0,,chocolate rum cake,2020-05-31,-3176 days
lemon meringue pie,94.44444,2022-10-11,13,5,desserts,8 steamed puddings,120.0,lemon meringue pie,120.0,hidden surprise mousse dessert,270.0,2.0,Lemon meringue pie,2020-06-01,862 days
red velvet cake,78.947365,2022-09-13,13,1,cake,12 mini sandwich cakes,120.0,red velvet cake,120.0,3d cake home,240.0,2.0,red velvet cake queries,2020-06-01,834 days
chocolate babka,75.0,2020-10-13,11,4,chocolate,18 chocolate brownies,90.0,chocolate babka,150.0,white chocolate celebration cake,240.0,2.0,Sourdough chocolate babka,2020-06-01,134 days
 chocolate teacakes,78.78788,2012-10-02,3,8,biscuit,48 crackers,120.0, chocolate teacakes,120.0,gingerbread structure,240.0,2.0,Chocolate cake,2020-06-02,-2800 days
 chocolate teacakes,73.68421,2012-10-02,3,8,biscuit,48 crackers,120.0, chocolate teacakes,120.0,gingerbread structure,240.0,2.0,Chocolate lava cake,2020-06-02,-2800 days
tiramisu cake,75.0,2014-08-27,5,4,dessert,8 self-saucing puddings,120.0,tiramisu cake,150.0,baked alaska,270.0,,Tiramisu Cheesecake,2020-06-05,-2109 days
chocolate babka,86.666664,2020-10-13,11,4,chocolate,18 chocolate brownies,90.0,chocolate babka,150.0,white chocolate celebration cake,240.0,2.0,Chocolate Babka,2020-06-05,130 days
chocolate babka,71.79487,2020-10-13,11,4,chocolate,18 chocolate brownies,90.0,chocolate babka,150.0,white chocolate celebration cake,240.0,2.0,Chocolate babka pre bake,2020-06-05,130 days
angel food cake,78.947365,2013-08-20,4,1,cake,sandwich cake,120.0,angel food cake,150.0,chocolate cake,240.0,,I love angel food cakes,2020-06-06,-2482 days
 chocolate teacakes,76.92308,2012-10-02,3,8,biscuit,48 crackers,120.0, chocolate teacakes,120.0,gingerbread structure,240.0,2.0,Chocolate Dream cake,2020-06-06,-2804 days
 miniature pineapple upside-down cakes,82.666664,2020-09-22,11,1,cake,battenberg cake,120.0, miniature pineapple upside-down cakes,90.0,celebrity hero cake bust,240.0,2.0,Miniature Pineapple Upside Down Cakes,2020-06-08,106 days
lemon meringue pie,91.89189,2022-10-11,13,5,desserts,8 steamed puddings,120.0,lemon meringue pie,120.0,hidden surprise mousse dessert,270.0,2.0,Lemon meringue pie!,2020-06-09,854 days
red velvet cake,71.42857,2022-09-13,13,1,cake,12 mini sandwich cakes,120.0,red velvet cake,120.0,3d cake home,240.0,2.0,Old fashion red velvet cake,2020-06-10,825 days
 chocolate teacakes,75.0,2012-10-02,3,8,biscuit,48 crackers,120.0, chocolate teacakes,120.0,gingerbread structure,240.0,2.0,Simple chocolate cake,2020-06-10,-2808 days
 chocolate teacakes,71.111115,2012-10-02,3,8,biscuit,48 crackers,120.0, chocolate teacakes,120.0,gingerbread structure,240.0,2.0,Baked chocolate cheesecake,2020-06-10,-2808 days
 miniature pineapple upside-down cakes,78.37838,2020-09-22,11,1,cake,battenberg cake,120.0, miniature pineapple upside-down cakes,90.0,celebrity hero cake bust,240.0,2.0,My first pineapple upside down cake!,2020-06-10,104 days
 miniature pineapple upside-down cakes,74.666664,2020-09-22,11,1,cake,battenberg cake,120.0, miniature pineapple upside-down cakes,90.0,celebrity hero cake bust,240.0,2.0,Red velvet pineapple upside down cake,2020-06-12,102 days
chocolate babka,73.333336,2020-10-13,11,4,chocolate,18 chocolate brownies,90.0,chocolate babka,150.0,white chocolate celebration cake,240.0,2.0,Chocolate Cake!,2020-06-12,123 days
 chocolate teacakes,71.42857,2012-10-02,3,8,biscuit,48 crackers,120.0, chocolate teacakes,120.0,gingerbread structure,240.0,2.0,Chocolate overload cake,2020-06-13,-2811 days
 egg custard tarts,73.333336,2013-09-10,4,4,pies and tarts,double crust fruit pie,120.0, egg custard tarts,120.0,filo pie,240.0,,Custard tart,2020-06-13,-2468 days
 miniature pineapple upside-down cakes,70.12987,2020-09-22,11,1,cake,battenberg cake,120.0, miniature pineapple upside-down cakes,90.0,celebrity hero cake bust,240.0,2.0,best pineapple upside down cake recipe?,2020-06-13,101 days
 english muffins,81.25,2013-08-27,4,2,bread,36 breadsticks,120.0, english muffins,165.0,decorative loaf,240.0,,English Muffins!,2020-06-14,-2483 days
 jam doughnuts,75.86207,2012-09-25,3,7,sweet dough,24 sweet buns,180.0, jam doughnuts,150.0,celebratory loaf,,,Cake doughnuts!,2020-06-16,-2821 days
chocolate soufflé,82.35294,2015-09-30,6,9,chocolate,chocolate tart,150.0,chocolate soufflé,75.0,chocolate centrepieces,240.0,,Chocolate Souffle,2020-06-17,-1722 days
chocolate soufflé,82.35294,2015-09-30,6,9,chocolate,chocolate tart,150.0,chocolate soufflé,75.0,chocolate centrepieces,240.0,,Chocolate Souffle,2020-06-17,-1722 days
lemon meringue pie,83.333336,2022-10-11,13,5,desserts,8 steamed puddings,120.0,lemon meringue pie,120.0,hidden surprise mousse dessert,270.0,2.0,Lemon Meringue Pie,2020-06-19,844 days
lemon meringue pie,73.17073,2022-10-11,13,5,desserts,8 steamed puddings,120.0,lemon meringue pie,120.0,hidden surprise mousse dessert,270.0,2.0,Lemon Meringue Mini Pie,2020-06-22,841 days
lemon meringue pie,73.17073,2022-10-11,13,5,desserts,8 steamed puddings,120.0,lemon meringue pie,120.0,hidden surprise mousse dessert,270.0,2.0,Mini Lemon Meringue Pie,2020-06-22,841 days
 chocolate teacakes,75.0,2012-10-02,3,8,biscuit,48 crackers,120.0, chocolate teacakes,120.0,gingerbread structure,240.0,2.0,German chocolate cake,2020-06-22,-2820 days
 chocolate teacakes,72.22222,2012-10-02,3,8,biscuit,48 crackers,120.0, chocolate teacakes,120.0,gingerbread structure,240.0,2.0,Chocolate cookies,2020-06-22,-2820 days
chocolate babka,72.22222,2020-10-13,11,4,chocolate,18 chocolate brownies,90.0,chocolate babka,150.0,white chocolate celebration cake,240.0,2.0,Chocolate bakka bread,2020-06-22,113 days
chocolate babka,75.0,2020-10-13,11,4,chocolate,18 chocolate brownies,90.0,chocolate babka,150.0,white chocolate celebration cake,240.0,2.0,chocolate,2020-06-23,112 days
chocolate babka,75.0,2020-10-13,11,4,chocolate,18 chocolate brownies,90.0,chocolate babka,150.0,white chocolate celebration cake,240.0,2.0,chocolate,2020-06-23,112 days
 english muffins,83.870964,2013-08-27,4,2,bread,36 breadsticks,120.0, english muffins,165.0,decorative loaf,240.0,,English Muffins,2020-06-24,-2493 days
lemon meringue pie,83.333336,2022-10-11,13,5,desserts,8 steamed puddings,120.0,lemon meringue pie,120.0,hidden surprise mousse dessert,270.0,2.0,Lemon Meringue Pie,2020-06-24,839 days
 chocolate teacakes,81.08108,2012-10-02,3,8,biscuit,48 crackers,120.0, chocolate teacakes,120.0,gingerbread structure,240.0,2.0,chocolate cupcakes,2020-06-26,-2824 days
 chocolate teacakes,72.22222,2012-10-02,3,8,biscuit,48 crackers,120.0, chocolate teacakes,120.0,gingerbread structure,240.0,2.0,Chocolate cookies,2020-06-27,-2825 days
 chocolate teacakes,75.675674,2012-10-02,3,8,biscuit,48 crackers,120.0, chocolate teacakes,120.0,gingerbread structure,240.0,2.0,Chocolate cupcakes,2020-07-01,-2829 days
chocolate babka,75.86207,2020-10-13,11,4,chocolate,18 chocolate brownies,90.0,chocolate babka,150.0,white chocolate celebration cake,240.0,2.0,Chocolate Cake,2020-07-02,103 days
 chocolate teacakes,75.0,2012-10-02,3,8,biscuit,48 crackers,120.0, chocolate teacakes,120.0,gingerbread structure,240.0,2.0,Fudgey chocolate cake,2020-07-03,-2831 days
 pastéis de nata,82.35294,2017-10-03,8,6,pastry,4 shortcrust savoury pies,150.0, pastéis de nata,120.0,family-sized hand-raised pie,240.0,2.0,Pastéis de nata 🇵🇹,2020-07-05,-1006 days
 chocolate teacakes,75.675674,2012-10-02,3,8,biscuit,48 crackers,120.0, chocolate teacakes,120.0,gingerbread structure,240.0,2.0,Chocolate Cupcakes,2020-07-05,-2833 days
angel food cake,71.79487,2013-08-20,4,1,cake,sandwich cake,120.0,angel food cake,150.0,chocolate cake,240.0,,Angel food cake with rum,2020-07-05,-2511 days
 chocolate teacakes,73.68421,2012-10-02,3,8,biscuit,48 crackers,120.0, chocolate teacakes,120.0,gingerbread structure,240.0,2.0,Chocolate malt cake,2020-07-06,-2834 days
coffee and walnut battenberg,76.0,2011-08-16,2,1,cake,24 cupcakes,120.0,coffee and walnut battenberg,120.0,chocolate tiered cake,300.0,,Coffee and walnut cake,2020-07-09,-3250 days
chocolate babka,73.17073,2020-10-13,11,4,chocolate,18 chocolate brownies,90.0,chocolate babka,150.0,white chocolate celebration cake,240.0,2.0,chocolate pistachio babka!,2020-07-10,95 days
chocolate babka,75.86207,2020-10-13,11,4,chocolate,18 chocolate brownies,90.0,chocolate babka,150.0,white chocolate celebration cake,240.0,2.0,Chocolate Cake,2020-07-11,94 days
 hand-shaped coconut macaroons,70.37037,2020-09-29,11,2,biscuit,36 chocolate florentines,120.0, hand-shaped coconut macaroons,105.0,3d biscuit table setting,240.0,1.0,Messy coconut macaroons!,2020-07-11,80 days
focaccia,72.72727,2011-08-30,2,3,bread,free form loaf,195.0,focaccia,210.0,12 sweet and 12 savoury rolls,300.0,,First focaccia,2020-07-11,-3238 days
focaccia,72.72727,2011-08-30,2,3,bread,free form loaf,195.0,focaccia,210.0,12 sweet and 12 savoury rolls,300.0,,First focaccia,2020-07-11,-3238 days
matcha crepe cake,72.72727,2020-10-27,11,6,japanese,8 steamed buns,150.0,matcha crepe cake,120.0,kawaii cake,240.0,,Ombré crepe cake,2020-07-13,106 days
 white chocolate and blackberry cheesecakes,70.12987,2023-10-18,14,4,chocolate,chocolate torte,, white chocolate and blackberry cheesecakes,,edible chocolate box cake,,2.0,Matcha chocolate double cheesecake,2020-07-13,1192 days
 chocolate teacakes,75.675674,2012-10-02,3,8,biscuit,48 crackers,120.0, chocolate teacakes,120.0,gingerbread structure,240.0,2.0,Chocolate cupcakes,2020-07-14,-2842 days
 chocolate teacakes,73.17073,2012-10-02,3,8,biscuit,48 crackers,120.0, chocolate teacakes,120.0,gingerbread structure,240.0,2.0,Almond chocolate cake.,2020-07-14,-2842 days
crème caramel,92.30769,2012-09-04,3,4,desserts,wheat-free torte cake,180.0,crème caramel,165.0,4 layered meringue dessert,,,Crème caramel,2020-07-14,-2870 days
chocolate soufflé,88.23529,2015-09-30,6,9,chocolate,chocolate tart,150.0,chocolate soufflé,75.0,chocolate centrepieces,240.0,,Chocolate souffle,2020-07-15,-1750 days
 ginger biscuits,75.675674,2017-10-31,8,10,final,12 small loaves,180.0, ginger biscuits,150.0,large entremet,300.0,2.0,Gingernut bisbiscuits,2020-07-15,-988 days
 ginger biscuits,82.35294,2017-10-31,8,10,final,12 small loaves,180.0, ginger biscuits,150.0,large entremet,300.0,2.0,Gingernut biscuits,2020-07-15,-988 days
 chocolate teacakes,70.833336,2012-10-02,3,8,biscuit,48 crackers,120.0, chocolate teacakes,120.0,gingerbread structure,240.0,2.0,Made a chocolate themed cake!,2020-07-16,-2844 days
angel food cake,80.0,2013-08-20,4,1,cake,sandwich cake,120.0,angel food cake,150.0,chocolate cake,240.0,,Angel Food Cake,2020-07-18,-2524 days
lemon meringue pie,94.44444,2022-10-11,13,5,desserts,8 steamed puddings,120.0,lemon meringue pie,120.0,hidden surprise mousse dessert,270.0,2.0,Lemon meringue pie,2020-07-18,815 days
 fortune cookies,75.0,2017-09-05,8,2,biscuit,24 sandwich biscuits,135.0, fortune cookies,120.0,biscuit board games,210.0,2.0,My first cookies,2020-07-18,-1047 days
lemon meringue pie,70.588234,2022-10-11,13,5,desserts,8 steamed puddings,120.0,lemon meringue pie,120.0,hidden surprise mousse dessert,270.0,2.0,Made my first lemon meringue pie!,2020-07-18,815 days
angel food cake,75.0,2013-08-20,4,1,cake,sandwich cake,120.0,angel food cake,150.0,chocolate cake,240.0,,My first angel food cake!,2020-07-20,-2526 days
red velvet cake,80.0,2022-09-13,13,1,cake,12 mini sandwich cakes,120.0,red velvet cake,120.0,3d cake home,240.0,2.0,Red Velvet Cake,2020-07-22,783 days
 pastéis de nata,83.870964,2017-10-03,8,6,pastry,4 shortcrust savoury pies,150.0, pastéis de nata,120.0,family-sized hand-raised pie,240.0,2.0,Pasteis de nata,2020-07-22,-1023 days
 fortune cookies,70.96774,2017-09-05,8,2,biscuit,24 sandwich biscuits,135.0, fortune cookies,120.0,biscuit board games,210.0,2.0,s'mores cookies,2020-07-22,-1051 days
s'mores,85.71429,2022-10-18,13,6,halloween,apple cake,120.0,s'mores,120.0,edible hanging halloween piñata lantern,240.0,2.0,S'mores,2020-07-24,816 days
 miniature pineapple upside-down cakes,75.0,2020-09-22,11,1,cake,battenberg cake,120.0, miniature pineapple upside-down cakes,90.0,celebrity hero cake bust,240.0,2.0,Pineapple upside down cake,2020-07-25,59 days
 miniature pineapple upside-down cakes,72.94118,2020-09-22,11,1,cake,battenberg cake,120.0, miniature pineapple upside-down cakes,90.0,celebrity hero cake bust,240.0,2.0,Late night bake! :) pineapple upside down cake!,2020-07-25,59 days
 miniature pineapple upside-down cakes,79.45206,2020-09-22,11,1,cake,battenberg cake,120.0, miniature pineapple upside-down cakes,90.0,celebrity hero cake bust,240.0,2.0,My first pineapple upside down cake,2020-07-26,58 days
 miniature pineapple upside-down cakes,72.289154,2020-09-22,11,1,cake,battenberg cake,120.0, miniature pineapple upside-down cakes,90.0,celebrity hero cake bust,240.0,2.0,Another view of my pineapple upside down cake,2020-07-26,58 days
tiramisu cake,77.41936,2014-08-27,5,4,dessert,8 self-saucing puddings,120.0,tiramisu cake,150.0,baked alaska,270.0,,Tiramisu cupcakes!,2020-07-26,-2160 days
 miniature pineapple upside-down cakes,75.0,2020-09-22,11,1,cake,battenberg cake,120.0, miniature pineapple upside-down cakes,90.0,celebrity hero cake bust,240.0,2.0,Pineapple upside down cake,2020-07-26,58 days
 miniature pineapple upside-down cakes,75.0,2020-09-22,11,1,cake,battenberg cake,120.0, miniature pineapple upside-down cakes,90.0,celebrity hero cake bust,240.0,2.0,Pineapple upside down cake,2020-07-26,58 days
red velvet cake,90.32258,2022-09-13,13,1,cake,12 mini sandwich cakes,120.0,red velvet cake,120.0,3d cake home,240.0,2.0,Red velvet cake!,2020-07-28,777 days
lemon meringue pie,75.675674,2022-10-11,13,5,desserts,8 steamed puddings,120.0,lemon meringue pie,120.0,hidden surprise mousse dessert,270.0,2.0,Lemon Meringue Cake,2020-07-28,805 days
tiramisu cake,84.61539,2014-08-27,5,4,dessert,8 self-saucing puddings,120.0,tiramisu cake,150.0,baked alaska,270.0,,Tiramisu Cake,2020-07-28,-2162 days
chocolate babka,87.5,2020-10-13,11,4,chocolate,18 chocolate brownies,90.0,chocolate babka,150.0,white chocolate celebration cake,240.0,2.0,Chocolate babka 😍,2020-07-28,77 days
 fortune cookies,70.96774,2017-09-05,8,2,biscuit,24 sandwich biscuits,135.0, fortune cookies,120.0,biscuit board games,210.0,2.0,S'mores cookies,2020-07-31,-1060 days
chocolate roulade,70.588234,2011-09-20,2,6,desserts,baked cheesecake,150.0,chocolate roulade,105.0,croquembouche,300.0,,Chocolate cobbler,2020-07-31,-3237 days
red velvet cake,72.72727,2022-09-13,13,1,cake,12 mini sandwich cakes,120.0,red velvet cake,120.0,3d cake home,240.0,2.0,Red velvet anyone?,2020-07-31,774 days
 hand-shaped coconut macaroons,73.84615,2020-09-29,11,2,biscuit,36 chocolate florentines,120.0, hand-shaped coconut macaroons,105.0,3d biscuit table setting,240.0,1.0,tried my hand at coconut macaroons!,2020-08-01,59 days
 fortune cookies,72.72727,2017-09-05,8,2,biscuit,24 sandwich biscuits,135.0, fortune cookies,120.0,biscuit board games,210.0,2.0,Lofthouse cookies,2020-08-01,-1061 days
 pastéis de nata,83.870964,2017-10-03,8,6,pastry,4 shortcrust savoury pies,150.0, pastéis de nata,120.0,family-sized hand-raised pie,240.0,2.0,Pasteis de nata,2020-08-01,-1033 days
 english muffins,78.78788,2013-08-27,4,2,bread,36 breadsticks,120.0, english muffins,165.0,decorative loaf,240.0,,English Muffins 🌟,2020-08-02,-2532 days
red velvet cake,76.47059,2022-09-13,13,1,cake,12 mini sandwich cakes,120.0,red velvet cake,120.0,3d cake home,240.0,2.0,Red Velvet Cupcakes,2020-08-02,772 days
chocolate roulade,73.68421,2011-09-20,2,6,desserts,baked cheesecake,150.0,chocolate roulade,105.0,croquembouche,300.0,,chocolate Marble Cake,2020-08-03,-3240 days
 chocolate teacakes,72.0,2012-10-02,3,8,biscuit,48 crackers,120.0, chocolate teacakes,120.0,gingerbread structure,240.0,2.0,Molten chocolate castella cake!,2020-08-03,-2862 days
 chocolate mini rolls,73.17073,2017-08-29,8,1,cake,fruity cake,120.0, chocolate mini rolls,120.0,illusion cake,240.0,2.0,Chocolate Swiss roll,2020-08-04,-1071 days
 chocolate teacakes,71.42857,2012-10-02,3,8,biscuit,48 crackers,120.0, chocolate teacakes,120.0,gingerbread structure,240.0,2.0,Rasberry chocolate cake,2020-08-06,-2865 days
 white chocolate and blackberry cheesecakes,90.0,2023-10-18,14,4,chocolate,chocolate torte,, white chocolate and blackberry cheesecakes,,edible chocolate box cake,,2.0,White chocolate blackberry cheesecake,2020-08-08,1166 days
 fortune cookies,75.86207,2017-09-05,8,2,biscuit,24 sandwich biscuits,135.0, fortune cookies,120.0,biscuit board games,210.0,2.0,Corn cookies.,2020-08-09,-1069 days
red velvet cake,75.675674,2022-09-13,13,1,cake,12 mini sandwich cakes,120.0,red velvet cake,120.0,3d cake home,240.0,2.0,Red velvet cake I made,2020-08-09,765 days
 english muffins,90.32258,2013-08-27,4,2,bread,36 breadsticks,120.0, english muffins,165.0,decorative loaf,240.0,,English muffins,2020-08-11,-2541 days
 chocolate teacakes,78.947365,2012-10-02,3,8,biscuit,48 crackers,120.0, chocolate teacakes,120.0,gingerbread structure,240.0,2.0,Dark chocolate cake,2020-08-11,-2870 days
chocolate babka,81.08108,2020-10-13,11,4,chocolate,18 chocolate brownies,90.0,chocolate babka,150.0,white chocolate celebration cake,240.0,2.0,Made a chocolate babka,2020-08-11,63 days
lemon meringue pie,70.27027,2022-10-11,13,5,desserts,8 steamed puddings,120.0,lemon meringue pie,120.0,hidden surprise mousse dessert,270.0,2.0,Lemon Meringue bars,2020-08-12,790 days
 miniature pineapple upside-down cakes,75.0,2020-09-22,11,1,cake,battenberg cake,120.0, miniature pineapple upside-down cakes,90.0,celebrity hero cake bust,240.0,2.0,Pineapple upside down cake,2020-08-14,39 days
angel food cake,73.17073,2013-08-20,4,1,cake,sandwich cake,120.0,angel food cake,150.0,chocolate cake,240.0,,Too much angel food cake!!,2020-08-15,-2552 days
red velvet cake,71.42857,2022-09-13,13,1,cake,12 mini sandwich cakes,120.0,red velvet cake,120.0,3d cake home,240.0,2.0,red velvet birthday cake :),2020-08-16,758 days
treacle tart,72.72727,2012-08-28,3,3,tarts,tarte tatin,150.0,treacle tart,120.0,designer fruit tart,180.0,,Peach tart,2020-08-16,-2910 days
lemon meringue pie,75.675674,2022-10-11,13,5,desserts,8 steamed puddings,120.0,lemon meringue pie,120.0,hidden surprise mousse dessert,270.0,2.0,Lemon Meringue Cake,2020-08-16,786 days
lemon meringue pie,78.04878,2022-10-11,13,5,desserts,8 steamed puddings,120.0,lemon meringue pie,120.0,hidden surprise mousse dessert,270.0,2.0,Lemon meringue cupcakes,2020-08-17,785 days
 english muffins,71.42857,2013-08-27,4,2,bread,36 breadsticks,120.0, english muffins,165.0,decorative loaf,240.0,,First ever English Muffins,2020-08-20,-2550 days
chocolate soufflé,94.117645,2015-09-30,6,9,chocolate,chocolate tart,150.0,chocolate soufflé,75.0,chocolate centrepieces,240.0,,Chocolate soufflé,2020-08-21,-1787 days
chocolate babka,77.77778,2020-10-13,11,4,chocolate,18 chocolate brownies,90.0,chocolate babka,150.0,white chocolate celebration cake,240.0,2.0,Chocolate pecan babka,2020-08-23,51 days
red velvet cake,80.0,2022-09-13,13,1,cake,12 mini sandwich cakes,120.0,red velvet cake,120.0,3d cake home,240.0,2.0,Red velvet cakesicle,2020-08-25,749 days
 chocolate teacakes,71.79487,2012-10-02,3,8,biscuit,48 crackers,120.0, chocolate teacakes,120.0,gingerbread structure,240.0,2.0,Chocolate Cheesecake,2020-08-28,-2887 days
 chocolate teacakes,78.78788,2012-10-02,3,8,biscuit,48 crackers,120.0, chocolate teacakes,120.0,gingerbread structure,240.0,2.0,Chocolate cake,2020-08-29,-2888 days
chocolate roulade,70.588234,2011-09-20,2,6,desserts,baked cheesecake,150.0,chocolate roulade,105.0,croquembouche,300.0,,Chocolate bread!!,2020-08-30,-3267 days
 chocolate teacakes,73.68421,2012-10-02,3,8,biscuit,48 crackers,120.0, chocolate teacakes,120.0,gingerbread structure,240.0,2.0,Yay! Chocolate cake,2020-08-30,-2889 days
 english muffins,81.25,2013-08-27,4,2,bread,36 breadsticks,120.0, english muffins,165.0,decorative loaf,240.0,,English Muffins!,2020-08-30,-2560 days
lemon meringue pie,83.333336,2022-10-11,13,5,desserts,8 steamed puddings,120.0,lemon meringue pie,120.0,hidden surprise mousse dessert,270.0,2.0,Lemon Meringue Pie,2020-08-30,772 days
 english muffins,73.17073,2013-08-27,4,2,bread,36 breadsticks,120.0, english muffins,165.0,decorative loaf,240.0,,Sourdough English muffins,2020-08-30,-2560 days
red velvet cake,73.68421,2022-09-13,13,1,cake,12 mini sandwich cakes,120.0,red velvet cake,120.0,3d cake home,240.0,2.0,Red velvet cheesecakes.,2020-08-31,743 days
victoria sandwich,76.92308,2010-08-17,1,1,cake,cake,180.0,victoria sandwich,,chocolate celebration cake,,1.0,Victoria Sandwich Cake,2020-08-31,-3667 days
red velvet cake,90.32258,2022-09-13,13,1,cake,12 mini sandwich cakes,120.0,red velvet cake,120.0,3d cake home,240.0,2.0,Red velvet cake?,2020-08-31,743 days
 fondant fancies,70.96774,2012-10-16,3,10,final,pithivier,150.0, fondant fancies,150.0,chiffon cake,240.0,2.0,3” fondant cake,2020-09-01,-2877 days
 miniature pineapple upside-down cakes,71.875,2020-09-22,11,1,cake,battenberg cake,120.0, miniature pineapple upside-down cakes,90.0,celebrity hero cake bust,240.0,2.0,Pineapple Upside-down Cake,2020-09-04,18 days
 chocolate teacakes,71.111115,2012-10-02,3,8,biscuit,48 crackers,120.0, chocolate teacakes,120.0,gingerbread structure,240.0,2.0,dark chocolate oreo cake 🎂,2020-09-05,-2895 days
 egg custard tarts,71.79487,2013-09-10,4,4,pies and tarts,double crust fruit pie,120.0, egg custard tarts,120.0,filo pie,240.0,,Tea Egg Custard Tart!,2020-09-06,-2553 days
 baguettes,74.07407,2015-08-19,6,3,bread,2 quick breads,90.0, baguettes,150.0,3d bread sculpture,300.0,,Some ok baguettes,2020-09-06,-1845 days
 miniature pineapple upside-down cakes,74.28571,2020-09-22,11,1,cake,battenberg cake,120.0, miniature pineapple upside-down cakes,90.0,celebrity hero cake bust,240.0,2.0,Mini Pineapple Upside Down Cakes,2020-09-06,16 days
chocolate babka,93.333336,2020-10-13,11,4,chocolate,18 chocolate brownies,90.0,chocolate babka,150.0,white chocolate celebration cake,240.0,2.0,Chocolate babka,2020-09-06,37 days
chocolate babka,75.86207,2020-10-13,11,4,chocolate,18 chocolate brownies,90.0,chocolate babka,150.0,white chocolate celebration cake,240.0,2.0,Chocolate Cake,2020-09-07,36 days
red velvet cake,93.333336,2022-09-13,13,1,cake,12 mini sandwich cakes,120.0,red velvet cake,120.0,3d cake home,240.0,2.0,Red velvet cake,2020-09-13,730 days
 chocolate teacakes,78.947365,2012-10-02,3,8,biscuit,48 crackers,120.0, chocolate teacakes,120.0,gingerbread structure,240.0,2.0,Hot chocolate cake!,2020-09-13,-2903 days
bakewell tart,73.333336,2016-09-21,7,5,pastry,24 breakfast pastries,210.0,bakewell tart,150.0,48 filo amuse-bouche,240.0,,Bakewell-ish Tart,2020-09-13,-1453 days
 fortune cookies,70.96774,2017-09-05,8,2,biscuit,24 sandwich biscuits,135.0, fortune cookies,120.0,biscuit board games,210.0,2.0,brownie cookies,2020-09-14,-1105 days
chocolate babka,75.86207,2020-10-13,11,4,chocolate,18 chocolate brownies,90.0,chocolate babka,150.0,white chocolate celebration cake,240.0,2.0,Chocolate Cake,2020-09-15,28 days
 miniature pineapple upside-down cakes,72.97298,2020-09-22,11,1,cake,battenberg cake,120.0, miniature pineapple upside-down cakes,90.0,celebrity hero cake bust,240.0,2.0,Mini Bundt Pineapple Upsidedown Cake,2020-09-16,6 days
lemon meringue pie,80.0,2022-10-11,13,5,desserts,8 steamed puddings,120.0,lemon meringue pie,120.0,hidden surprise mousse dessert,270.0,2.0,Homeade lemon meringue pie.,2020-09-17,754 days
red velvet cake,71.79487,2022-09-13,13,1,cake,12 mini sandwich cakes,120.0,red velvet cake,120.0,3d cake home,240.0,2.0,Red velvet birthday cake,2020-09-17,726 days
chocolate roulade,73.17073,2011-09-20,2,6,desserts,baked cheesecake,150.0,chocolate roulade,105.0,croquembouche,300.0,,Chocolate roulette cake!,2020-09-18,-3286 days
red velvet cake,80.0,2022-09-13,13,1,cake,12 mini sandwich cakes,120.0,red velvet cake,120.0,3d cake home,240.0,2.0,Red Velvet Cake,2020-09-20,723 days
 chocolate teacakes,70.27027,2012-10-02,3,8,biscuit,48 crackers,120.0, chocolate teacakes,120.0,gingerbread structure,240.0,2.0,Chocolate M&M cake,2020-09-20,-2910 days
 hand-shaped coconut macaroons,70.17544,2020-09-29,11,2,biscuit,36 chocolate florentines,120.0, hand-shaped coconut macaroons,105.0,3d biscuit table setting,240.0,1.0,Harvey’s coconut macaroons!,2020-09-21,8 days
mini pear pies,75.86207,2014-09-03,5,5,pies and tarts,custard tart,150.0,mini pear pies,120.0,three-tiered pie,270.0,,Mini Apple pies,2020-09-24,-2213 days
angel food cake,70.588234,2013-08-20,4,1,cake,sandwich cake,120.0,angel food cake,150.0,chocolate cake,240.0,,Angel Food Cake 😇😇😇,2020-09-24,-2592 days
red velvet cake,76.47059,2022-09-13,13,1,cake,12 mini sandwich cakes,120.0,red velvet cake,120.0,3d cake home,240.0,2.0,Red Velvet Cupcakes,2020-09-25,718 days
mini pear pies,70.96774,2014-09-03,5,5,pies and tarts,custard tart,150.0,mini pear pies,120.0,three-tiered pie,270.0,,Pumpkin pecan pie,2020-09-25,-2214 days
 angel cake slices,72.22222,2019-08-27,10,1,cake,fruit cake,150.0, angel cake slices,105.0,birthday cake,240.0,3.0,i made cakesicles!,2020-09-25,-395 days
chocolate babka,86.666664,2020-10-13,11,4,chocolate,18 chocolate brownies,90.0,chocolate babka,150.0,white chocolate celebration cake,240.0,2.0,Chocolate Babka,2020-09-26,17 days
lemon meringue pie,78.04878,2022-10-11,13,5,desserts,8 steamed puddings,120.0,lemon meringue pie,120.0,hidden surprise mousse dessert,270.0,2.0,Lemon meringue cupcakes,2020-09-27,744 days
 white chocolate and blackberry cheesecakes,78.16092,2023-10-18,14,4,chocolate,chocolate torte,, white chocolate and blackberry cheesecakes,,edible chocolate box cake,,2.0,No bake white chocolate raspberry cheesecake,2020-09-29,1114 days
red velvet cake,71.42857,2022-09-13,13,1,cake,12 mini sandwich cakes,120.0,red velvet cake,120.0,3d cake home,240.0,2.0,Watercolor red velvet cake!,2020-09-29,714 days
 chocolate teacakes,73.17073,2012-10-02,3,8,biscuit,48 crackers,120.0, chocolate teacakes,120.0,gingerbread structure,240.0,2.0,Ruby chocolate recipes,2020-09-29,-2919 days
 miniature pineapple upside-down cakes,73.84615,2020-09-22,11,1,cake,battenberg cake,120.0, miniature pineapple upside-down cakes,90.0,celebrity hero cake bust,240.0,2.0,Pineapple upside down cake.,2020-09-30,-8 days
 chocolate teacakes,75.675674,2012-10-02,3,8,biscuit,48 crackers,120.0, chocolate teacakes,120.0,gingerbread structure,240.0,2.0,Chocolate cupcakes,2020-09-30,-2920 days
mini pear pies,75.86207,2014-09-03,5,5,pies and tarts,custard tart,150.0,mini pear pies,120.0,three-tiered pie,270.0,,Mini apple pies,2020-09-30,-2219 days
red velvet cake,70.96774,2022-09-13,13,1,cake,12 mini sandwich cakes,120.0,red velvet cake,120.0,3d cake home,240.0,2.0,Red velvet baby!,2020-09-30,713 days
red velvet cake,82.35294,2022-09-13,13,1,cake,12 mini sandwich cakes,120.0,red velvet cake,120.0,3d cake home,240.0,2.0,Red velvet cupcakes,2020-10-01,712 days
 miniature pineapple upside-down cakes,73.809525,2020-09-22,11,1,cake,battenberg cake,120.0, miniature pineapple upside-down cakes,90.0,celebrity hero cake bust,240.0,2.0,A mini (4inch) pineapple upside down cake!! :),2020-10-02,-10 days
 white chocolate and blackberry cheesecakes,77.64706,2023-10-18,14,4,chocolate,chocolate torte,, white chocolate and blackberry cheesecakes,,edible chocolate box cake,,2.0,White chocolate raspberry cheesecake swirl,2020-10-02,1111 days
the signature chocolate cake with fresh raspberries,70.32967,2023-09-26,14,1,cake,vertical layer cake,,the signature chocolate cake with fresh raspberries,120.0,3d shaped animal cake,240.0,2.0,Chocolate mousse cake with fresh berries,2020-10-03,1088 days
 chocolate teacakes,73.17073,2012-10-02,3,8,biscuit,48 crackers,120.0, chocolate teacakes,120.0,gingerbread structure,240.0,2.0,Chocolate piñata cake.,2020-10-03,-2923 days
tiramisu cake,84.61539,2014-08-27,5,4,dessert,8 self-saucing puddings,120.0,tiramisu cake,150.0,baked alaska,270.0,,Tiramisu Cake,2020-10-03,-2229 days
schichttorte,70.96774,2014-10-01,5,9,pâtisserie,24 baklava,210.0,schichttorte,120.0,24 entremets,300.0,,German Schichttorte,2020-10-04,-2195 days
 chocolate teacakes,73.46939,2012-10-02,3,8,biscuit,48 crackers,120.0, chocolate teacakes,120.0,gingerbread structure,240.0,2.0,I made chocolate castella cake,2020-10-04,-2924 days
lemon meringue pie,70.833336,2022-10-11,13,5,desserts,8 steamed puddings,120.0,lemon meringue pie,120.0,hidden surprise mousse dessert,270.0,2.0,My stunning lemon merengue pie,2020-10-08,733 days
 viennese whirls,80.0,2016-08-31,7,2,biscuit,24 iced biscuits,150.0, viennese whirls,90.0,gingerbread 3d scene,240.0,2.0,Vinnese Whirls,2020-10-08,-1499 days
 viennese whirls,83.870964,2016-08-31,7,2,biscuit,24 iced biscuits,150.0, viennese whirls,90.0,gingerbread 3d scene,240.0,2.0,Viennese Whirls,2020-10-08,-1499 days
 chocolate teacakes,70.27027,2012-10-02,3,8,biscuit,48 crackers,120.0, chocolate teacakes,120.0,gingerbread structure,240.0,2.0,Chocolate crinkles,2020-10-10,-2930 days
frasier cake,72.72727,2012-10-09,3,9,pâtisserie,3 types of petits fours,,frasier cake,150.0,choux pastry gâteau,,,Tiger cake,2020-10-12,-2925 days
 miniature pineapple upside-down cakes,78.37838,2020-09-22,11,1,cake,battenberg cake,120.0, miniature pineapple upside-down cakes,90.0,celebrity hero cake bust,240.0,2.0,My first pineapple upside down cake!,2020-10-15,-23 days
tiramisu cake,75.0,2014-08-27,5,4,dessert,8 self-saucing puddings,120.0,tiramisu cake,150.0,baked alaska,270.0,,Tiramisu layer cake,2020-10-16,-2242 days
red velvet cake,93.333336,2022-09-13,13,1,cake,12 mini sandwich cakes,120.0,red velvet cake,120.0,3d cake home,240.0,2.0,Red velvet cake,2020-10-16,697 days
red velvet cake,93.333336,2022-09-13,13,1,cake,12 mini sandwich cakes,120.0,red velvet cake,120.0,3d cake home,240.0,2.0,Red velvet cake,2020-10-16,697 days
 miniature pineapple upside-down cakes,77.77778,2020-09-22,11,1,cake,battenberg cake,120.0, miniature pineapple upside-down cakes,90.0,celebrity hero cake bust,240.0,2.0,Made a pineapple upside down cake.,2020-10-17,-25 days
 sticky toffee puddings,88.888885,2021-10-12,12,4,desserts,pavlova,165.0, sticky toffee puddings,90.0,joconde imprime dessert,270.0,2.0,Sticky toffee pudding!,2020-10-17,360 days
chocolate babka,70.27027,2020-10-13,11,4,chocolate,18 chocolate brownies,90.0,chocolate babka,150.0,white chocolate celebration cake,240.0,2.0,Chocolate banana bread,2020-10-19,-6 days
 chocolate teacakes,71.79487,2012-10-02,3,8,biscuit,48 crackers,120.0, chocolate teacakes,120.0,gingerbread structure,240.0,2.0,Chocolate Dream Cake,2020-10-20,-2940 days
lemon meringue pie,94.44444,2022-10-11,13,5,desserts,8 steamed puddings,120.0,lemon meringue pie,120.0,hidden surprise mousse dessert,270.0,2.0,Lemon meringue pie,2020-10-20,721 days
 chocolate teacakes,78.04878,2012-10-02,3,8,biscuit,48 crackers,120.0, chocolate teacakes,120.0,gingerbread structure,240.0,2.0,Molten chocolate cakes,2020-10-20,-2940 days
 chocolate teacakes,84.84849,2012-10-02,3,8,biscuit,48 crackers,120.0, chocolate teacakes,120.0,gingerbread structure,240.0,2.0,chocolate cake,2020-10-20,-2940 days
mini pear pies,70.96774,2014-09-03,5,5,pies and tarts,custard tart,150.0,mini pear pies,120.0,three-tiered pie,270.0,,Mini apple pies 🥧,2020-10-21,-2240 days
mini pear pies,70.96774,2014-09-03,5,5,pies and tarts,custard tart,150.0,mini pear pies,120.0,three-tiered pie,270.0,,Mini apple pies 🥧,2020-10-21,-2240 days
 pastéis de nata,83.870964,2017-10-03,8,6,pastry,4 shortcrust savoury pies,150.0, pastéis de nata,120.0,family-sized hand-raised pie,240.0,2.0,Pastéis de Nata,2020-10-21,-1114 days
lemon meringue pie,76.92308,2022-10-11,13,5,desserts,8 steamed puddings,120.0,lemon meringue pie,120.0,hidden surprise mousse dessert,270.0,2.0,Lemon Meringue Pie 🍋🥧,2020-10-21,720 days
 chocolate teacakes,85.71429,2012-10-02,3,8,biscuit,48 crackers,120.0, chocolate teacakes,120.0,gingerbread structure,240.0,2.0,A chocolate cake,2020-10-22,-2942 days
chocolate babka,86.666664,2020-10-13,11,4,chocolate,18 chocolate brownies,90.0,chocolate babka,150.0,white chocolate celebration cake,240.0,2.0,Chocolate Babka,2020-10-23,-10 days
red velvet cake,78.78788,2022-09-13,13,1,cake,12 mini sandwich cakes,120.0,red velvet cake,120.0,3d cake home,240.0,2.0,Blue velvet cake 🎂,2020-10-23,690 days
chocolate babka,90.32258,2020-10-13,11,4,chocolate,18 chocolate brownies,90.0,chocolate babka,150.0,white chocolate celebration cake,240.0,2.0,Chocolate babka.,2020-10-24,-11 days
 chocolate mini rolls,73.17073,2017-08-29,8,1,cake,fruity cake,120.0, chocolate mini rolls,120.0,illusion cake,240.0,2.0,Chocolate Swiss roll,2020-10-24,-1152 days
mini pear pies,75.86207,2014-09-03,5,5,pies and tarts,custard tart,150.0,mini pear pies,120.0,three-tiered pie,270.0,,Mini apple pies,2020-10-25,-2244 days
chocolate babka,75.675674,2020-10-13,11,4,chocolate,18 chocolate brownies,90.0,chocolate babka,150.0,white chocolate celebration cake,240.0,2.0,Chocolate orange babka,2020-10-28,-15 days
red velvet cake,71.42857,2022-09-13,13,1,cake,12 mini sandwich cakes,120.0,red velvet cake,120.0,3d cake home,240.0,2.0,Spooky red velvet cupcakes!,2020-10-29,684 days
angel food cake,75.0,2013-08-20,4,1,cake,sandwich cake,120.0,angel food cake,150.0,chocolate cake,240.0,,Angel Food Cake 🍰,2020-10-30,-2628 days
 chocolate teacakes,72.72727,2012-10-02,3,8,biscuit,48 crackers,120.0, chocolate teacakes,120.0,gingerbread structure,240.0,2.0,tasty chocolate lava cake,2020-11-05,-2956 days
red velvet cake,93.333336,2022-09-13,13,1,cake,12 mini sandwich cakes,120.0,red velvet cake,120.0,3d cake home,240.0,2.0,Red velvet cake,2020-11-05,677 days
 gluten-free pita bread,70.37037,2015-09-02,6,5,alternative ingredients,sugar-free cake,150.0, gluten-free pita bread,120.0,dairy-free ice cream roll,270.0,,Baking gluten free banana bread,2020-11-05,-1891 days
 chocolate teacakes,71.79487,2012-10-02,3,8,biscuit,48 crackers,120.0, chocolate teacakes,120.0,gingerbread structure,240.0,2.0,Chocolate Cheesecake,2020-11-07,-2958 days
 chocolate teacakes,72.22222,2012-10-02,3,8,biscuit,48 crackers,120.0, chocolate teacakes,120.0,gingerbread structure,240.0,2.0,Chocolate eclairs,2020-11-07,-2958 days
chocolate babka,75.0,2020-10-13,11,4,chocolate,18 chocolate brownies,90.0,chocolate babka,150.0,white chocolate celebration cake,240.0,2.0,My first chocolate babka!,2020-11-08,-26 days
chocolate babka,73.333336,2020-10-13,11,4,chocolate,18 chocolate brownies,90.0,chocolate babka,150.0,white chocolate celebration cake,240.0,2.0,Chocolate Cake!,2020-11-08,-26 days
 chocolate teacakes,73.17073,2012-10-02,3,8,biscuit,48 crackers,120.0, chocolate teacakes,120.0,gingerbread structure,240.0,2.0,Vanilla chocolate cake,2020-11-09,-2960 days
chocolate soufflé,73.17073,2015-09-30,6,9,chocolate,chocolate tart,150.0,chocolate soufflé,75.0,chocolate centrepieces,240.0,,French Chocolate Souffle,2020-11-10,-1868 days
lemon meringue pie,73.17073,2022-10-11,13,5,desserts,8 steamed puddings,120.0,lemon meringue pie,120.0,hidden surprise mousse dessert,270.0,2.0,Chocolate meringue pie.,2020-11-11,699 days
chocolate soufflé,70.588234,2015-09-30,6,9,chocolate,chocolate tart,150.0,chocolate soufflé,75.0,chocolate centrepieces,240.0,,Chocolate muffins,2020-11-12,-1870 days
chocolate babka,93.333336,2020-10-13,11,4,chocolate,18 chocolate brownies,90.0,chocolate babka,150.0,white chocolate celebration cake,240.0,2.0,Chocolate babka,2020-11-13,-31 days
 fortune cookies,75.86207,2017-09-05,8,2,biscuit,24 sandwich biscuits,135.0, fortune cookies,120.0,biscuit board games,210.0,2.0,Honey cookies,2020-11-13,-1165 days
 baguettes,76.190475,2015-08-19,6,3,bread,2 quick breads,90.0, baguettes,150.0,3d bread sculpture,300.0,,Baguettes 🥖,2020-11-15,-1915 days
 baguettes,75.0,2015-08-19,6,3,bread,2 quick breads,90.0, baguettes,150.0,3d bread sculpture,300.0,,Mini baguette!,2020-11-16,-1916 days
 chocolate teacakes,70.833336,2012-10-02,3,8,biscuit,48 crackers,120.0, chocolate teacakes,120.0,gingerbread structure,240.0,2.0,Low carb chocolate dream cake,2020-11-16,-2967 days
lemon meringue pie,70.27027,2022-10-11,13,5,desserts,8 steamed puddings,120.0,lemon meringue pie,120.0,hidden surprise mousse dessert,270.0,2.0,Lemon Meringue Tart,2020-11-17,693 days
lemon meringue pie,75.675674,2022-10-11,13,5,desserts,8 steamed puddings,120.0,lemon meringue pie,120.0,hidden surprise mousse dessert,270.0,2.0,Lemon Meringue Cake,2020-11-17,693 days
chocolate babka,76.92308,2020-10-13,11,4,chocolate,18 chocolate brownies,90.0,chocolate babka,150.0,white chocolate celebration cake,240.0,2.0,Homemade chocolate babka,2020-11-17,-35 days
 chocolate teacakes,71.79487,2012-10-02,3,8,biscuit,48 crackers,120.0, chocolate teacakes,120.0,gingerbread structure,240.0,2.0,Chocolate Bundt cake,2020-11-18,-2969 days
 chocolate teacakes,73.17073,2012-10-02,3,8,biscuit,48 crackers,120.0, chocolate teacakes,120.0,gingerbread structure,240.0,2.0,Soft chocolate cookies,2020-11-19,-2970 days
angel food cake,78.57143,2013-08-20,4,1,cake,sandwich cake,120.0,angel food cake,150.0,chocolate cake,240.0,,Dog food cake,2020-11-21,-2650 days
angel food cake,93.333336,2013-08-20,4,1,cake,sandwich cake,120.0,angel food cake,150.0,chocolate cake,240.0,,Angel food cake,2020-11-21,-2650 days
 english muffins,83.870964,2013-08-27,4,2,bread,36 breadsticks,120.0, english muffins,165.0,decorative loaf,240.0,,English Muffins,2020-11-21,-2643 days
 chocolate teacakes,76.47059,2012-10-02,3,8,biscuit,48 crackers,120.0, chocolate teacakes,120.0,gingerbread structure,240.0,2.0,Chocolate cake!,2020-11-22,-2973 days
 miniature pineapple upside-down cakes,76.92308,2020-09-22,11,1,cake,battenberg cake,120.0, miniature pineapple upside-down cakes,90.0,celebrity hero cake bust,240.0,2.0,Pineapple upside down cakes,2020-11-25,-64 days
 white chocolate and blackberry cheesecakes,76.74419,2023-10-18,14,4,chocolate,chocolate torte,, white chocolate and blackberry cheesecakes,,edible chocolate box cake,,2.0,White chocolate cranberry-orange cheesecake,2020-11-26,1056 days
 sticky toffee puddings,81.818184,2021-10-12,12,4,desserts,pavlova,165.0, sticky toffee puddings,90.0,joconde imprime dessert,270.0,2.0,Sticky Toffee Pudding,2020-11-27,319 days
 pastéis de nata,73.333336,2017-10-03,8,6,pastry,4 shortcrust savoury pies,150.0, pastéis de nata,120.0,family-sized hand-raised pie,240.0,2.0,Pastel de nata,2020-11-30,-1154 days
 chocolate teacakes,71.111115,2012-10-02,3,8,biscuit,48 crackers,120.0, chocolate teacakes,120.0,gingerbread structure,240.0,2.0,Mint chocolate cheesecake.,2020-11-30,-2981 days
 chocolate teacakes,81.08108,2012-10-02,3,8,biscuit,48 crackers,120.0, chocolate teacakes,120.0,gingerbread structure,240.0,2.0,Hot chocolate cake,2020-12-01,-2982 days
 ginger biscuits,77.77778,2017-10-31,8,10,final,12 small loaves,180.0, ginger biscuits,150.0,large entremet,300.0,2.0,Gingerbread biscuits,2020-12-01,-1127 days
chocolate roulade,70.588234,2011-09-20,2,6,desserts,baked cheesecake,150.0,chocolate roulade,105.0,croquembouche,300.0,,Chocolate brownie,2020-12-01,-3360 days
 chocolate teacakes,75.675674,2012-10-02,3,8,biscuit,48 crackers,120.0, chocolate teacakes,120.0,gingerbread structure,240.0,2.0,Chocolate Cupcakes,2020-12-01,-2982 days
 chocolate teacakes,75.0,2012-10-02,3,8,biscuit,48 crackers,120.0, chocolate teacakes,120.0,gingerbread structure,240.0,2.0,Chocolat cake,2020-12-02,-2983 days
chocolate babka,86.666664,2020-10-13,11,4,chocolate,18 chocolate brownies,90.0,chocolate babka,150.0,white chocolate celebration cake,240.0,2.0,Chocolate Babka,2020-12-04,-52 days
 chocolate teacakes,71.42857,2012-10-02,3,8,biscuit,48 crackers,120.0, chocolate teacakes,120.0,gingerbread structure,240.0,2.0,I made chocolate cake 🍫,2020-12-05,-2986 days
 fig rolls,76.190475,2019-09-03,10,2,biscuit,12 decorated chocolate biscuit bars,150.0, fig rolls,90.0,3d biscuit sculpture,240.0,2.0,Tight rolls,2020-12-06,-460 days
frasier cake,72.0,2012-10-09,3,9,pâtisserie,3 types of petits fours,,frasier cake,150.0,choux pastry gâteau,,,snickers cake,2020-12-06,-2980 days
crème caramel,84.61539,2012-09-04,3,4,desserts,wheat-free torte cake,180.0,crème caramel,165.0,4 layered meringue dessert,,,Creme caramel,2020-12-07,-3016 days
lemon meringue pie,72.0,2022-10-11,13,5,desserts,8 steamed puddings,120.0,lemon meringue pie,120.0,hidden surprise mousse dessert,270.0,2.0,Mini lemon meringue pies I made!,2020-12-09,671 days
 chocolate teacakes,71.79487,2012-10-02,3,8,biscuit,48 crackers,120.0, chocolate teacakes,120.0,gingerbread structure,240.0,2.0,Chocolate cube cake!,2020-12-09,-2990 days
 ginger biscuits,70.27027,2017-10-31,8,10,final,12 small loaves,180.0, ginger biscuits,150.0,large entremet,300.0,2.0,Help making biscuits!,2020-12-11,-1137 days
 fortune cookies,72.72727,2017-09-05,8,2,biscuit,24 sandwich biscuits,135.0, fortune cookies,120.0,biscuit board games,210.0,2.0,Tips for cookies?,2020-12-12,-1194 days
focaccia,82.35294,2011-08-30,2,3,bread,free form loaf,195.0,focaccia,210.0,12 sweet and 12 savoury rolls,300.0,,Focaccia!,2020-12-14,-3394 days
 fortune cookies,74.4186,2017-09-05,8,2,biscuit,24 sandwich biscuits,135.0, fortune cookies,120.0,biscuit board games,210.0,2.0,2020 themed fortune cookies,2020-12-16,-1198 days
 fortune cookies,75.675674,2017-09-05,8,2,biscuit,24 sandwich biscuits,135.0, fortune cookies,120.0,biscuit board games,210.0,2.0,Your favorite cookies,2020-12-17,-1199 days
lemon meringue pie,71.42857,2022-10-11,13,5,desserts,8 steamed puddings,120.0,lemon meringue pie,120.0,hidden surprise mousse dessert,270.0,2.0,Lemon Meringue Pie HELP!,2020-12-18,662 days
 fortune cookies,71.42857,2017-09-05,8,2,biscuit,24 sandwich biscuits,135.0, fortune cookies,120.0,biscuit board games,210.0,2.0,some cookies,2020-12-18,-1200 days
 chocolate teacakes,78.78788,2012-10-02,3,8,biscuit,48 crackers,120.0, chocolate teacakes,120.0,gingerbread structure,240.0,2.0,Chocolate cake,2020-12-18,-2999 days
 chocolate teacakes,73.17073,2012-10-02,3,8,biscuit,48 crackers,120.0, chocolate teacakes,120.0,gingerbread structure,240.0,2.0,Chocolate glitter cake,2020-12-18,-2999 days
red velvet cake,71.79487,2022-09-13,13,1,cake,12 mini sandwich cakes,120.0,red velvet cake,120.0,3d cake home,240.0,2.0,Red velvet cake question,2020-12-20,632 days
chocolate babka,76.92308,2020-10-13,11,4,chocolate,18 chocolate brownies,90.0,chocolate babka,150.0,white chocolate celebration cake,240.0,2.0,Homemade chocolate babka,2020-12-20,-68 days
chocolate babka,72.72727,2020-10-13,11,4,chocolate,18 chocolate brownies,90.0,chocolate babka,150.0,white chocolate celebration cake,240.0,2.0,Chocolate Traybake,2020-12-20,-68 days
eight-strand plaited loaf,75.409836,2012-08-21,3,2,bread,12 flatbreads,150.0,eight-strand plaited loaf,120.0,12 sweet and 12 savoury bagels,240.0,,First Ever Eight-strand Plaited Loaf,2020-12-22,-3045 days
 chocolate teacakes,71.42857,2012-10-02,3,8,biscuit,48 crackers,120.0, chocolate teacakes,120.0,gingerbread structure,240.0,2.0,Banana & chocolate cake,2020-12-22,-3003 days
 chocolate mini rolls,71.111115,2017-08-29,8,1,cake,fruity cake,120.0, chocolate mini rolls,120.0,illusion cake,240.0,2.0,Enriched chocolate rolls,2020-12-24,-1213 days
chocolate babka,86.666664,2020-10-13,11,4,chocolate,18 chocolate brownies,90.0,chocolate babka,150.0,white chocolate celebration cake,240.0,2.0,Chocolate Babka,2020-12-25,-73 days
mille-feuille,92.30769,2015-10-07,6,10,final,16 iced buns,180.0,mille-feuille,120.0,classic british cake,240.0,2.0,Mille-feuille,2020-12-29,-1910 days
lemon and thyme drizzle cake,77.9661,2023-10-31,14,6,botanical,12 individual spiced buns,165.0,lemon and thyme drizzle cake,90.0,floral dessert,240.0,,Lemon and orange drizzle cakes!,2020-12-30,1035 days
chocolate soufflé,70.588234,2015-09-30,6,9,chocolate,chocolate tart,150.0,chocolate soufflé,75.0,chocolate centrepieces,240.0,,Chocolate Muffins,2021-01-02,-1921 days
chocolate soufflé,70.588234,2015-09-30,6,9,chocolate,chocolate tart,150.0,chocolate soufflé,75.0,chocolate centrepieces,240.0,,Chocolate Muffins,2021-01-02,-1921 days
 brandy snaps,84.61539,2011-09-06,2,4,biscuit,12 biscuits,90.0, brandy snaps,90.0,3 flavor macaron display,300.0,,Brandy snaps!,2021-01-02,-3406 days
red velvet cake,90.32258,2022-09-13,13,1,cake,12 mini sandwich cakes,120.0,red velvet cake,120.0,3d cake home,240.0,2.0,Red velvet cake!,2021-01-03,618 days
 chocolate teacakes,71.79487,2012-10-02,3,8,biscuit,48 crackers,120.0, chocolate teacakes,120.0,gingerbread structure,240.0,2.0,Chocolate Cheesecake,2021-01-03,-3015 days
chocolate babka,72.22222,2020-10-13,11,4,chocolate,18 chocolate brownies,90.0,chocolate babka,150.0,white chocolate celebration cake,240.0,2.0,Chocolate Pecan Babka,2021-01-07,-86 days
lemon meringue pie,75.675674,2022-10-11,13,5,desserts,8 steamed puddings,120.0,lemon meringue pie,120.0,hidden surprise mousse dessert,270.0,2.0,Lemon Meringue Cake,2021-01-08,641 days
red velvet cake,84.84849,2022-09-13,13,1,cake,12 mini sandwich cakes,120.0,red velvet cake,120.0,3d cake home,240.0,2.0,Marble velvet cake,2021-01-09,612 days
 english muffins,82.051285,2013-08-27,4,2,bread,36 breadsticks,120.0, english muffins,165.0,decorative loaf,240.0,,I made English muffins!,2021-01-09,-2692 days
 white chocolate and blackberry cheesecakes,73.809525,2023-10-18,14,4,chocolate,chocolate torte,, white chocolate and blackberry cheesecakes,,edible chocolate box cake,,2.0,White Chocolate & Raspberry Chessecakes 🤍,2021-01-09,1012 days
matcha crepe cake,75.675674,2020-10-27,11,6,japanese,8 steamed buns,150.0,matcha crepe cake,120.0,kawaii cake,240.0,,A matcha cheesecake!,2021-01-11,-76 days
cherry cake,72.0,2014-08-06,5,1,cake,swiss roll,150.0,cherry cake,120.0,36 classic miniature british cakes,210.0,,Raspberry cake,2021-01-12,-2351 days
 chocolate teacakes,75.0,2012-10-02,3,8,biscuit,48 crackers,120.0, chocolate teacakes,120.0,gingerbread structure,240.0,2.0,Vegan chocolate cake!,2021-01-14,-3026 days
 chocolate teacakes,75.0,2012-10-02,3,8,biscuit,48 crackers,120.0, chocolate teacakes,120.0,gingerbread structure,240.0,2.0,Vegan chocolate cake!,2021-01-14,-3026 days
red velvet cake,74.28571,2022-09-13,13,1,cake,12 mini sandwich cakes,120.0,red velvet cake,120.0,3d cake home,240.0,2.0,red velvet macarons~,2021-01-14,607 days
tiramisu cake,84.61539,2014-08-27,5,4,dessert,8 self-saucing puddings,120.0,tiramisu cake,150.0,baked alaska,270.0,,Tiramisu Cake,2021-01-15,-2333 days
tiramisu cake,84.61539,2014-08-27,5,4,dessert,8 self-saucing puddings,120.0,tiramisu cake,150.0,baked alaska,270.0,,Tiramisu Cake,2021-01-15,-2333 days
tiramisu cake,92.30769,2014-08-27,5,4,dessert,8 self-saucing puddings,120.0,tiramisu cake,150.0,baked alaska,270.0,,Tiramisu cake,2021-01-15,-2333 days
lemon meringue pie,73.17073,2022-10-11,13,5,desserts,8 steamed puddings,120.0,lemon meringue pie,120.0,hidden surprise mousse dessert,270.0,2.0,Lemon meringue tartlets,2021-01-16,633 days
 miniature pineapple upside-down cakes,75.0,2020-09-22,11,1,cake,battenberg cake,120.0, miniature pineapple upside-down cakes,90.0,celebrity hero cake bust,240.0,2.0,Pineapple upside down cake,2021-01-17,-117 days
 chocolate teacakes,73.17073,2012-10-02,3,8,biscuit,48 crackers,120.0, chocolate teacakes,120.0,gingerbread structure,240.0,2.0,Terry's chocolate cake,2021-01-18,-3030 days
 white chocolate and blackberry cheesecakes,74.28571,2023-10-18,14,4,chocolate,chocolate torte,, white chocolate and blackberry cheesecakes,,edible chocolate box cake,,2.0,chocolate cherry cheesecake,2021-01-18,1003 days
chocolate babka,86.666664,2020-10-13,11,4,chocolate,18 chocolate brownies,90.0,chocolate babka,150.0,white chocolate celebration cake,240.0,2.0,Chocolate Babka,2021-01-19,-98 days
schichttorte,91.666664,2014-10-01,5,9,pâtisserie,24 baklava,210.0,schichttorte,120.0,24 entremets,300.0,,Schichttorte,2021-01-19,-2302 days
chocolate babka,70.588234,2020-10-13,11,4,chocolate,18 chocolate brownies,90.0,chocolate babka,150.0,white chocolate celebration cake,240.0,2.0,Hot chocolate bombs,2021-01-20,-99 days
lemon meringue pie,71.111115,2022-10-11,13,5,desserts,8 steamed puddings,120.0,lemon meringue pie,120.0,hidden surprise mousse dessert,270.0,2.0,Lemon meringue cupcakes! 🧁🍋,2021-01-21,628 days
 chocolate teacakes,71.42857,2012-10-02,3,8,biscuit,48 crackers,120.0, chocolate teacakes,120.0,gingerbread structure,240.0,2.0,Homemade chocolate cake,2021-01-21,-3033 days
charlotte royale,82.35294,2013-10-15,4,9,french week,36 canapés,150.0,charlotte royale,150.0,opera cake,150.0,2.0,💖Charlotte Royale💖,2021-01-23,-2657 days
 white chocolate and blackberry cheesecakes,70.27027,2023-10-18,14,4,chocolate,chocolate torte,, white chocolate and blackberry cheesecakes,,edible chocolate box cake,,2.0,White chocolate raspberry cake?,2021-01-23,998 days
 chocolate teacakes,78.947365,2012-10-02,3,8,biscuit,48 crackers,120.0, chocolate teacakes,120.0,gingerbread structure,240.0,2.0,chocolate oreo cake,2021-01-24,-3036 days
 fortune cookies,76.47059,2017-09-05,8,2,biscuit,24 sandwich biscuits,135.0, fortune cookies,120.0,biscuit board games,210.0,2.0,Fortnite cookies 🎮,2021-01-24,-1237 days
 raspberry éclairs &  salted caramel éclairs,70.731705,2020-10-20,11,5,pastry,8 pasties,120.0, raspberry éclairs &  salted caramel éclairs,135.0,caged tart,225.0,,Apple crumble & salted caramel eclairs,2021-01-24,-96 days
 white chocolate and blackberry cheesecakes,71.79487,2023-10-18,14,4,chocolate,chocolate torte,, white chocolate and blackberry cheesecakes,,edible chocolate box cake,,2.0,Triple chocolate (baked) cheesecake,2021-01-25,996 days
chocolate babka,83.870964,2020-10-13,11,4,chocolate,18 chocolate brownies,90.0,chocolate babka,150.0,white chocolate celebration cake,240.0,2.0,Chocolate Babka!,2021-01-25,-104 days
tarte au citron,80.0,2011-08-23,2,2,tarts,quiche,120.0,tarte au citron,90.0,24 miniature sweet tarts,,,Cake au citron🍋,2021-01-28,-3446 days
chocolate babka,86.666664,2020-10-13,11,4,chocolate,18 chocolate brownies,90.0,chocolate babka,150.0,white chocolate celebration cake,240.0,2.0,Chocolate Babka,2021-01-28,-107 days
 pastéis de nata,80.0,2017-10-03,8,6,pastry,4 shortcrust savoury pies,150.0, pastéis de nata,120.0,family-sized hand-raised pie,240.0,2.0,Pastis de Nata,2021-01-30,-1215 days
 miniature pineapple upside-down cakes,73.56322,2020-09-22,11,1,cake,battenberg cake,120.0, miniature pineapple upside-down cakes,90.0,celebrity hero cake bust,240.0,2.0,I made a pineapple upside-down cake from scratch!,2021-01-31,-131 days
chocolate roulade,77.77778,2011-09-20,2,6,desserts,baked cheesecake,150.0,chocolate roulade,105.0,croquembouche,300.0,,Chocolate roll cake,2021-01-31,-3421 days
 florentines,77.41936,2014-08-13,5,2,biscuit,36 savoury biscuits,120.0, florentines,105.0,3d biscuit scene,240.0,,Honey florentines 🐝,2021-02-02,-2365 days
chocolate babka,86.666664,2020-10-13,11,4,chocolate,18 chocolate brownies,90.0,chocolate babka,150.0,white chocolate celebration cake,240.0,2.0,Chocolate Babka,2021-02-02,-112 days
angel food cake,93.333336,2013-08-20,4,1,cake,sandwich cake,120.0,angel food cake,150.0,chocolate cake,240.0,,Angel food cake,2021-02-02,-2723 days
lemon meringue pie,73.68421,2022-10-11,13,5,desserts,8 steamed puddings,120.0,lemon meringue pie,120.0,hidden surprise mousse dessert,270.0,2.0,Lemon meringue tarts,2021-02-04,614 days
 fortune cookies,70.588234,2017-09-05,8,2,biscuit,24 sandwich biscuits,135.0, fortune cookies,120.0,biscuit board games,210.0,2.0,Sugar free cookies,2021-02-06,-1250 days
angel food cake,70.96774,2013-08-20,4,1,cake,sandwich cake,120.0,angel food cake,150.0,chocolate cake,240.0,,Orange loaf cake,2021-02-06,-2727 days
 miniature pineapple upside-down cakes,75.0,2020-09-22,11,1,cake,battenberg cake,120.0, miniature pineapple upside-down cakes,90.0,celebrity hero cake bust,240.0,2.0,Classic pineapple upside down cake,2021-02-07,-138 days
crème caramel,74.07407,2012-09-04,3,4,desserts,wheat-free torte cake,180.0,crème caramel,165.0,4 layered meringue dessert,,,Creme Caramel!,2021-02-07,-3078 days
chocolate babka,86.666664,2020-10-13,11,4,chocolate,18 chocolate brownies,90.0,chocolate babka,150.0,white chocolate celebration cake,240.0,2.0,Chocolate Babka,2021-02-07,-117 days
lemon meringue pie,71.111115,2022-10-11,13,5,desserts,8 steamed puddings,120.0,lemon meringue pie,120.0,hidden surprise mousse dessert,270.0,2.0,Homemade Lemon Meringue pie,2021-02-07,611 days
lemon meringue pie,71.111115,2022-10-11,13,5,desserts,8 steamed puddings,120.0,lemon meringue pie,120.0,hidden surprise mousse dessert,270.0,2.0,Homemade Lemon Meringue pie,2021-02-07,611 days
 fortune cookies,70.96774,2017-09-05,8,2,biscuit,24 sandwich biscuits,135.0, fortune cookies,120.0,biscuit board games,210.0,2.0,Brownie cookies,2021-02-10,-1254 days
 pastéis de nata,81.25,2017-10-03,8,6,pastry,4 shortcrust savoury pies,150.0, pastéis de nata,120.0,family-sized hand-raised pie,240.0,2.0,Pastéis de Nata!,2021-02-11,-1227 days
red velvet cake,80.0,2022-09-13,13,1,cake,12 mini sandwich cakes,120.0,red velvet cake,120.0,3d cake home,240.0,2.0,Red velvet mini cake,2021-02-12,578 days
sachertorte,90.90909,2011-10-04,2,8,final,12 mille-feuille,150.0,sachertorte,160.0,3 types of petits fours,240.0,,Sachertorte,2021-02-12,-3419 days
 english muffins,73.17073,2013-08-27,4,2,bread,36 breadsticks,120.0, english muffins,165.0,decorative loaf,240.0,,sourdough English muffins,2021-02-12,-2726 days
red velvet cake,75.675674,2022-09-13,13,1,cake,12 mini sandwich cakes,120.0,red velvet cake,120.0,3d cake home,240.0,2.0,Red velvet cheesecake!,2021-02-13,577 days
red velvet cake,77.77778,2022-09-13,13,1,cake,12 mini sandwich cakes,120.0,red velvet cake,120.0,3d cake home,240.0,2.0,Red velvet cake pops.,2021-02-13,577 days
red velvet cake,93.333336,2022-09-13,13,1,cake,12 mini sandwich cakes,120.0,red velvet cake,120.0,3d cake home,240.0,2.0,Red velvet cake,2021-02-14,576 days
chocolate soufflé,70.833336,2015-09-30,6,9,chocolate,chocolate tart,150.0,chocolate soufflé,75.0,chocolate centrepieces,240.0,,Valentines chocolate soufflé ❤️,2021-02-15,-1965 days
red velvet cake,78.78788,2022-09-13,13,1,cake,12 mini sandwich cakes,120.0,red velvet cake,120.0,3d cake home,240.0,2.0,Red velvet cookies,2021-02-15,575 days
 chocolate teacakes,71.79487,2012-10-02,3,8,biscuit,48 crackers,120.0, chocolate teacakes,120.0,gingerbread structure,240.0,2.0,Chocolate layer cake,2021-02-17,-3060 days
chocolate babka,77.77778,2020-10-13,11,4,chocolate,18 chocolate brownies,90.0,chocolate babka,150.0,white chocolate celebration cake,240.0,2.0,Did a chocolate Babka,2021-02-17,-127 days
coffee and walnut battenberg,72.0,2011-08-16,2,1,cake,24 cupcakes,120.0,coffee and walnut battenberg,120.0,chocolate tiered cake,300.0,,Coffee and Walnut Cake,2021-02-19,-3475 days
 white chocolate and blackberry cheesecakes,73.809525,2023-10-18,14,4,chocolate,chocolate torte,, white chocolate and blackberry cheesecakes,,edible chocolate box cake,,2.0,My first chocolate strawberry cheesecake!,2021-02-19,971 days
queen of puddings,88.23529,2012-09-18,3,6,pudding,2 sponge puddings,120.0,queen of puddings,,strudel,210.0,2.0,Queen of Puddings,2021-02-19,-3076 days
kougin-amann,75.0,2014-09-17,5,7,pastry,12 savoury parcels,105.0,kougin-amann,210.0,24 éclairs,240.0,,Kouign-Amann,2021-02-21,-2349 days
 white chocolate and blackberry cheesecakes,70.27027,2023-10-18,14,4,chocolate,chocolate torte,, white chocolate and blackberry cheesecakes,,edible chocolate box cake,,2.0,Made this white chocolate and cranberry cheesecake for the holidays.,2021-02-22,968 days
 english muffins,70.27027,2013-08-27,4,2,bread,36 breadsticks,120.0, english muffins,165.0,decorative loaf,240.0,,English muffin Monday,2021-02-22,-2736 days
 white chocolate and blackberry cheesecakes,71.42857,2023-10-18,14,4,chocolate,chocolate torte,, white chocolate and blackberry cheesecakes,,edible chocolate box cake,,2.0,White chocolate cheese cake,2021-02-22,968 days
 chocolate teacakes,75.55556,2012-10-02,3,8,biscuit,48 crackers,120.0, chocolate teacakes,120.0,gingerbread structure,240.0,2.0,A chocolate birthday cake.,2021-02-23,-3066 days
chocolate babka,75.86207,2020-10-13,11,4,chocolate,18 chocolate brownies,90.0,chocolate babka,150.0,white chocolate celebration cake,240.0,2.0,Chocolate Cake,2021-02-25,-135 days
 arlettes,82.35294,2015-08-12,6,2,biscuit,24 biscotti,120.0, arlettes,150.0,36 biscuits and an edible biscuit box,240.0,,Arlettes,2021-02-27,-2026 days
 fortune cookies,72.72727,2017-09-05,8,2,biscuit,24 sandwich biscuits,135.0, fortune cookies,120.0,biscuit board games,210.0,2.0,Lofthouse cookies,2021-02-27,-1271 days
pistachio and praline ice cream,71.052635,2022-10-25,13,7,custard,floating islands,90.0,pistachio and praline ice cream,165.0,custard gâteau,240.0,2.0,"Pistachio, honey and orange blossom ice cream",2021-02-28,604 days
 chocolate teacakes,78.78788,2012-10-02,3,8,biscuit,48 crackers,120.0, chocolate teacakes,120.0,gingerbread structure,240.0,2.0,Chocolate cake,2021-03-01,-3072 days
tart aux pommes,76.47059,2023-11-21,14,9,patisserie,24 financiers,120.0,tart aux pommes,150.0,millefoglie,240.0,2.0,My Tarte aux Pommes,2021-03-02,994 days
 sticky toffee puddings,84.61539,2021-10-12,12,4,desserts,pavlova,165.0, sticky toffee puddings,90.0,joconde imprime dessert,270.0,2.0,I made sticky toffee pudding!,2021-03-06,220 days
 beignet soufflés,70.588234,2019-09-24,10,5,the roaring twenties,4 custard pies,150.0, beignet soufflés,90.0,prohibition era cake,240.0,2.0,Hazelnut soufflés,2021-03-06,-529 days
angel food cake,73.17073,2013-08-20,4,1,cake,sandwich cake,120.0,angel food cake,150.0,chocolate cake,240.0,,Advice for angel food cake,2021-03-06,-2755 days
red velvet cake,76.47059,2022-09-13,13,1,cake,12 mini sandwich cakes,120.0,red velvet cake,120.0,3d cake home,240.0,2.0,Red Velvet Cupcakes,2021-03-07,555 days
chocolate roulade,72.72727,2011-09-20,2,6,desserts,baked cheesecake,150.0,chocolate roulade,105.0,croquembouche,300.0,,Chocolate Trifle,2021-03-08,-3457 days
 beignet soufflés,70.588234,2019-09-24,10,5,the roaring twenties,4 custard pies,150.0, beignet soufflés,90.0,prohibition era cake,240.0,2.0,Hazelnut soufflés,2021-03-09,-532 days
 chocolate teacakes,71.42857,2012-10-02,3,8,biscuit,48 crackers,120.0, chocolate teacakes,120.0,gingerbread structure,240.0,2.0,Homemade chocolate cake,2021-03-11,-3082 days
 white chocolate and blackberry cheesecakes,73.17073,2023-10-18,14,4,chocolate,chocolate torte,, white chocolate and blackberry cheesecakes,,edible chocolate box cake,,2.0,White chocolate and raspberry loaf cake,2021-03-11,951 days
focaccia,87.5,2011-08-30,2,3,bread,free form loaf,195.0,focaccia,210.0,12 sweet and 12 savoury rolls,300.0,,Focaccia,2021-03-12,-3482 days
 chocolate teacakes,72.72727,2012-10-02,3,8,biscuit,48 crackers,120.0, chocolate teacakes,120.0,gingerbread structure,240.0,2.0,Very chocolate cheesecake,2021-03-12,-3083 days
chocolate roulade,72.22222,2011-09-20,2,6,desserts,baked cheesecake,150.0,chocolate roulade,105.0,croquembouche,300.0,,Chocolate truffles!,2021-03-13,-3462 days
chocolate babka,70.588234,2020-10-13,11,4,chocolate,18 chocolate brownies,90.0,chocolate babka,150.0,white chocolate celebration cake,240.0,2.0,Hot chocolate bombs,2021-03-13,-151 days
 white chocolate and blackberry cheesecakes,70.88608,2023-10-18,14,4,chocolate,chocolate torte,, white chocolate and blackberry cheesecakes,,edible chocolate box cake,,2.0,White chocolate and vanilla cupcakes,2021-03-14,948 days
chocolate roulade,72.22222,2011-09-20,2,6,desserts,baked cheesecake,150.0,chocolate roulade,105.0,croquembouche,300.0,,Chocolate Oreo Cake,2021-03-15,-3464 days
 chocolate teacakes,71.111115,2012-10-02,3,8,biscuit,48 crackers,120.0, chocolate teacakes,120.0,gingerbread structure,240.0,2.0,Oreo chocolate mousse cake,2021-03-19,-3090 days
chocolate babka,93.333336,2020-10-13,11,4,chocolate,18 chocolate brownies,90.0,chocolate babka,150.0,white chocolate celebration cake,240.0,2.0,Chocolate babka,2021-03-19,-157 days
focaccia,87.5,2011-08-30,2,3,bread,free form loaf,195.0,focaccia,210.0,12 sweet and 12 savoury rolls,300.0,,Focaccia,2021-03-20,-3490 days
 chocolate teacakes,71.42857,2012-10-02,3,8,biscuit,48 crackers,120.0, chocolate teacakes,120.0,gingerbread structure,240.0,2.0,Chocolate mint cupcakes,2021-03-20,-3091 days
treacle tart,72.72727,2012-08-28,3,3,tarts,tarte tatin,150.0,treacle tart,120.0,designer fruit tart,180.0,,Peach tart,2021-03-21,-3127 days
matcha crepe cake,71.42857,2020-10-27,11,6,japanese,8 steamed buns,150.0,matcha crepe cake,120.0,kawaii cake,240.0,,Matcha cake,2021-03-24,-148 days
 chocolate mini rolls,77.27273,2017-08-29,8,1,cake,fruity cake,120.0, chocolate mini rolls,120.0,illusion cake,240.0,2.0,No chocolate mini cakes,2021-03-24,-1303 days
 fortune cookies,75.86207,2017-09-05,8,2,biscuit,24 sandwich biscuits,135.0, fortune cookies,120.0,biscuit board games,210.0,2.0,More coookies,2021-03-24,-1296 days
 hand-shaped coconut macaroons,72.72727,2020-09-29,11,2,biscuit,36 chocolate florentines,120.0, hand-shaped coconut macaroons,105.0,3d biscuit table setting,240.0,1.0,Chocolate dipped coconut macaroons 🥥,2021-03-25,-177 days
large baklava,71.42857,2021-10-26,12,6,pastry,chouxnuts,,large baklava,165.0,terrine pie,270.0,3.0,Making baklava!,2021-03-27,213 days
chocolate soufflé,80.0,2015-09-30,6,9,chocolate,chocolate tart,150.0,chocolate soufflé,75.0,chocolate centrepieces,240.0,,First chocolate souffle,2021-03-27,-2005 days
red velvet cake,74.28571,2022-09-13,13,1,cake,12 mini sandwich cakes,120.0,red velvet cake,120.0,3d cake home,240.0,2.0,Red Velvet Loaf cake,2021-03-28,534 days
 chocolate teacakes,71.42857,2012-10-02,3,8,biscuit,48 crackers,120.0, chocolate teacakes,120.0,gingerbread structure,240.0,2.0,Coconut chocolate cake!,2021-03-28,-3099 days
 baguettes,84.210526,2015-08-19,6,3,bread,2 quick breads,90.0, baguettes,150.0,3d bread sculpture,300.0,,Baguettes,2021-03-28,-2048 days
red velvet cake,87.5,2022-09-13,13,1,cake,12 mini sandwich cakes,120.0,red velvet cake,120.0,3d cake home,240.0,2.0,Red velvet cake 🎂,2021-03-28,534 days
 baguettes,84.210526,2015-08-19,6,3,bread,2 quick breads,90.0, baguettes,150.0,3d bread sculpture,300.0,,Baguettes,2021-03-29,-2049 days
 white chocolate and blackberry cheesecakes,71.42857,2023-10-18,14,4,chocolate,chocolate torte,, white chocolate and blackberry cheesecakes,,edible chocolate box cake,,2.0,White chocolate cheesecake.,2021-03-29,933 days
chocolate babka,81.08108,2020-10-13,11,4,chocolate,18 chocolate brownies,90.0,chocolate babka,150.0,white chocolate celebration cake,240.0,2.0,Wife’s chocolate babka,2021-03-30,-168 days
 chocolate mini rolls,71.111115,2017-08-29,8,1,cake,fruity cake,120.0, chocolate mini rolls,120.0,illusion cake,240.0,2.0,Chocolate mint brownies!,2021-03-30,-1309 days
frasier cake,80.0,2012-10-09,3,9,pâtisserie,3 types of petits fours,,frasier cake,150.0,choux pastry gâteau,,,Fraisier Cake,2021-03-30,-3094 days
frasier cake,80.0,2012-10-09,3,9,pâtisserie,3 types of petits fours,,frasier cake,150.0,choux pastry gâteau,,,Fraisier Cake,2021-03-30,-3094 days
red velvet cake,93.333336,2022-09-13,13,1,cake,12 mini sandwich cakes,120.0,red velvet cake,120.0,3d cake home,240.0,2.0,Red velvet cake,2021-03-30,532 days
apricot couronne,87.5,2013-09-24,4,6,sweet dough,yeasted tea loaf,180.0,apricot couronne,165.0,24 european sweet buns,270.0,,Apricot Couronne,2021-03-30,-2744 days
 chocolate teacakes,71.42857,2012-10-02,3,8,biscuit,48 crackers,120.0, chocolate teacakes,120.0,gingerbread structure,240.0,2.0,Kumquat chocolate cake?,2021-03-31,-3102 days
red velvet cake,82.35294,2022-09-13,13,1,cake,12 mini sandwich cakes,120.0,red velvet cake,120.0,3d cake home,240.0,2.0,Red velvet cupcakes,2021-04-02,529 days
 ginger biscuits,70.96774,2017-10-31,8,10,final,12 small loaves,180.0, ginger biscuits,150.0,large entremet,300.0,2.0,Easter biscuits,2021-04-03,-1250 days
frasier cake,88.0,2012-10-09,3,9,pâtisserie,3 types of petits fours,,frasier cake,150.0,choux pastry gâteau,,,Fraisier cake,2021-04-03,-3098 days
chocolate soufflé,75.55556,2015-09-30,6,9,chocolate,chocolate tart,150.0,chocolate soufflé,75.0,chocolate centrepieces,240.0,,Homemade chocolate soufflé 🤤,2021-04-04,-2013 days
lemon meringue pie,73.68421,2022-10-11,13,5,desserts,8 steamed puddings,120.0,lemon meringue pie,120.0,hidden surprise mousse dessert,270.0,2.0,Lemon Meringue Cake!,2021-04-04,555 days
 chocolate teacakes,73.68421,2012-10-02,3,8,biscuit,48 crackers,120.0, chocolate teacakes,120.0,gingerbread structure,240.0,2.0,Chocolate lava cake,2021-04-06,-3108 days
frasier cake,75.0,2012-10-09,3,9,pâtisserie,3 types of petits fours,,frasier cake,150.0,choux pastry gâteau,,,Easter cake!,2021-04-07,-3102 days
lemon meringue pie,100.0,2022-10-11,13,5,desserts,8 steamed puddings,120.0,lemon meringue pie,120.0,hidden surprise mousse dessert,270.0,2.0,lemon meringue pie,2021-04-09,550 days
focaccia,87.5,2011-08-30,2,3,bread,free form loaf,195.0,focaccia,210.0,12 sweet and 12 savoury rolls,300.0,,Focaccia,2021-04-09,-3510 days
chocolate babka,86.666664,2020-10-13,11,4,chocolate,18 chocolate brownies,90.0,chocolate babka,150.0,white chocolate celebration cake,240.0,2.0,Chocolate Babka,2021-04-10,-179 days
lemon meringue pie,94.44444,2022-10-11,13,5,desserts,8 steamed puddings,120.0,lemon meringue pie,120.0,hidden surprise mousse dessert,270.0,2.0,Lemon meringue pie,2021-04-10,549 days
lemon meringue pie,80.0,2022-10-11,13,5,desserts,8 steamed puddings,120.0,lemon meringue pie,120.0,hidden surprise mousse dessert,270.0,2.0,Lime meringue pie,2021-04-11,548 days
 chocolate teacakes,75.0,2012-10-02,3,8,biscuit,48 crackers,120.0, chocolate teacakes,120.0,gingerbread structure,240.0,2.0,Super chocolatey cake,2021-04-12,-3114 days
 chocolate teacakes,70.27027,2012-10-02,3,8,biscuit,48 crackers,120.0, chocolate teacakes,120.0,gingerbread structure,240.0,2.0,Chocolate mug cake,2021-04-12,-3114 days
 ginger biscuits,72.72727,2017-10-31,8,10,final,12 small loaves,180.0, ginger biscuits,150.0,large entremet,300.0,2.0,Needing biscuits!,2021-04-13,-1260 days
 miniature pineapple upside-down cakes,85.71429,2020-09-22,11,1,cake,battenberg cake,120.0, miniature pineapple upside-down cakes,90.0,celebrity hero cake bust,240.0,2.0,Mini pineapple upside down cakes,2021-04-13,-203 days
 chocolate teacakes,71.42857,2012-10-02,3,8,biscuit,48 crackers,120.0, chocolate teacakes,120.0,gingerbread structure,240.0,2.0,Vegan chocolate cookies,2021-04-14,-3116 days
 chocolate teacakes,72.72727,2012-10-02,3,8,biscuit,48 crackers,120.0, chocolate teacakes,120.0,gingerbread structure,240.0,2.0,First chocolate lava cake,2021-04-14,-3116 days
chocolate babka,86.666664,2020-10-13,11,4,chocolate,18 chocolate brownies,90.0,chocolate babka,150.0,white chocolate celebration cake,240.0,2.0,Chocolate Babka,2021-04-15,-184 days
 chocolate teacakes,70.27027,2012-10-02,3,8,biscuit,48 crackers,120.0, chocolate teacakes,120.0,gingerbread structure,240.0,2.0,Chocolate crinkles,2021-04-16,-3118 days
tiramisu cake,75.0,2014-08-27,5,4,dessert,8 self-saucing puddings,120.0,tiramisu cake,150.0,baked alaska,270.0,,Tiramisu Cheesecake,2021-04-17,-2425 days
chocolate soufflé,88.23529,2015-09-30,6,9,chocolate,chocolate tart,150.0,chocolate soufflé,75.0,chocolate centrepieces,240.0,,Chocolate souffle,2021-04-21,-2030 days
 chocolate teacakes,71.42857,2012-10-02,3,8,biscuit,48 crackers,120.0, chocolate teacakes,120.0,gingerbread structure,240.0,2.0,Crazy chocolate cake 🎂🙈,2021-04-21,-3123 days
red velvet cake,87.5,2022-09-13,13,1,cake,12 mini sandwich cakes,120.0,red velvet cake,120.0,3d cake home,240.0,2.0,red velvet cookie,2021-04-23,508 days
 miniature pineapple upside-down cakes,84.50704,2020-09-22,11,1,cake,battenberg cake,120.0, miniature pineapple upside-down cakes,90.0,celebrity hero cake bust,240.0,2.0,I made pineapple upside down cake,2021-04-24,-214 days
 chocolate teacakes,74.28571,2012-10-02,3,8,biscuit,48 crackers,120.0, chocolate teacakes,120.0,gingerbread structure,240.0,2.0,Chocolate cake !,2021-04-24,-3126 days
 sticky toffee puddings,81.63265,2021-10-12,12,4,desserts,pavlova,165.0, sticky toffee puddings,90.0,joconde imprime dessert,270.0,2.0,Sticky toffee pudding cake,2021-04-24,171 days
 sticky toffee puddings,90.90909,2021-10-12,12,4,desserts,pavlova,165.0, sticky toffee puddings,90.0,joconde imprime dessert,270.0,2.0,Sticky toffee pudding,2021-04-26,169 days
 chocolate teacakes,71.42857,2012-10-02,3,8,biscuit,48 crackers,120.0, chocolate teacakes,120.0,gingerbread structure,240.0,2.0,Easy chocolate cookies😋,2021-04-28,-3130 days
red velvet cake,77.41936,2022-09-13,13,1,cake,12 mini sandwich cakes,120.0,red velvet cake,120.0,3d cake home,240.0,2.0,Red Velvet Cake.,2021-04-29,502 days
lemon meringue pie,75.0,2022-10-11,13,5,desserts,8 steamed puddings,120.0,lemon meringue pie,120.0,hidden surprise mousse dessert,270.0,2.0,A cute lemon/lime meringue pie,2021-04-30,529 days
 chocolate teacakes,72.72727,2012-10-02,3,8,biscuit,48 crackers,120.0, chocolate teacakes,120.0,gingerbread structure,240.0,2.0,glossy chocolate cupcakes,2021-05-01,-3133 days
red velvet cake,78.78788,2022-09-13,13,1,cake,12 mini sandwich cakes,120.0,red velvet cake,120.0,3d cake home,240.0,2.0,Red velvet cookies,2021-05-01,500 days
matcha crepe cake,80.0,2020-10-27,11,6,japanese,8 steamed buns,150.0,matcha crepe cake,120.0,kawaii cake,240.0,,Matcha mille crepe cake,2021-05-02,-187 days
lemon meringue pie,81.818184,2022-10-11,13,5,desserts,8 steamed puddings,120.0,lemon meringue pie,120.0,hidden surprise mousse dessert,270.0,2.0,First lemon meringue pie 🍋,2021-05-02,527 days
matcha crepe cake,94.117645,2020-10-27,11,6,japanese,8 steamed buns,150.0,matcha crepe cake,120.0,kawaii cake,240.0,,Matcha crepe cake,2021-05-03,-188 days
 fortune cookies,75.675674,2017-09-05,8,2,biscuit,24 sandwich biscuits,135.0, fortune cookies,120.0,biscuit board games,210.0,2.0,My favourite cookies!,2021-05-03,-1336 days
frasier cake,70.96774,2012-10-09,3,9,pâtisserie,3 types of petits fours,,frasier cake,150.0,choux pastry gâteau,,,French Frasier cake,2021-05-03,-3128 days
 chocolate teacakes,74.4186,2012-10-02,3,8,biscuit,48 crackers,120.0, chocolate teacakes,120.0,gingerbread structure,240.0,2.0,Mint chocolate cupcakes!,2021-05-03,-3135 days
 miniature pineapple upside-down cakes,72.093025,2020-09-22,11,1,cake,battenberg cake,120.0, miniature pineapple upside-down cakes,90.0,celebrity hero cake bust,240.0,2.0,Made my first (mini) pineapple upside down cake.,2021-05-04,-224 days
lemon and thyme drizzle cake,70.833336,2023-10-31,14,6,botanical,12 individual spiced buns,165.0,lemon and thyme drizzle cake,90.0,floral dessert,240.0,,Lemon drizzle cake 🍋,2021-05-04,910 days
lemon and thyme drizzle cake,70.833336,2023-10-31,14,6,botanical,12 individual spiced buns,165.0,lemon and thyme drizzle cake,90.0,floral dessert,240.0,,Lemon drizzle cake 🍋,2021-05-04,910 days
lemon meringue pie,75.675674,2022-10-11,13,5,desserts,8 steamed puddings,120.0,lemon meringue pie,120.0,hidden surprise mousse dessert,270.0,2.0,Lemon Meringue Cake,2021-05-04,525 days
chocolate babka,81.48148,2020-10-13,11,4,chocolate,18 chocolate brownies,90.0,chocolate babka,150.0,white chocolate celebration cake,240.0,2.0,choco babkas,2021-05-08,-207 days
 baguettes,77.77778,2015-08-19,6,3,bread,2 quick breads,90.0, baguettes,150.0,3d bread sculpture,300.0,,Baguette,2021-05-08,-2089 days
 molten chocolate puddings,72.0,2017-09-26,8,5,pudding,steamed school pudding,180.0, molten chocolate puddings,60.0,ornamental trifle terrine,270.0,1.0,Double chocolate muffins,2021-05-09,-1321 days
 english muffins,83.870964,2013-08-27,4,2,bread,36 breadsticks,120.0, english muffins,165.0,decorative loaf,240.0,,English Muffins,2021-05-10,-2813 days
tiramisu cake,84.61539,2014-08-27,5,4,dessert,8 self-saucing puddings,120.0,tiramisu cake,150.0,baked alaska,270.0,,Tiramisu Cake,2021-05-12,-2450 days
 white chocolate and blackberry cheesecakes,79.48718,2023-10-18,14,4,chocolate,chocolate torte,, white chocolate and blackberry cheesecakes,,edible chocolate box cake,,2.0,Vegan chocolate and blackberry cake,2021-05-12,889 days
 white chocolate and blackberry cheesecakes,74.35897,2023-10-18,14,4,chocolate,chocolate torte,, white chocolate and blackberry cheesecakes,,edible chocolate box cake,,2.0,White Chocolate & Cherry Cheesecake,2021-05-13,888 days
chocolate babka,86.666664,2020-10-13,11,4,chocolate,18 chocolate brownies,90.0,chocolate babka,150.0,white chocolate celebration cake,240.0,2.0,Chocolate Babka,2021-05-14,-213 days
 custard creams,75.0,2023-10-03,14,2,biscuits,12 marshmallow biscuits,, custard creams,90.0,illusion biscuit meal,240.0,1.0,Custard ice cream,2021-05-16,870 days
bakewell tart,84.61539,2016-09-21,7,5,pastry,24 breakfast pastries,210.0,bakewell tart,150.0,48 filo amuse-bouche,240.0,,Bakewell Tart,2021-05-19,-1701 days
 miniature pineapple upside-down cakes,84.50704,2020-09-22,11,1,cake,battenberg cake,120.0, miniature pineapple upside-down cakes,90.0,celebrity hero cake bust,240.0,2.0,I made pineapple unside-down cake,2021-05-20,-240 days
lemon and thyme drizzle cake,73.91304,2023-10-31,14,6,botanical,12 individual spiced buns,165.0,lemon and thyme drizzle cake,90.0,floral dessert,240.0,,Lemon drizzle cake,2021-05-23,891 days
red velvet cake,80.0,2022-09-13,13,1,cake,12 mini sandwich cakes,120.0,red velvet cake,120.0,3d cake home,240.0,2.0,Red velvet cake pops,2021-05-25,476 days
focaccia,82.35294,2011-08-30,2,3,bread,free form loaf,195.0,focaccia,210.0,12 sweet and 12 savoury rolls,300.0,,Focaccia!,2021-05-25,-3556 days
cherry cake,72.0,2014-08-06,5,1,cake,swiss roll,150.0,cherry cake,120.0,36 classic miniature british cakes,210.0,,Blueberry cake,2021-05-30,-2489 days
chocolate babka,83.333336,2020-10-13,11,4,chocolate,18 chocolate brownies,90.0,chocolate babka,150.0,white chocolate celebration cake,240.0,2.0,Made chocolate babka!,2021-06-01,-231 days
tiramisu cake,92.30769,2014-08-27,5,4,dessert,8 self-saucing puddings,120.0,tiramisu cake,150.0,baked alaska,270.0,,Tiramisu cake,2021-06-02,-2471 days
lemon meringue pie,73.68421,2022-10-11,13,5,desserts,8 steamed puddings,120.0,lemon meringue pie,120.0,hidden surprise mousse dessert,270.0,2.0,Lemon meringue tarts,2021-06-05,493 days
 pastéis de nata,72.72727,2017-10-03,8,6,pastry,4 shortcrust savoury pies,150.0, pastéis de nata,120.0,family-sized hand-raised pie,240.0,2.0,First try at pastéis de nata,2021-06-05,-1341 days
chocolate babka,73.17073,2020-10-13,11,4,chocolate,18 chocolate brownies,90.0,chocolate babka,150.0,white chocolate celebration cake,240.0,2.0,I made a chocolate babka 😍,2021-06-06,-236 days
 molten chocolate puddings,70.588234,2017-09-26,8,5,pudding,steamed school pudding,180.0, molten chocolate puddings,60.0,ornamental trifle terrine,270.0,1.0,Double chocolate muffins!,2021-06-06,-1349 days
 molten chocolate puddings,70.588234,2017-09-26,8,5,pudding,steamed school pudding,180.0, molten chocolate puddings,60.0,ornamental trifle terrine,270.0,1.0,Double chocolate muffins!,2021-06-08,-1351 days
chocolate roulade,72.22222,2011-09-20,2,6,desserts,baked cheesecake,150.0,chocolate roulade,105.0,croquembouche,300.0,,Chocolate Oreo Cake,2021-06-09,-3550 days
lemon meringue pie,76.59574,2022-10-11,13,5,desserts,8 steamed puddings,120.0,lemon meringue pie,120.0,hidden surprise mousse dessert,270.0,2.0,My first lemon meringue pie 🍋,2021-06-09,489 days
red velvet cake,82.35294,2022-09-13,13,1,cake,12 mini sandwich cakes,120.0,red velvet cake,120.0,3d cake home,240.0,2.0,Red velvet cupcakes,2021-06-12,458 days
tiramisu cake,71.42857,2014-08-27,5,4,dessert,8 self-saucing puddings,120.0,tiramisu cake,150.0,baked alaska,270.0,,Multigrain cake,2021-06-15,-2484 days
tiramisu cake,71.42857,2014-08-27,5,4,dessert,8 self-saucing puddings,120.0,tiramisu cake,150.0,baked alaska,270.0,,Multigrain cake,2021-06-15,-2484 days
tart aux pommes,80.0,2023-11-21,14,9,patisserie,24 financiers,120.0,tart aux pommes,150.0,millefoglie,240.0,2.0,Tart Aux Pommes,2021-06-15,889 days
 fortune cookies,70.96774,2017-09-05,8,2,biscuit,24 sandwich biscuits,135.0, fortune cookies,120.0,biscuit board games,210.0,2.0,S’mores cookies,2021-06-18,-1382 days
 white chocolate and blackberry cheesecakes,71.42857,2023-10-18,14,4,chocolate,chocolate torte,, white chocolate and blackberry cheesecakes,,edible chocolate box cake,,2.0,White chocolate cheesecake.,2021-06-19,851 days
 egg custard tarts,72.72727,2013-09-10,4,4,pies and tarts,double crust fruit pie,120.0, egg custard tarts,120.0,filo pie,240.0,,No bake mango custard tart,2021-06-20,-2840 days
red velvet cake,71.79487,2022-09-13,13,1,cake,12 mini sandwich cakes,120.0,red velvet cake,120.0,3d cake home,240.0,2.0,Biscoff red velvet Cake.,2021-06-21,449 days
red velvet cake,77.77778,2022-09-13,13,1,cake,12 mini sandwich cakes,120.0,red velvet cake,120.0,3d cake home,240.0,2.0,Red velvet cheesecake,2021-06-22,448 days
 chocolate teacakes,75.0,2012-10-02,3,8,biscuit,48 crackers,120.0, chocolate teacakes,120.0,gingerbread structure,240.0,2.0,German chocolate cake,2021-06-23,-3186 days
tarte au citron,93.333336,2011-08-23,2,2,tarts,quiche,120.0,tarte au citron,90.0,24 miniature sweet tarts,,,Tarte au citron,2021-06-23,-3592 days
chocolate babka,86.666664,2020-10-13,11,4,chocolate,18 chocolate brownies,90.0,chocolate babka,150.0,white chocolate celebration cake,240.0,2.0,Chocolate Babka,2021-06-26,-256 days
 chocolate teacakes,75.675674,2012-10-02,3,8,biscuit,48 crackers,120.0, chocolate teacakes,120.0,gingerbread structure,240.0,2.0,Chocolate cupcakes,2021-06-26,-3189 days
 chocolate teacakes,75.0,2012-10-02,3,8,biscuit,48 crackers,120.0, chocolate teacakes,120.0,gingerbread structure,240.0,2.0,Choclate cake,2021-06-26,-3189 days
 chocolate teacakes,71.111115,2012-10-02,3,8,biscuit,48 crackers,120.0, chocolate teacakes,120.0,gingerbread structure,240.0,2.0,amazing chocolate cupcakes,2021-06-27,-3190 days
 chocolate teacakes,78.78788,2012-10-02,3,8,biscuit,48 crackers,120.0, chocolate teacakes,120.0,gingerbread structure,240.0,2.0,Chocolate cake,2021-06-29,-3192 days
matcha crepe cake,70.588234,2020-10-27,11,6,japanese,8 steamed buns,150.0,matcha crepe cake,120.0,kawaii cake,240.0,,Peach coffee cake,2021-06-30,-246 days
 chocolate teacakes,71.111115,2012-10-02,3,8,biscuit,48 crackers,120.0, chocolate teacakes,120.0,gingerbread structure,240.0,2.0,Nutella chocolate cupcakes,2021-07-01,-3194 days
 chocolate mini rolls,71.42857,2017-08-29,8,1,cake,fruity cake,120.0, chocolate mini rolls,120.0,illusion cake,240.0,2.0,Chocolate Swiss roll!,2021-07-01,-1402 days
 fortune cookies,75.675674,2017-09-05,8,2,biscuit,24 sandwich biscuits,135.0, fortune cookies,120.0,biscuit board games,210.0,2.0,My favourite cookies!,2021-07-02,-1396 days
focaccia,100.0,2011-08-30,2,3,bread,free form loaf,195.0,focaccia,210.0,12 sweet and 12 savoury rolls,300.0,,focaccia,2021-07-02,-3594 days
chocolate babka,70.588234,2020-10-13,11,4,chocolate,18 chocolate brownies,90.0,chocolate babka,150.0,white chocolate celebration cake,240.0,2.0,Rich Chocolate Cake,2021-07-03,-263 days
chocolate babka,70.588234,2020-10-13,11,4,chocolate,18 chocolate brownies,90.0,chocolate babka,150.0,white chocolate celebration cake,240.0,2.0,Rich Chocolate Cake,2021-07-03,-263 days
chocolate babka,70.588234,2020-10-13,11,4,chocolate,18 chocolate brownies,90.0,chocolate babka,150.0,white chocolate celebration cake,240.0,2.0,Rich Chocolate Cake,2021-07-03,-263 days
chocolate babka,70.588234,2020-10-13,11,4,chocolate,18 chocolate brownies,90.0,chocolate babka,150.0,white chocolate celebration cake,240.0,2.0,Rich Chocolate Cake,2021-07-03,-263 days
chocolate babka,70.588234,2020-10-13,11,4,chocolate,18 chocolate brownies,90.0,chocolate babka,150.0,white chocolate celebration cake,240.0,2.0,Rich Chocolate Cake,2021-07-03,-263 days
chocolate babka,70.588234,2020-10-13,11,4,chocolate,18 chocolate brownies,90.0,chocolate babka,150.0,white chocolate celebration cake,240.0,2.0,Rich Chocolate Cake,2021-07-03,-263 days
chocolate babka,70.588234,2020-10-13,11,4,chocolate,18 chocolate brownies,90.0,chocolate babka,150.0,white chocolate celebration cake,240.0,2.0,Rich Chocolate Cake,2021-07-03,-263 days
chocolate babka,70.588234,2020-10-13,11,4,chocolate,18 chocolate brownies,90.0,chocolate babka,150.0,white chocolate celebration cake,240.0,2.0,Rich Chocolate Cake,2021-07-03,-263 days
chocolate babka,70.588234,2020-10-13,11,4,chocolate,18 chocolate brownies,90.0,chocolate babka,150.0,white chocolate celebration cake,240.0,2.0,Rich Chocolate Cake,2021-07-03,-263 days
chocolate babka,70.588234,2020-10-13,11,4,chocolate,18 chocolate brownies,90.0,chocolate babka,150.0,white chocolate celebration cake,240.0,2.0,Rich Chocolate Cake,2021-07-03,-263 days
chocolate babka,70.588234,2020-10-13,11,4,chocolate,18 chocolate brownies,90.0,chocolate babka,150.0,white chocolate celebration cake,240.0,2.0,Rich Chocolate Cake,2021-07-04,-264 days
lemon meringue pie,83.72093,2022-10-11,13,5,desserts,8 steamed puddings,120.0,lemon meringue pie,120.0,hidden surprise mousse dessert,270.0,2.0,First lemon meringue pie!,2021-07-04,464 days
red velvet cake,72.0,2022-09-13,13,1,cake,12 mini sandwich cakes,120.0,red velvet cake,120.0,3d cake home,240.0,2.0,Eevee cake,2021-07-05,435 days
bakewell tart,88.888885,2016-09-21,7,5,pastry,24 breakfast pastries,210.0,bakewell tart,150.0,48 filo amuse-bouche,240.0,,Bakewell tart!,2021-07-05,-1748 days
red velvet cake,70.96774,2022-09-13,13,1,cake,12 mini sandwich cakes,120.0,red velvet cake,120.0,3d cake home,240.0,2.0,Red velvet help!,2021-07-05,435 days
 english muffins,87.5,2013-08-27,4,2,bread,36 breadsticks,120.0, english muffins,165.0,decorative loaf,240.0,,English muffins!,2021-07-05,-2869 days
chocolate babka,90.32258,2020-10-13,11,4,chocolate,18 chocolate brownies,90.0,chocolate babka,150.0,white chocolate celebration cake,240.0,2.0,Chocolate babka!,2021-07-08,-268 days
angel food cake,76.92308,2013-08-20,4,1,cake,sandwich cake,120.0,angel food cake,150.0,chocolate cake,240.0,,Coloring angel food cake,2021-07-09,-2880 days
 pastéis de nata,75.0,2017-10-03,8,6,pastry,4 shortcrust savoury pies,150.0, pastéis de nata,120.0,family-sized hand-raised pie,240.0,2.0,Homemade pasteis de nata,2021-07-14,-1380 days
lemon and thyme drizzle cake,73.91304,2023-10-31,14,6,botanical,12 individual spiced buns,165.0,lemon and thyme drizzle cake,90.0,floral dessert,240.0,,Lemon drizzle cake,2021-07-14,839 days
 custard creams,70.588234,2023-10-03,14,2,biscuits,12 marshmallow biscuits,, custard creams,90.0,illusion biscuit meal,240.0,1.0,Custard cream cake!,2021-07-14,811 days
lemon meringue pie,91.89189,2022-10-11,13,5,desserts,8 steamed puddings,120.0,lemon meringue pie,120.0,hidden surprise mousse dessert,270.0,2.0,Lemon meringue pie!,2021-07-16,452 days
 chocolate teacakes,75.0,2012-10-02,3,8,biscuit,48 crackers,120.0, chocolate teacakes,120.0,gingerbread structure,240.0,2.0,German chocolate cake,2021-07-17,-3210 days
mille-feuille,88.0,2015-10-07,6,10,final,16 iced buns,180.0,mille-feuille,120.0,classic british cake,240.0,2.0,Millefeuille,2021-07-17,-2110 days
 baguettes,84.210526,2015-08-19,6,3,bread,2 quick breads,90.0, baguettes,150.0,3d bread sculpture,300.0,,Baguettes,2021-07-18,-2160 days
red velvet cake,72.72727,2022-09-13,13,1,cake,12 mini sandwich cakes,120.0,red velvet cake,120.0,3d cake home,240.0,2.0,Red Velvet Cake UK,2021-07-19,421 days
red velvet cake,77.77778,2022-09-13,13,1,cake,12 mini sandwich cakes,120.0,red velvet cake,120.0,3d cake home,240.0,2.0,Red velvet grad cake!,2021-07-20,420 days
frasier cake,72.72727,2012-10-09,3,9,pâtisserie,3 types of petits fours,,frasier cake,150.0,choux pastry gâteau,,,Layer cake,2021-07-20,-3206 days
focaccia,100.0,2011-08-30,2,3,bread,free form loaf,195.0,focaccia,210.0,12 sweet and 12 savoury rolls,300.0,,focaccia,2021-07-23,-3615 days
tiramisu cake,81.48148,2014-08-27,5,4,dessert,8 self-saucing puddings,120.0,tiramisu cake,150.0,baked alaska,270.0,,Tirimisu cake.,2021-07-24,-2523 days
chocolate roulade,70.588234,2011-09-20,2,6,desserts,baked cheesecake,150.0,chocolate roulade,105.0,croquembouche,300.0,,chocolate donuts!,2021-07-26,-3597 days
 chocolate teacakes,71.42857,2012-10-02,3,8,biscuit,48 crackers,120.0, chocolate teacakes,120.0,gingerbread structure,240.0,2.0,Gooey chocolate cookies,2021-07-27,-3220 days
matcha crepe cake,71.79487,2020-10-27,11,6,japanese,8 steamed buns,150.0,matcha crepe cake,120.0,kawaii cake,240.0,,matcha crinkle cookie!,2021-07-28,-274 days
 pastéis de nata,90.32258,2017-10-03,8,6,pastry,4 shortcrust savoury pies,150.0, pastéis de nata,120.0,family-sized hand-raised pie,240.0,2.0,pasteis de nata,2021-07-28,-1394 days
 chocolate teacakes,82.051285,2012-10-02,3,8,biscuit,48 crackers,120.0, chocolate teacakes,120.0,gingerbread structure,240.0,2.0,Tiny chocolate cakes,2021-07-30,-3223 days
chocolate babka,93.333336,2020-10-13,11,4,chocolate,18 chocolate brownies,90.0,chocolate babka,150.0,white chocolate celebration cake,240.0,2.0,Chocolate babka,2021-07-30,-290 days
focaccia,87.5,2011-08-30,2,3,bread,free form loaf,195.0,focaccia,210.0,12 sweet and 12 savoury rolls,300.0,,Focaccia,2021-08-03,-3626 days
 white chocolate and blackberry cheesecakes,72.72727,2023-10-18,14,4,chocolate,chocolate torte,, white chocolate and blackberry cheesecakes,,edible chocolate box cake,,2.0,White chocolate raspberry cupcakes,2021-08-06,803 days
red velvet cake,90.32258,2022-09-13,13,1,cake,12 mini sandwich cakes,120.0,red velvet cake,120.0,3d cake home,240.0,2.0,Red velvet cake?,2021-08-07,402 days
 miniature pineapple upside-down cakes,70.454544,2020-09-22,11,1,cake,battenberg cake,120.0, miniature pineapple upside-down cakes,90.0,celebrity hero cake bust,240.0,2.0,"Tried a retro recipe, pineapple upside down cake 🍍",2021-08-07,-319 days
 sticky toffee puddings,90.90909,2021-10-12,12,4,desserts,pavlova,165.0, sticky toffee puddings,90.0,joconde imprime dessert,270.0,2.0,Sticky toffee pudding,2021-08-09,64 days
 chocolate teacakes,73.17073,2012-10-02,3,8,biscuit,48 crackers,120.0, chocolate teacakes,120.0,gingerbread structure,240.0,2.0,Eggless chocolate cake,2021-08-10,-3234 days
 miniature pineapple upside-down cakes,73.84615,2020-09-22,11,1,cake,battenberg cake,120.0, miniature pineapple upside-down cakes,90.0,celebrity hero cake bust,240.0,2.0,Pineapple upside down cake.,2021-08-10,-322 days
 egg custard tarts,77.77778,2013-09-10,4,4,pies and tarts,double crust fruit pie,120.0, egg custard tarts,120.0,filo pie,240.0,,Peach custard tart,2021-08-12,-2893 days
 chocolate teacakes,76.92308,2012-10-02,3,8,biscuit,48 crackers,120.0, chocolate teacakes,120.0,gingerbread structure,240.0,2.0,Lego chocolate cake!,2021-08-13,-3237 days
chocolate babka,73.68421,2020-10-13,11,4,chocolate,18 chocolate brownies,90.0,chocolate babka,150.0,white chocolate celebration cake,240.0,2.0,Chocolate braided babka,2021-08-15,-306 days
mini pear pies,70.96774,2014-09-03,5,5,pies and tarts,custard tart,150.0,mini pear pies,120.0,three-tiered pie,270.0,,Mini pecan pie! 🥧,2021-08-18,-2541 days
 chocolate teacakes,70.27027,2012-10-02,3,8,biscuit,48 crackers,120.0, chocolate teacakes,120.0,gingerbread structure,240.0,2.0,Chocolate macarons,2021-08-18,-3242 days
lemon meringue pie,80.0,2022-10-11,13,5,desserts,8 steamed puddings,120.0,lemon meringue pie,120.0,hidden surprise mousse dessert,270.0,2.0,Homemade lemon meringue pie,2021-08-20,417 days
 egg custard tarts,71.42857,2013-09-10,4,4,pies and tarts,double crust fruit pie,120.0, egg custard tarts,120.0,filo pie,240.0,,Portugese custard tarts!,2021-08-23,-2904 days
 miniature pineapple upside-down cakes,72.093025,2020-09-22,11,1,cake,battenberg cake,120.0, miniature pineapple upside-down cakes,90.0,celebrity hero cake bust,240.0,2.0,My newest attempt at pineapple upside down cake!,2021-08-24,-336 days
 chocolate teacakes,71.42857,2012-10-02,3,8,biscuit,48 crackers,120.0, chocolate teacakes,120.0,gingerbread structure,240.0,2.0,Too much chocolate cake,2021-08-24,-3248 days
 jam doughnuts,70.96774,2012-09-25,3,7,sweet dough,24 sweet buns,180.0, jam doughnuts,150.0,celebratory loaf,,,Shaped doughnuts?,2021-08-25,-3256 days
 ginger biscuits,70.96774,2017-10-31,8,10,final,12 small loaves,180.0, ginger biscuits,150.0,large entremet,300.0,2.0,Empire biscuits,2021-08-26,-1395 days
chocolate roulade,70.27027,2011-09-20,2,6,desserts,baked cheesecake,150.0,chocolate roulade,105.0,croquembouche,300.0,,Chocolate Cloud Cake,2021-08-28,-3630 days
chocolate roulade,76.47059,2011-09-20,2,6,desserts,baked cheesecake,150.0,chocolate roulade,105.0,croquembouche,300.0,,chocolate bread!!,2021-08-28,-3630 days
 chocolate teacakes,78.78788,2012-10-02,3,8,biscuit,48 crackers,120.0, chocolate teacakes,120.0,gingerbread structure,240.0,2.0,Chocolate cake,2021-08-28,-3252 days
 fortune cookies,73.333336,2017-09-05,8,2,biscuit,24 sandwich biscuits,135.0, fortune cookies,120.0,biscuit board games,210.0,2.0,S’more cookies,2021-08-28,-1453 days
 ginger biscuits,73.68421,2017-10-31,8,10,final,12 small loaves,180.0, ginger biscuits,150.0,large entremet,300.0,2.0,Baking powder biscuits,2021-08-29,-1398 days
chocolate roulade,70.588234,2011-09-20,2,6,desserts,baked cheesecake,150.0,chocolate roulade,105.0,croquembouche,300.0,,Chocolate tartlet,2021-08-30,-3632 days
 sticky toffee puddings,90.90909,2021-10-12,12,4,desserts,pavlova,165.0, sticky toffee puddings,90.0,joconde imprime dessert,270.0,2.0,Sticky toffee pudding,2021-09-03,39 days
matcha crepe cake,70.588234,2020-10-27,11,6,japanese,8 steamed buns,150.0,matcha crepe cake,120.0,kawaii cake,240.0,,Peach cheese cake,2021-09-04,-312 days
red velvet cake,83.333336,2022-09-13,13,1,cake,12 mini sandwich cakes,120.0,red velvet cake,120.0,3d cake home,240.0,2.0,Naked red velvet cake,2021-09-06,372 days
 chocolate teacakes,86.48649,2012-10-02,3,8,biscuit,48 crackers,120.0, chocolate teacakes,120.0,gingerbread structure,240.0,2.0,chocolate hotcakes,2021-09-06,-3261 days
 english muffins,73.68421,2013-08-27,4,2,bread,36 breadsticks,120.0, english muffins,165.0,decorative loaf,240.0,,English muffin starter,2021-09-09,-2935 days
 white chocolate and blackberry cheesecakes,75.0,2023-10-18,14,4,chocolate,chocolate torte,, white chocolate and blackberry cheesecakes,,edible chocolate box cake,,2.0,White chocolate and raspberry cookies,2021-09-10,768 days
chocolate babka,76.92308,2020-10-13,11,4,chocolate,18 chocolate brownies,90.0,chocolate babka,150.0,white chocolate celebration cake,240.0,2.0,My first chocolate babka,2021-09-10,-332 days
 chocolate teacakes,72.22222,2012-10-02,3,8,biscuit,48 crackers,120.0, chocolate teacakes,120.0,gingerbread structure,240.0,2.0,Chocolate eclairs,2021-09-11,-3266 days
 fortune cookies,75.86207,2017-09-05,8,2,biscuit,24 sandwich biscuits,135.0, fortune cookies,120.0,biscuit board games,210.0,2.0,More cookies!,2021-09-12,-1468 days
 baguettes,84.210526,2015-08-19,6,3,bread,2 quick breads,90.0, baguettes,150.0,3d bread sculpture,300.0,,Baguettes,2021-09-12,-2216 days
lemon meringue pie,81.25,2022-10-11,13,5,desserts,8 steamed puddings,120.0,lemon meringue pie,120.0,hidden surprise mousse dessert,270.0,2.0,Lemon meringue,2021-09-13,393 days
 jam doughnuts,70.96774,2012-09-25,3,7,sweet dough,24 sweet buns,180.0, jam doughnuts,150.0,celebratory loaf,,,Ganache doughnuts,2021-09-13,-3275 days
chocolate babka,70.27027,2020-10-13,11,4,chocolate,18 chocolate brownies,90.0,chocolate babka,150.0,white chocolate celebration cake,240.0,2.0,Chocolate banana bread,2021-09-15,-337 days
 chocolate teacakes,71.42857,2012-10-02,3,8,biscuit,48 crackers,120.0, chocolate teacakes,120.0,gingerbread structure,240.0,2.0,One bowl chocolate cake,2021-09-15,-3270 days
 chocolate teacakes,73.17073,2012-10-02,3,8,biscuit,48 crackers,120.0, chocolate teacakes,120.0,gingerbread structure,240.0,2.0,Some chocolate cookies,2021-09-16,-3271 days
 egg custard tarts,73.68421,2013-09-10,4,4,pies and tarts,double crust fruit pie,120.0, egg custard tarts,120.0,filo pie,240.0,,French custard tart?,2021-09-17,-2929 days
focaccia,87.5,2011-08-30,2,3,bread,free form loaf,195.0,focaccia,210.0,12 sweet and 12 savoury rolls,300.0,,Focaccia,2021-09-17,-3671 days
 chocolate teacakes,73.91304,2012-10-02,3,8,biscuit,48 crackers,120.0, chocolate teacakes,120.0,gingerbread structure,240.0,2.0,Gooey chocolate butter cake,2021-09-19,-3274 days
red velvet cake,71.42857,2022-09-13,13,1,cake,12 mini sandwich cakes,120.0,red velvet cake,120.0,3d cake home,240.0,2.0,Red velvet <3,2021-09-19,359 days
red velvet cake,77.41936,2022-09-13,13,1,cake,12 mini sandwich cakes,120.0,red velvet cake,120.0,3d cake home,240.0,2.0,Red Velvet Cake.,2021-09-21,357 days
 english muffins,90.32258,2013-08-27,4,2,bread,36 breadsticks,120.0, english muffins,165.0,decorative loaf,240.0,,English muffins,2021-09-24,-2950 days
 white chocolate and blackberry cheesecakes,75.0,2023-10-18,14,4,chocolate,chocolate torte,, white chocolate and blackberry cheesecakes,,edible chocolate box cake,,2.0,White chocolate almond raspberry cake,2021-09-25,753 days
 chocolate teacakes,71.42857,2012-10-02,3,8,biscuit,48 crackers,120.0, chocolate teacakes,120.0,gingerbread structure,240.0,2.0,Mint chocolate macarons,2021-09-25,-3280 days
chocolate soufflé,87.17949,2015-09-30,6,9,chocolate,chocolate tart,150.0,chocolate soufflé,75.0,chocolate centrepieces,240.0,,Mint chocolate soufflé,2021-09-29,-2191 days
 miniature pineapple upside-down cakes,78.125,2020-09-22,11,1,cake,battenberg cake,120.0, miniature pineapple upside-down cakes,90.0,celebrity hero cake bust,240.0,2.0,pineapple upside down cake,2021-10-01,-374 days
 sticky toffee puddings,72.0,2021-10-12,12,4,desserts,pavlova,165.0, sticky toffee puddings,90.0,joconde imprime dessert,270.0,2.0,Yum...Sticky Toffee Pudding,2021-10-03,9 days
 fortune cookies,70.588234,2017-09-05,8,2,biscuit,24 sandwich biscuits,135.0, fortune cookies,120.0,biscuit board games,210.0,2.0,Decorating cookies,2021-10-04,-1490 days
 miniature pineapple upside-down cakes,79.45206,2020-09-22,11,1,cake,battenberg cake,120.0, miniature pineapple upside-down cakes,90.0,celebrity hero cake bust,240.0,2.0,My first pineapple upside down cake,2021-10-06,-379 days
chocolate babka,70.96774,2020-10-13,11,4,chocolate,18 chocolate brownies,90.0,chocolate babka,150.0,white chocolate celebration cake,240.0,2.0,Chocolate Cake 🙃,2021-10-06,-358 days
chocolate babka,70.27027,2020-10-13,11,4,chocolate,18 chocolate brownies,90.0,chocolate babka,150.0,white chocolate celebration cake,240.0,2.0,Chocolate banana bread,2021-10-09,-361 days
lemon meringue pie,75.0,2022-10-11,13,5,desserts,8 steamed puddings,120.0,lemon meringue pie,120.0,hidden surprise mousse dessert,270.0,2.0,Homemade lemon meringue pie 🍋🍋,2021-10-10,366 days
 miniature pineapple upside-down cakes,75.675674,2020-09-22,11,1,cake,battenberg cake,120.0, miniature pineapple upside-down cakes,90.0,celebrity hero cake bust,240.0,2.0,Homemade Pineapple upside down cake.,2021-10-12,-385 days
lemon meringue pie,78.04878,2022-10-11,13,5,desserts,8 steamed puddings,120.0,lemon meringue pie,120.0,hidden surprise mousse dessert,270.0,2.0,Lemon meringue cupcakes,2021-10-14,362 days
 fortune cookies,70.96774,2017-09-05,8,2,biscuit,24 sandwich biscuits,135.0, fortune cookies,120.0,biscuit board games,210.0,2.0,S’mores cookies,2021-10-14,-1500 days
red velvet cake,70.588234,2022-09-13,13,1,cake,12 mini sandwich cakes,120.0,red velvet cake,120.0,3d cake home,240.0,2.0,2kg Red Velvet Cake,2021-10-15,333 days
lemon meringue pie,83.333336,2022-10-11,13,5,desserts,8 steamed puddings,120.0,lemon meringue pie,120.0,hidden surprise mousse dessert,270.0,2.0,Lemon Meringue Pie,2021-10-16,360 days
lemon meringue pie,78.26087,2022-10-11,13,5,desserts,8 steamed puddings,120.0,lemon meringue pie,120.0,hidden surprise mousse dessert,270.0,2.0,Baked lemon meringue pie 🍋 🥧,2021-10-23,353 days
the signature chocolate cake with fresh raspberries,75.789474,2023-09-26,14,1,cake,vertical layer cake,,the signature chocolate cake with fresh raspberries,120.0,3d shaped animal cake,240.0,2.0,Made triple chocolate cake with strawberries,2021-10-23,703 days
mini pear pies,70.96774,2014-09-03,5,5,pies and tarts,custard tart,150.0,mini pear pies,120.0,three-tiered pie,270.0,,mini pumpkin pies,2021-10-24,-2608 days
 molten chocolate puddings,72.413795,2017-09-26,8,5,pudding,steamed school pudding,180.0, molten chocolate puddings,60.0,ornamental trifle terrine,270.0,1.0,Hot fudge chocolate pudding cake,2021-10-28,-1493 days
 fortune cookies,71.79487,2017-09-05,8,2,biscuit,24 sandwich biscuits,135.0, fortune cookies,120.0,biscuit board games,210.0,2.0,Chinese Fortune Cookies,2021-10-28,-1514 days
 molten chocolate puddings,73.01588,2017-09-26,8,5,pudding,steamed school pudding,180.0, molten chocolate puddings,60.0,ornamental trifle terrine,270.0,1.0,Chocolate and white chocolate pudding,2021-10-31,-1496 days
red velvet cake,75.0,2022-09-13,13,1,cake,12 mini sandwich cakes,120.0,red velvet cake,120.0,3d cake home,240.0,2.0,Lemon Velvet cake,2021-10-31,317 days
 ginger biscuits,80.0,2017-10-31,8,10,final,12 small loaves,180.0, ginger biscuits,150.0,large entremet,300.0,2.0,Angel biscuits,2021-11-01,-1462 days
 miniature pineapple upside-down cakes,78.125,2020-09-22,11,1,cake,battenberg cake,120.0, miniature pineapple upside-down cakes,90.0,celebrity hero cake bust,240.0,2.0,Pineapple upside-down cake,2021-11-01,-405 days
 chocolate teacakes,78.947365,2012-10-02,3,8,biscuit,48 crackers,120.0, chocolate teacakes,120.0,gingerbread structure,240.0,2.0,Easy chocolate cake,2021-11-03,-3319 days
 pastéis de nata,75.0,2017-10-03,8,6,pastry,4 shortcrust savoury pies,150.0, pastéis de nata,120.0,family-sized hand-raised pie,240.0,2.0,I baked pasteis de nata!,2021-11-03,-1492 days
mini pear pies,73.333336,2014-09-03,5,5,pies and tarts,custard tart,150.0,mini pear pies,120.0,three-tiered pie,270.0,,Mini cherry pies,2021-11-06,-2621 days
 white chocolate and blackberry cheesecakes,74.69879,2023-10-18,14,4,chocolate,chocolate torte,, white chocolate and blackberry cheesecakes,,edible chocolate box cake,,2.0,I made white chocolate & lime cheesecake,2021-11-07,710 days
red velvet cake,72.72727,2022-09-13,13,1,cake,12 mini sandwich cakes,120.0,red velvet cake,120.0,3d cake home,240.0,2.0,Red velvet & candy,2021-11-07,310 days
tiramisu cake,72.72727,2014-08-27,5,4,dessert,8 self-saucing puddings,120.0,tiramisu cake,150.0,baked alaska,270.0,,Simple Tiramisu cake,2021-11-12,-2634 days
bakewell tart,92.30769,2016-09-21,7,5,pastry,24 breakfast pastries,210.0,bakewell tart,150.0,48 filo amuse-bouche,240.0,,Bakewell tart,2021-11-14,-1880 days
lemon meringue pie,75.675674,2022-10-11,13,5,desserts,8 steamed puddings,120.0,lemon meringue pie,120.0,hidden surprise mousse dessert,270.0,2.0,Lemon meringue tart,2021-11-17,328 days
 chocolate teacakes,75.0,2012-10-02,3,8,biscuit,48 crackers,120.0, chocolate teacakes,120.0,gingerbread structure,240.0,2.0,First chocolate cake!,2021-11-22,-3338 days
 english muffins,87.5,2013-08-27,4,2,bread,36 breadsticks,120.0, english muffins,165.0,decorative loaf,240.0,,English muffins!,2021-11-23,-3010 days
lemon meringue pie,75.675674,2022-10-11,13,5,desserts,8 steamed puddings,120.0,lemon meringue pie,120.0,hidden surprise mousse dessert,270.0,2.0,Lemon Meringue cake,2021-11-23,322 days
prinzregententorte,85.0,2021-10-19,12,5,german,24 german biscuits,135.0,prinzregententorte,165.0,yeast leavened cake,270.0,3.0,My Prinzregententorte.,2021-11-23,-35 days
red velvet cake,93.333336,2022-09-13,13,1,cake,12 mini sandwich cakes,120.0,red velvet cake,120.0,3d cake home,240.0,2.0,Red velvet cake,2021-11-24,293 days
lemon meringue pie,78.26087,2022-10-11,13,5,desserts,8 steamed puddings,120.0,lemon meringue pie,120.0,hidden surprise mousse dessert,270.0,2.0,Need help Lemon meringue pie,2021-11-24,321 days
 ginger biscuits,77.41936,2017-10-31,8,10,final,12 small loaves,180.0, ginger biscuits,150.0,large entremet,300.0,2.0,Dinner Biscuits,2021-11-25,-1486 days
 chocolate teacakes,72.72727,2012-10-02,3,8,biscuit,48 crackers,120.0, chocolate teacakes,120.0,gingerbread structure,240.0,2.0,Hot chocolate cheesecake!,2021-11-25,-3341 days
 fortune cookies,70.96774,2017-09-05,8,2,biscuit,24 sandwich biscuits,135.0, fortune cookies,120.0,biscuit board games,210.0,2.0,C is for cookie,2021-11-26,-1543 days
chocolate babka,75.86207,2020-10-13,11,4,chocolate,18 chocolate brownies,90.0,chocolate babka,150.0,white chocolate celebration cake,240.0,2.0,Chocolate Cake,2021-11-26,-409 days
 gluten-free pita bread,76.59574,2015-09-02,6,5,alternative ingredients,sugar-free cake,150.0, gluten-free pita bread,120.0,dairy-free ice cream roll,270.0,,Gluten-free banana bread,2021-11-28,-2279 days
 chocolate teacakes,72.72727,2012-10-02,3,8,biscuit,48 crackers,120.0, chocolate teacakes,120.0,gingerbread structure,240.0,2.0,Mint chocolate cheesecake,2021-11-28,-3344 days
 fortune cookies,72.72727,2017-09-05,8,2,biscuit,24 sandwich biscuits,135.0, fortune cookies,120.0,biscuit board games,210.0,2.0,Ideas for cookies,2021-11-30,-1547 days
prinzregententorte,72.34042,2021-10-19,12,5,german,24 german biscuits,135.0,prinzregententorte,165.0,yeast leavened cake,270.0,3.0,[I made] a Prinzregententorte,2021-12-01,-43 days
prinzregententorte,72.34042,2021-10-19,12,5,german,24 german biscuits,135.0,prinzregententorte,165.0,yeast leavened cake,270.0,3.0,[I made] a Prinzregententorte,2021-12-01,-43 days
 chocolate teacakes,73.17073,2012-10-02,3,8,biscuit,48 crackers,120.0, chocolate teacakes,120.0,gingerbread structure,240.0,2.0,Pb and chocolate cake?,2021-12-02,-3348 days
 chocolate teacakes,75.0,2012-10-02,3,8,biscuit,48 crackers,120.0, chocolate teacakes,120.0,gingerbread structure,240.0,2.0,German chocolate cake,2021-12-05,-3351 days
 custard creams,71.42857,2023-10-03,14,2,biscuits,12 marshmallow biscuits,, custard creams,90.0,illusion biscuit meal,240.0,1.0,Custard Bread,2021-12-05,667 days
 pastéis de nata,71.42857,2017-10-03,8,6,pastry,4 shortcrust savoury pies,150.0, pastéis de nata,120.0,family-sized hand-raised pie,240.0,2.0,[homemade] pasteis de nata,2021-12-05,-1524 days
 chocolate teacakes,76.92308,2012-10-02,3,8,biscuit,48 crackers,120.0, chocolate teacakes,120.0,gingerbread structure,240.0,2.0,A 4” chocolate cake!,2021-12-06,-3352 days
lemon meringue pie,70.588234,2022-10-11,13,5,desserts,8 steamed puddings,120.0,lemon meringue pie,120.0,hidden surprise mousse dessert,270.0,2.0,Best lemon meringue tart recipie?,2021-12-08,307 days
lemon meringue pie,75.0,2022-10-11,13,5,desserts,8 steamed puddings,120.0,lemon meringue pie,120.0,hidden surprise mousse dessert,270.0,2.0,Lemon meringue eclairs,2021-12-09,306 days
 viennese whirls,83.870964,2016-08-31,7,2,biscuit,24 iced biscuits,150.0, viennese whirls,90.0,gingerbread 3d scene,240.0,2.0,Viennese Whirls,2021-12-11,-1928 days
red velvet cake,78.78788,2022-09-13,13,1,cake,12 mini sandwich cakes,120.0,red velvet cake,120.0,3d cake home,240.0,2.0,Red velvet cookies,2021-12-13,274 days
 fortune cookies,75.0,2017-09-05,8,2,biscuit,24 sandwich biscuits,135.0, fortune cookies,120.0,biscuit board games,210.0,2.0,My first cookies,2021-12-15,-1562 days
 fortune cookies,73.333336,2017-09-05,8,2,biscuit,24 sandwich biscuits,135.0, fortune cookies,120.0,biscuit board games,210.0,2.0,Smores cookies,2021-12-16,-1563 days
 chocolate teacakes,73.46939,2012-10-02,3,8,biscuit,48 crackers,120.0, chocolate teacakes,120.0,gingerbread structure,240.0,2.0,Ruby chocolate butter cupcakes,2021-12-17,-3363 days
 fortune cookies,70.96774,2017-09-05,8,2,biscuit,24 sandwich biscuits,135.0, fortune cookies,120.0,biscuit board games,210.0,2.0,festive cookies,2021-12-19,-1566 days
 chocolate teacakes,76.92308,2012-10-02,3,8,biscuit,48 crackers,120.0, chocolate teacakes,120.0,gingerbread structure,240.0,2.0,Light chocolate cake,2021-12-19,-3365 days
 chocolate teacakes,73.17073,2012-10-02,3,8,biscuit,48 crackers,120.0, chocolate teacakes,120.0,gingerbread structure,240.0,2.0,German chocolate cake!,2021-12-19,-3365 days
 chocolate teacakes,71.42857,2012-10-02,3,8,biscuit,48 crackers,120.0, chocolate teacakes,120.0,gingerbread structure,240.0,2.0,Homemade chocolate cake,2021-12-20,-3366 days
chocolate soufflé,94.117645,2015-09-30,6,9,chocolate,chocolate tart,150.0,chocolate soufflé,75.0,chocolate centrepieces,240.0,,Chocolate soufflé,2021-12-21,-2274 days
 chocolate teacakes,73.17073,2012-10-02,3,8,biscuit,48 crackers,120.0, chocolate teacakes,120.0,gingerbread structure,240.0,2.0,Mint chocolate cookies,2021-12-21,-3367 days
 white chocolate and blackberry cheesecakes,73.809525,2023-10-18,14,4,chocolate,chocolate torte,, white chocolate and blackberry cheesecakes,,edible chocolate box cake,,2.0,White chocolate mousse and blueberry cake,2021-12-22,665 days
 chocolate mini rolls,77.77778,2017-08-29,8,1,cake,fruity cake,120.0, chocolate mini rolls,120.0,illusion cake,240.0,2.0,Chocolate rolls,2021-12-26,-1580 days
 chocolate mini rolls,73.46939,2017-08-29,8,1,cake,fruity cake,120.0, chocolate mini rolls,120.0,illusion cake,240.0,2.0,I made chocolate mini tarts!,2021-12-29,-1583 days
 pastéis de nata,83.870964,2017-10-03,8,6,pastry,4 shortcrust savoury pies,150.0, pastéis de nata,120.0,family-sized hand-raised pie,240.0,2.0,Pasteis de nata,2021-12-31,-1550 days
 chocolate teacakes,71.79487,2012-10-02,3,8,biscuit,48 crackers,120.0, chocolate teacakes,120.0,gingerbread structure,240.0,2.0,Chocolate cheesecake,2022-01-03,-3380 days
 miniature pineapple upside-down cakes,73.52941,2020-09-22,11,1,cake,battenberg cake,120.0, miniature pineapple upside-down cakes,90.0,celebrity hero cake bust,240.0,2.0,Caramel apple upside down cake,2022-01-10,-475 days
focaccia,73.68421,2011-08-30,2,3,bread,free form loaf,195.0,focaccia,210.0,12 sweet and 12 savoury rolls,300.0,,Focaccia :),2022-01-11,-3787 days
red velvet cake,90.32258,2022-09-13,13,1,cake,12 mini sandwich cakes,120.0,red velvet cake,120.0,3d cake home,240.0,2.0,Red velvet cake.,2022-01-11,245 days
 miniature pineapple upside-down cakes,74.35897,2020-09-22,11,1,cake,battenberg cake,120.0, miniature pineapple upside-down cakes,90.0,celebrity hero cake bust,240.0,2.0,Any tips for pineapple upside down cake?,2022-01-11,-476 days
red velvet cake,78.78788,2022-09-13,13,1,cake,12 mini sandwich cakes,120.0,red velvet cake,120.0,3d cake home,240.0,2.0,Red Velvet Cupcake,2022-01-13,243 days
kougin-amann,75.0,2014-09-17,5,7,pastry,12 savoury parcels,105.0,kougin-amann,210.0,24 éclairs,240.0,,Kouign-Amann,2022-01-16,-2678 days
angel food cake,80.0,2013-08-20,4,1,cake,sandwich cake,120.0,angel food cake,150.0,chocolate cake,240.0,,Angel food cupcakes!,2022-01-16,-3071 days
 chocolate teacakes,78.26087,2012-10-02,3,8,biscuit,48 crackers,120.0, chocolate teacakes,120.0,gingerbread structure,240.0,2.0,A chocolate tea cake I made,2022-01-17,-3394 days
kougin-amann,75.0,2014-09-17,5,7,pastry,12 savoury parcels,105.0,kougin-amann,210.0,24 éclairs,240.0,,Kouign-Amann,2022-01-18,-2680 days
red velvet cake,78.78788,2022-09-13,13,1,cake,12 mini sandwich cakes,120.0,red velvet cake,120.0,3d cake home,240.0,2.0,Red velvet cookies,2022-01-18,238 days
red velvet cake,72.22222,2022-09-13,13,1,cake,12 mini sandwich cakes,120.0,red velvet cake,120.0,3d cake home,240.0,2.0,Red Velvet Cupcakes 🧁,2022-01-19,237 days
red velvet cake,76.47059,2022-09-13,13,1,cake,12 mini sandwich cakes,120.0,red velvet cake,120.0,3d cake home,240.0,2.0,Red Velvet Cupcakes,2022-01-19,237 days
 chocolate teacakes,76.92308,2012-10-02,3,8,biscuit,48 crackers,120.0, chocolate teacakes,120.0,gingerbread structure,240.0,2.0,OD on chocolate cake,2022-01-19,-3396 days
 fortune cookies,73.333336,2017-09-05,8,2,biscuit,24 sandwich biscuits,135.0, fortune cookies,120.0,biscuit board games,210.0,2.0,Orange cookies,2022-01-19,-1597 days
chocolate babka,75.86207,2020-10-13,11,4,chocolate,18 chocolate brownies,90.0,chocolate babka,150.0,white chocolate celebration cake,240.0,2.0,Chocolate Cake,2022-01-20,-464 days
chocolate babka,86.666664,2020-10-13,11,4,chocolate,18 chocolate brownies,90.0,chocolate babka,150.0,white chocolate celebration cake,240.0,2.0,Chocolate Babka,2022-01-21,-465 days
 egg custard tarts,80.0,2013-09-10,4,4,pies and tarts,double crust fruit pie,120.0, egg custard tarts,120.0,filo pie,240.0,,custard tart,2022-01-21,-3055 days
chocolate babka,73.333336,2020-10-13,11,4,chocolate,18 chocolate brownies,90.0,chocolate babka,150.0,white chocolate celebration cake,240.0,2.0,Chocolate Cake?,2022-01-22,-466 days
 chocolate teacakes,71.42857,2012-10-02,3,8,biscuit,48 crackers,120.0, chocolate teacakes,120.0,gingerbread structure,240.0,2.0,Dark Chocolate Cupcakes,2022-01-23,-3400 days
lemon meringue pie,81.818184,2022-10-11,13,5,desserts,8 steamed puddings,120.0,lemon meringue pie,120.0,hidden surprise mousse dessert,270.0,2.0,Angular lemon meringue pie,2022-01-24,260 days
 miniature pineapple upside-down cakes,77.14286,2020-09-22,11,1,cake,battenberg cake,120.0, miniature pineapple upside-down cakes,90.0,celebrity hero cake bust,240.0,2.0,Fresh pineapple Upside-down Cake,2022-01-24,-489 days
tiramisu cake,92.30769,2014-08-27,5,4,dessert,8 self-saucing puddings,120.0,tiramisu cake,150.0,baked alaska,270.0,,Tiramisu cake,2022-01-27,-2710 days
apricot couronne,76.92308,2013-09-24,4,6,sweet dough,yeasted tea loaf,180.0,apricot couronne,165.0,24 european sweet buns,270.0,,Apricot couronne issues,2022-01-29,-3049 days
 fortune cookies,70.96774,2017-09-05,8,2,biscuit,24 sandwich biscuits,135.0, fortune cookies,120.0,biscuit board games,210.0,2.0,S'mores cookies,2022-01-31,-1609 days
red velvet cake,76.47059,2022-09-13,13,1,cake,12 mini sandwich cakes,120.0,red velvet cake,120.0,3d cake home,240.0,2.0,Red Velvet Cupcakes,2022-01-31,225 days
 baguettes,76.92308,2015-08-19,6,3,bread,2 quick breads,90.0, baguettes,150.0,3d bread sculpture,300.0,,More baguettes 🥖,2022-02-01,-2358 days
red velvet cake,78.78788,2022-09-13,13,1,cake,12 mini sandwich cakes,120.0,red velvet cake,120.0,3d cake home,240.0,2.0,Red velvet cookies,2022-02-02,223 days
 arlettes,75.0,2015-08-12,6,2,biscuit,24 biscotti,120.0, arlettes,150.0,36 biscuits and an edible biscuit box,240.0,,Galette,2022-02-02,-2366 days
 chocolate teacakes,71.79487,2012-10-02,3,8,biscuit,48 crackers,120.0, chocolate teacakes,120.0,gingerbread structure,240.0,2.0,Chocolate Heart Cake,2022-02-03,-3411 days
crème caramel,84.61539,2012-09-04,3,4,desserts,wheat-free torte cake,180.0,crème caramel,165.0,4 layered meringue dessert,,,Crème Caramel,2022-02-04,-3440 days
tiramisu cake,88.888885,2014-08-27,5,4,dessert,8 self-saucing puddings,120.0,tiramisu cake,150.0,baked alaska,270.0,,Tiramisu cake!,2022-02-05,-2719 days
tiramisu cake,84.61539,2014-08-27,5,4,dessert,8 self-saucing puddings,120.0,tiramisu cake,150.0,baked alaska,270.0,,Tiramisu Cake,2022-02-05,-2719 days
chocolate soufflé,76.190475,2015-09-30,6,9,chocolate,chocolate tart,150.0,chocolate soufflé,75.0,chocolate centrepieces,240.0,,classic chocolate soufflè,2022-02-05,-2320 days
 miniature pineapple upside-down cakes,74.28571,2020-09-22,11,1,cake,battenberg cake,120.0, miniature pineapple upside-down cakes,90.0,celebrity hero cake bust,240.0,2.0,Fresh Pineapple Upside-down Cake,2022-02-07,-503 days
red velvet cake,93.333336,2022-09-13,13,1,cake,12 mini sandwich cakes,120.0,red velvet cake,120.0,3d cake home,240.0,2.0,Red velvet cake,2022-02-09,216 days
 chocolate teacakes,72.22222,2012-10-02,3,8,biscuit,48 crackers,120.0, chocolate teacakes,120.0,gingerbread structure,240.0,2.0,Chocolate cookies,2022-02-11,-3419 days
 chocolate teacakes,76.47059,2012-10-02,3,8,biscuit,48 crackers,120.0, chocolate teacakes,120.0,gingerbread structure,240.0,2.0,Chocolate cake.,2022-02-11,-3419 days
 chocolate teacakes,73.68421,2012-10-02,3,8,biscuit,48 crackers,120.0, chocolate teacakes,120.0,gingerbread structure,240.0,2.0,Chocolate rose cake,2022-02-12,-3420 days
lemon meringue pie,73.17073,2022-10-11,13,5,desserts,8 steamed puddings,120.0,lemon meringue pie,120.0,hidden surprise mousse dessert,270.0,2.0,Lemon meringue tartlets,2022-02-12,241 days
lemon meringue pie,73.17073,2022-10-11,13,5,desserts,8 steamed puddings,120.0,lemon meringue pie,120.0,hidden surprise mousse dessert,270.0,2.0,Lemon meringue tartlets,2022-02-12,241 days
lemon meringue pie,73.17073,2022-10-11,13,5,desserts,8 steamed puddings,120.0,lemon meringue pie,120.0,hidden surprise mousse dessert,270.0,2.0,Lemon meringue tartlets,2022-02-13,240 days
chocolate babka,71.79487,2020-10-13,11,4,chocolate,18 chocolate brownies,90.0,chocolate babka,150.0,white chocolate celebration cake,240.0,2.0,Chocolate hazelnut babka,2022-02-13,-488 days
 chocolate teacakes,75.0,2012-10-02,3,8,biscuit,48 crackers,120.0, chocolate teacakes,120.0,gingerbread structure,240.0,2.0,molten chocolate cake,2022-02-13,-3421 days
 chocolate teacakes,75.675674,2012-10-02,3,8,biscuit,48 crackers,120.0, chocolate teacakes,120.0,gingerbread structure,240.0,2.0,Chocolate Cupcakes,2022-02-14,-3422 days
red velvet cake,90.32258,2022-09-13,13,1,cake,12 mini sandwich cakes,120.0,red velvet cake,120.0,3d cake home,240.0,2.0,Red velvet cake.,2022-02-14,211 days
chocolate roulade,70.27027,2011-09-20,2,6,desserts,baked cheesecake,150.0,chocolate roulade,105.0,croquembouche,300.0,,Chocolate Pound Cake,2022-02-14,-3800 days
mini pear pies,70.96774,2014-09-03,5,5,pies and tarts,custard tart,150.0,mini pear pies,120.0,three-tiered pie,270.0,,Mini apple pies!!,2022-02-15,-2722 days
cherry cake,73.68421,2014-08-06,5,1,cake,swiss roll,150.0,cherry cake,120.0,36 classic miniature british cakes,210.0,,Dry cake,2022-02-15,-2750 days
 chocolate teacakes,76.47059,2012-10-02,3,8,biscuit,48 crackers,120.0, chocolate teacakes,120.0,gingerbread structure,240.0,2.0,Chocolate cake.,2022-02-16,-3424 days
 fortune cookies,73.333336,2017-09-05,8,2,biscuit,24 sandwich biscuits,135.0, fortune cookies,120.0,biscuit board games,210.0,2.0,I love cookies,2022-02-20,-1629 days
lemon meringue pie,72.72727,2022-10-11,13,5,desserts,8 steamed puddings,120.0,lemon meringue pie,120.0,hidden surprise mousse dessert,270.0,2.0,Cooling Lemon Meringue Pie,2022-02-21,232 days
chocolate babka,75.675674,2020-10-13,11,4,chocolate,18 chocolate brownies,90.0,chocolate babka,150.0,white chocolate celebration cake,240.0,2.0,Chocolate almond babka,2022-02-21,-496 days
 chocolate teacakes,71.79487,2012-10-02,3,8,biscuit,48 crackers,120.0, chocolate teacakes,120.0,gingerbread structure,240.0,2.0,Chocolate stout cake,2022-02-21,-3429 days
focaccia,87.5,2011-08-30,2,3,bread,free form loaf,195.0,focaccia,210.0,12 sweet and 12 savoury rolls,300.0,,Focaccia,2022-02-24,-3831 days
treacle tart,72.72727,2012-08-28,3,3,tarts,tarte tatin,150.0,treacle tart,120.0,designer fruit tart,180.0,,Cream tart,2022-02-25,-3468 days
 fortune cookies,70.96774,2017-09-05,8,2,biscuit,24 sandwich biscuits,135.0, fortune cookies,120.0,biscuit board games,210.0,2.0,S’mores cookies,2022-02-25,-1634 days
lemon meringue pie,70.833336,2022-10-11,13,5,desserts,8 steamed puddings,120.0,lemon meringue pie,120.0,hidden surprise mousse dessert,270.0,2.0,Lemon meringue pie production?,2022-02-27,226 days
tarte au citron,86.666664,2011-08-23,2,2,tarts,quiche,120.0,tarte au citron,90.0,24 miniature sweet tarts,,,Tarte au Citron,2022-02-27,-3841 days
 chocolate teacakes,76.47059,2012-10-02,3,8,biscuit,48 crackers,120.0, chocolate teacakes,120.0,gingerbread structure,240.0,2.0,Chocolate cake😋,2022-02-27,-3435 days
 chocolate teacakes,71.42857,2012-10-02,3,8,biscuit,48 crackers,120.0, chocolate teacakes,120.0,gingerbread structure,240.0,2.0,Coffee chocolate cake ☕,2022-02-28,-3436 days
 white chocolate and blackberry cheesecakes,71.23288,2023-10-18,14,4,chocolate,chocolate torte,, white chocolate and blackberry cheesecakes,,edible chocolate box cake,,2.0,White chocolate raspberry cake,2022-02-28,597 days
lemon meringue pie,81.08108,2022-10-11,13,5,desserts,8 steamed puddings,120.0,lemon meringue pie,120.0,hidden surprise mousse dessert,270.0,2.0,Lemon Meringue Pie🍋,2022-02-28,225 days
 miniature pineapple upside-down cakes,75.757576,2020-09-22,11,1,cake,battenberg cake,120.0, miniature pineapple upside-down cakes,90.0,celebrity hero cake bust,240.0,2.0,pineapple upside down cake:),2022-03-01,-525 days
chocolate roulade,70.588234,2011-09-20,2,6,desserts,baked cheesecake,150.0,chocolate roulade,105.0,croquembouche,300.0,,Chocolate Brioche,2022-03-04,-3818 days
victoria sandwich,88.23529,2010-08-17,1,1,cake,cake,180.0,victoria sandwich,,chocolate celebration cake,,1.0,Victoria Sandwich,2022-03-05,-4218 days
lemon meringue pie,94.44444,2022-10-11,13,5,desserts,8 steamed puddings,120.0,lemon meringue pie,120.0,hidden surprise mousse dessert,270.0,2.0,Lemon meringue pie,2022-03-06,219 days
lemon meringue pie,94.44444,2022-10-11,13,5,desserts,8 steamed puddings,120.0,lemon meringue pie,120.0,hidden surprise mousse dessert,270.0,2.0,Lemon meringue pie,2022-03-06,219 days
 chocolate teacakes,71.79487,2012-10-02,3,8,biscuit,48 crackers,120.0, chocolate teacakes,120.0,gingerbread structure,240.0,2.0,Chocolate bundt cake,2022-03-10,-3446 days
chocolate babka,93.333336,2020-10-13,11,4,chocolate,18 chocolate brownies,90.0,chocolate babka,150.0,white chocolate celebration cake,240.0,2.0,Chocolate babka,2022-03-11,-514 days
frasier cake,72.0,2012-10-09,3,9,pâtisserie,3 types of petits fours,,frasier cake,150.0,choux pastry gâteau,,,Practice cake,2022-03-11,-3440 days
 miniature pineapple upside-down cakes,77.5,2020-09-22,11,1,cake,battenberg cake,120.0, miniature pineapple upside-down cakes,90.0,celebrity hero cake bust,240.0,2.0,picture perfect pineapple upside down cake,2022-03-13,-537 days
 english muffins,81.25,2013-08-27,4,2,bread,36 breadsticks,120.0, english muffins,165.0,decorative loaf,240.0,,English Muffins!,2022-03-14,-3121 days
 vegan sausage rolls,78.78788,2021-11-09,12,8,free-from,8 dairy-free ice cream sandwiches,180.0, vegan sausage rolls,120.0,gluten-free celebration cake,270.0,2.0,sausage rolls,2022-03-15,-126 days
 baguettes,76.190475,2015-08-19,6,3,bread,2 quick breads,90.0, baguettes,150.0,3d bread sculpture,300.0,,Baguettes 🤎,2022-03-16,-2401 days
 chocolate teacakes,73.68421,2012-10-02,3,8,biscuit,48 crackers,120.0, chocolate teacakes,120.0,gingerbread structure,240.0,2.0,Chocolate cupcakes!,2022-03-16,-3452 days
 baguettes,76.190475,2015-08-19,6,3,bread,2 quick breads,90.0, baguettes,150.0,3d bread sculpture,300.0,,Baguettes 🤎,2022-03-18,-2403 days
focaccia,87.5,2011-08-30,2,3,bread,free form loaf,195.0,focaccia,210.0,12 sweet and 12 savoury rolls,300.0,,Focaccia,2022-03-19,-3854 days
tiramisu cake,77.41936,2014-08-27,5,4,dessert,8 self-saucing puddings,120.0,tiramisu cake,150.0,baked alaska,270.0,,Tiramisu cupcakes!,2022-03-19,-2761 days
 sticky toffee puddings,81.818184,2021-10-12,12,4,desserts,pavlova,165.0, sticky toffee puddings,90.0,joconde imprime dessert,270.0,2.0,Sticky Toffee Pudding,2022-03-20,-159 days
 english muffins,74.4186,2013-08-27,4,2,bread,36 breadsticks,120.0, english muffins,165.0,decorative loaf,240.0,,Honey wheat english muffins,2022-03-20,-3127 days
kougin-amann,75.0,2014-09-17,5,7,pastry,12 savoury parcels,105.0,kougin-amann,210.0,24 éclairs,240.0,,Kouign-Amann,2022-03-20,-2741 days
 chocolate teacakes,71.42857,2012-10-02,3,8,biscuit,48 crackers,120.0, chocolate teacakes,120.0,gingerbread structure,240.0,2.0,Chocolate birthday cake,2022-03-21,-3457 days
chocolate soufflé,82.051285,2015-09-30,6,9,chocolate,chocolate tart,150.0,chocolate soufflé,75.0,chocolate centrepieces,240.0,,Chocolate soufflé FAIL,2022-03-23,-2366 days
 english muffins,90.32258,2013-08-27,4,2,bread,36 breadsticks,120.0, english muffins,165.0,decorative loaf,240.0,,English muffins,2022-03-26,-3133 days
focaccia,87.5,2011-08-30,2,3,bread,free form loaf,195.0,focaccia,210.0,12 sweet and 12 savoury rolls,300.0,,Focaccia,2022-03-26,-3861 days
chocolate babka,86.666664,2020-10-13,11,4,chocolate,18 chocolate brownies,90.0,chocolate babka,150.0,white chocolate celebration cake,240.0,2.0,Chocolate Babka,2022-03-27,-530 days
sachertorte,90.90909,2011-10-04,2,8,final,12 mille-feuille,150.0,sachertorte,160.0,3 types of petits fours,240.0,,Sachertorte,2022-03-27,-3827 days
lemon meringue pie,83.333336,2022-10-11,13,5,desserts,8 steamed puddings,120.0,lemon meringue pie,120.0,hidden surprise mousse dessert,270.0,2.0,Lemon Meringue Pie,2022-03-27,198 days
cherry cake,72.72727,2014-08-06,5,1,cake,swiss roll,150.0,cherry cake,120.0,36 classic miniature british cakes,210.0,,carrot cake,2022-03-30,-2793 days
 chocolate teacakes,70.27027,2012-10-02,3,8,biscuit,48 crackers,120.0, chocolate teacakes,120.0,gingerbread structure,240.0,2.0,HOT Chocolate Cake,2022-04-01,-3468 days
 miniature pineapple upside-down cakes,70.731705,2020-09-22,11,1,cake,battenberg cake,120.0, miniature pineapple upside-down cakes,90.0,celebrity hero cake bust,240.0,2.0,Had help making a Pineapple Upside-down Cake,2022-04-04,-559 days
chocolate roulade,70.96774,2011-09-20,2,6,desserts,baked cheesecake,150.0,chocolate roulade,105.0,croquembouche,300.0,,chocolate pops,2022-04-04,-3849 days
red velvet cake,80.0,2022-09-13,13,1,cake,12 mini sandwich cakes,120.0,red velvet cake,120.0,3d cake home,240.0,2.0,red velvet,2022-04-04,162 days
scones,83.333336,2010-08-24,1,2,biscuit,personality biscuits,120.0,scones,60.0,"meringue, choux, and macaron petits fours",240.0,1.0,Scones,2022-04-05,-4242 days
charlotte royale,70.96774,2013-10-15,4,9,french week,36 canapés,150.0,charlotte royale,150.0,opera cake,150.0,2.0,Charlotte Molds,2022-04-06,-3095 days
 fortune cookies,71.42857,2017-09-05,8,2,biscuit,24 sandwich biscuits,135.0, fortune cookies,120.0,biscuit board games,210.0,2.0,Afro cookies,2022-04-06,-1674 days
crème caramel,74.28571,2012-09-04,3,4,desserts,wheat-free torte cake,180.0,crème caramel,165.0,4 layered meringue dessert,,,Thai tea crème caramel,2022-04-07,-3502 days
angel food cake,93.333336,2013-08-20,4,1,cake,sandwich cake,120.0,angel food cake,150.0,chocolate cake,240.0,,Angel food cake,2022-04-07,-3152 days
 chocolate teacakes,71.42857,2012-10-02,3,8,biscuit,48 crackers,120.0, chocolate teacakes,120.0,gingerbread structure,240.0,2.0,death by chocolate cake,2022-04-07,-3474 days
 chocolate teacakes,70.27027,2012-10-02,3,8,biscuit,48 crackers,120.0, chocolate teacakes,120.0,gingerbread structure,240.0,2.0,Chocolate mug cake,2022-04-08,-3475 days
chocolate soufflé,94.117645,2015-09-30,6,9,chocolate,chocolate tart,150.0,chocolate soufflé,75.0,chocolate centrepieces,240.0,,Chocolate soufflé,2022-04-10,-2384 days
 white chocolate and blackberry cheesecakes,81.01266,2023-10-18,14,4,chocolate,chocolate torte,, white chocolate and blackberry cheesecakes,,edible chocolate box cake,,2.0,White chocolate raspberry cheesecake,2022-04-10,556 days
chocolate soufflé,94.117645,2015-09-30,6,9,chocolate,chocolate tart,150.0,chocolate soufflé,75.0,chocolate centrepieces,240.0,,Chocolate soufflé,2022-04-11,-2385 days
chocolate soufflé,91.42857,2015-09-30,6,9,chocolate,chocolate tart,150.0,chocolate soufflé,75.0,chocolate centrepieces,240.0,,Chocolate soufflés,2022-04-11,-2385 days
 chocolate teacakes,76.92308,2012-10-02,3,8,biscuit,48 crackers,120.0, chocolate teacakes,120.0,gingerbread structure,240.0,2.0,chocolate moist cake,2022-04-13,-3480 days
lemon meringue pie,76.92308,2022-10-11,13,5,desserts,8 steamed puddings,120.0,lemon meringue pie,120.0,hidden surprise mousse dessert,270.0,2.0,GF Lemon Meringue Pie,2022-04-13,181 days
chocolate soufflé,75.0,2015-09-30,6,9,chocolate,chocolate tart,150.0,chocolate soufflé,75.0,chocolate centrepieces,240.0,,Giant Chocolate Soufflé,2022-04-15,-2389 days
lemon meringue pie,83.333336,2022-10-11,13,5,desserts,8 steamed puddings,120.0,lemon meringue pie,120.0,hidden surprise mousse dessert,270.0,2.0,Lemon Meringue Pie,2022-04-16,178 days
chocolate babka,93.333336,2020-10-13,11,4,chocolate,18 chocolate brownies,90.0,chocolate babka,150.0,white chocolate celebration cake,240.0,2.0,Chocolate babka,2022-04-16,-550 days
chocolate babka,93.333336,2020-10-13,11,4,chocolate,18 chocolate brownies,90.0,chocolate babka,150.0,white chocolate celebration cake,240.0,2.0,Chocolate babka,2022-04-17,-551 days
frasier cake,78.26087,2012-10-09,3,9,pâtisserie,3 types of petits fours,,frasier cake,150.0,choux pastry gâteau,,,Easter cake,2022-04-17,-3477 days
frasier cake,78.26087,2012-10-09,3,9,pâtisserie,3 types of petits fours,,frasier cake,150.0,choux pastry gâteau,,,Easter cake,2022-04-17,-3477 days
frasier cake,78.26087,2012-10-09,3,9,pâtisserie,3 types of petits fours,,frasier cake,150.0,choux pastry gâteau,,,Easter cake,2022-04-17,-3477 days
lemon meringue pie,76.92308,2022-10-11,13,5,desserts,8 steamed puddings,120.0,lemon meringue pie,120.0,hidden surprise mousse dessert,270.0,2.0,Lemon Meringue Pie 🍋🥧,2022-04-18,176 days
lemon meringue pie,76.92308,2022-10-11,13,5,desserts,8 steamed puddings,120.0,lemon meringue pie,120.0,hidden surprise mousse dessert,270.0,2.0,Lemon Meringue Pie 🍋🥧,2022-04-18,176 days
 gluten-free pita bread,75.0,2015-09-02,6,5,alternative ingredients,sugar-free cake,150.0, gluten-free pita bread,120.0,dairy-free ice cream roll,270.0,,Gluten free artisan bread,2022-04-18,-2420 days
frasier cake,75.0,2012-10-09,3,9,pâtisserie,3 types of petits fours,,frasier cake,150.0,choux pastry gâteau,,,Easter cake!,2022-04-18,-3478 days
lemon meringue pie,75.0,2022-10-11,13,5,desserts,8 steamed puddings,120.0,lemon meringue pie,120.0,hidden surprise mousse dessert,270.0,2.0,Homemade lemon meringue pie 🍋🥧,2022-04-18,176 days
 white chocolate and blackberry cheesecakes,73.809525,2023-10-18,14,4,chocolate,chocolate torte,, white chocolate and blackberry cheesecakes,,edible chocolate box cake,,2.0,I made this chocolate no bake cheesecake.,2022-04-19,547 days
 white chocolate and blackberry cheesecakes,73.17073,2023-10-18,14,4,chocolate,chocolate torte,, white chocolate and blackberry cheesecakes,,edible chocolate box cake,,2.0,Easter chocolate and Caramel cheesecake,2022-04-19,547 days
angel food cake,72.0,2013-08-20,4,1,cake,sandwich cake,120.0,angel food cake,150.0,chocolate cake,240.0,,Mango cake,2022-04-20,-3165 days
 chocolate teacakes,75.675674,2012-10-02,3,8,biscuit,48 crackers,120.0, chocolate teacakes,120.0,gingerbread structure,240.0,2.0,Chocolate cupcakes,2022-04-20,-3487 days
matcha crepe cake,72.72727,2020-10-27,11,6,japanese,8 steamed buns,150.0,matcha crepe cake,120.0,kawaii cake,240.0,,Matcha cupcakes!,2022-04-21,-541 days
 chocolate teacakes,73.17073,2012-10-02,3,8,biscuit,48 crackers,120.0, chocolate teacakes,120.0,gingerbread structure,240.0,2.0,chocolate caramel cake,2022-04-22,-3489 days
 chocolate teacakes,73.17073,2012-10-02,3,8,biscuit,48 crackers,120.0, chocolate teacakes,120.0,gingerbread structure,240.0,2.0,chocolate tres leches🍫,2022-04-23,-3490 days
 chocolate teacakes,73.17073,2012-10-02,3,8,biscuit,48 crackers,120.0, chocolate teacakes,120.0,gingerbread structure,240.0,2.0,chocolate tres leches🍫,2022-04-24,-3491 days
 white chocolate and blackberry cheesecakes,70.88608,2023-10-18,14,4,chocolate,chocolate torte,, white chocolate and blackberry cheesecakes,,edible chocolate box cake,,2.0,Kinder Chocolate no bake Cheesecake!,2022-04-24,542 days
 chocolate teacakes,73.17073,2012-10-02,3,8,biscuit,48 crackers,120.0, chocolate teacakes,120.0,gingerbread structure,240.0,2.0,Double chocolate cake!,2022-04-26,-3493 days
lemon meringue pie,94.44444,2022-10-11,13,5,desserts,8 steamed puddings,120.0,lemon meringue pie,120.0,hidden surprise mousse dessert,270.0,2.0,Lemon meringue pie,2022-04-27,167 days
angel food cake,80.0,2013-08-20,4,1,cake,sandwich cake,120.0,angel food cake,150.0,chocolate cake,240.0,,Angel Food Cake,2022-05-02,-3177 days
red velvet cake,74.28571,2022-09-13,13,1,cake,12 mini sandwich cakes,120.0,red velvet cake,120.0,3d cake home,240.0,2.0,Red Velvet Cupcake 🧁,2022-05-02,134 days
 chocolate teacakes,75.0,2012-10-02,3,8,biscuit,48 crackers,120.0, chocolate teacakes,120.0,gingerbread structure,240.0,2.0,German chocolate cake,2022-05-06,-3503 days
 ginger biscuits,73.333336,2017-10-31,8,10,final,12 small loaves,180.0, ginger biscuits,150.0,large entremet,300.0,2.0,Baking biscuit,2022-05-09,-1651 days
 chocolate teacakes,76.92308,2012-10-02,3,8,biscuit,48 crackers,120.0, chocolate teacakes,120.0,gingerbread structure,240.0,2.0,White chocolate cake,2022-05-10,-3507 days
 chocolate teacakes,78.78788,2012-10-02,3,8,biscuit,48 crackers,120.0, chocolate teacakes,120.0,gingerbread structure,240.0,2.0,Chocolate cake,2022-05-13,-3510 days
frasier cake,88.0,2012-10-09,3,9,pâtisserie,3 types of petits fours,,frasier cake,150.0,choux pastry gâteau,,,Fraisier cake,2022-05-13,-3503 days
 baguettes,78.26087,2015-08-19,6,3,bread,2 quick breads,90.0, baguettes,150.0,3d bread sculpture,300.0,,easy baguette,2022-05-13,-2459 days
 chocolate teacakes,71.42857,2012-10-02,3,8,biscuit,48 crackers,120.0, chocolate teacakes,120.0,gingerbread structure,240.0,2.0,Daim-chocolatecreamcake,2022-05-13,-3510 days
 miniature pineapple upside-down cakes,72.46377,2020-09-22,11,1,cake,battenberg cake,120.0, miniature pineapple upside-down cakes,90.0,celebrity hero cake bust,240.0,2.0,Pineapple upside down babycakes,2022-05-13,-598 days
 chocolate teacakes,80.0,2012-10-02,3,8,biscuit,48 crackers,120.0, chocolate teacakes,120.0,gingerbread structure,240.0,2.0,chocolate cake .,2022-05-14,-3511 days
 chocolate teacakes,77.77778,2012-10-02,3,8,biscuit,48 crackers,120.0, chocolate teacakes,120.0,gingerbread structure,240.0,2.0,Gf Chocolate cake,2022-05-14,-3511 days
tiramisu cake,72.72727,2014-08-27,5,4,dessert,8 self-saucing puddings,120.0,tiramisu cake,150.0,baked alaska,270.0,,tiramisu!,2022-05-15,-2818 days
chocolate soufflé,82.35294,2015-09-30,6,9,chocolate,chocolate tart,150.0,chocolate soufflé,75.0,chocolate centrepieces,240.0,,Chocolate Souffle,2022-05-15,-2419 days
mini pear pies,75.86207,2014-09-03,5,5,pies and tarts,custard tart,150.0,mini pear pies,120.0,three-tiered pie,270.0,,Mini apple pies,2022-05-18,-2814 days
mini pear pies,75.0,2014-09-03,5,5,pies and tarts,custard tart,150.0,mini pear pies,120.0,three-tiered pie,270.0,,Mini peach pies 🍑🥺,2022-05-18,-2814 days
 miniature pineapple upside-down cakes,81.25,2020-09-22,11,1,cake,battenberg cake,120.0, miniature pineapple upside-down cakes,90.0,celebrity hero cake bust,240.0,2.0,pineapple upside-down cake,2022-05-19,-604 days
lemon meringue pie,75.0,2022-10-11,13,5,desserts,8 steamed puddings,120.0,lemon meringue pie,120.0,hidden surprise mousse dessert,270.0,2.0,Lemon Meringue,2022-05-22,142 days
 miniature pineapple upside-down cakes,78.125,2020-09-22,11,1,cake,battenberg cake,120.0, miniature pineapple upside-down cakes,90.0,celebrity hero cake bust,240.0,2.0,pineapple upside down cake,2022-05-22,-607 days
 miniature pineapple upside-down cakes,76.712326,2020-09-22,11,1,cake,battenberg cake,120.0, miniature pineapple upside-down cakes,90.0,celebrity hero cake bust,240.0,2.0,vegan pineapple upside-down cake :),2022-05-23,-608 days
lemon and thyme drizzle cake,70.833336,2023-10-31,14,6,botanical,12 individual spiced buns,165.0,lemon and thyme drizzle cake,90.0,floral dessert,240.0,,Lemon drizzle cake 🍋,2022-05-23,526 days
frasier cake,81.48148,2012-10-09,3,9,pâtisserie,3 types of petits fours,,frasier cake,150.0,choux pastry gâteau,,,Fraisier cake 🍓,2022-05-23,-3513 days
 savory and  sweet pretzels,77.9661,2013-10-22,4,10,final,picnic pie,180.0, savory and  sweet pretzels,150.0,three tiered wedding cake,400.0,,I baked savory & sweet pretzels!,2022-05-23,-3135 days
 miniature pineapple upside-down cakes,73.17073,2020-09-22,11,1,cake,battenberg cake,120.0, miniature pineapple upside-down cakes,90.0,celebrity hero cake bust,240.0,2.0,first attempt at pineapple upside down cake!,2022-05-25,-610 days
kougin-amann,83.333336,2014-09-17,5,7,pastry,12 savoury parcels,105.0,kougin-amann,210.0,24 éclairs,240.0,,Kouign-amann,2022-05-27,-2809 days
focaccia,100.0,2011-08-30,2,3,bread,free form loaf,195.0,focaccia,210.0,12 sweet and 12 savoury rolls,300.0,,focaccia,2022-05-28,-3924 days
scones,100.0,2010-08-24,1,2,biscuit,personality biscuits,120.0,scones,60.0,"meringue, choux, and macaron petits fours",240.0,1.0,scones,2022-05-28,-4295 days
mini pear pies,75.86207,2014-09-03,5,5,pies and tarts,custard tart,150.0,mini pear pies,120.0,three-tiered pie,270.0,,Mini apple pies,2022-05-28,-2824 days
chocolate babka,100.0,2020-10-13,11,4,chocolate,18 chocolate brownies,90.0,chocolate babka,150.0,white chocolate celebration cake,240.0,2.0,chocolate babka,2022-05-29,-593 days
angel food cake,81.08108,2013-08-20,4,1,cake,sandwich cake,120.0,angel food cake,150.0,chocolate cake,240.0,,"angel food cake, help!",2022-05-30,-3205 days
scones,75.0,2010-08-24,1,2,biscuit,personality biscuits,120.0,scones,60.0,"meringue, choux, and macaron petits fours",240.0,1.0,scones 2.0,2022-05-31,-4298 days
chocolate babka,72.72727,2020-10-13,11,4,chocolate,18 chocolate brownies,90.0,chocolate babka,150.0,white chocolate celebration cake,240.0,2.0,Chocolate Bibingka,2022-05-31,-595 days
 miniature pineapple upside-down cakes,77.77778,2020-09-22,11,1,cake,battenberg cake,120.0, miniature pineapple upside-down cakes,90.0,celebrity hero cake bust,240.0,2.0,Bourbon pineapple upside down cake,2022-05-31,-616 days
 fortune cookies,70.96774,2017-09-05,8,2,biscuit,24 sandwich biscuits,135.0, fortune cookies,120.0,biscuit board games,210.0,2.0,S’mores cookies,2022-06-02,-1731 days
focaccia,87.5,2011-08-30,2,3,bread,free form loaf,195.0,focaccia,210.0,12 sweet and 12 savoury rolls,300.0,,Focaccia,2022-06-02,-3929 days
 miniature pineapple upside-down cakes,74.28571,2020-09-22,11,1,cake,battenberg cake,120.0, miniature pineapple upside-down cakes,90.0,celebrity hero cake bust,240.0,2.0,Mini Pineapple Upside Down Cakes,2022-06-02,-618 days
angel food cake,83.333336,2013-08-20,4,1,cake,sandwich cake,120.0,angel food cake,150.0,chocolate cake,240.0,,angel food cake help!,2022-06-03,-3209 days
angel food cake,83.333336,2013-08-20,4,1,cake,sandwich cake,120.0,angel food cake,150.0,chocolate cake,240.0,,angel food cake help!,2022-06-03,-3209 days
focaccia,82.35294,2011-08-30,2,3,bread,free form loaf,195.0,focaccia,210.0,12 sweet and 12 savoury rolls,300.0,,Focaccia!,2022-06-05,-3932 days
angel food cake,70.588234,2013-08-20,4,1,cake,sandwich cake,120.0,angel food cake,150.0,chocolate cake,240.0,,Orange chiffon cake,2022-06-06,-3212 days
red velvet cake,90.32258,2022-09-13,13,1,cake,12 mini sandwich cakes,120.0,red velvet cake,120.0,3d cake home,240.0,2.0,Red velvet cake.,2022-06-06,99 days
victoria sandwich,78.04878,2010-08-17,1,1,cake,cake,180.0,victoria sandwich,,chocolate celebration cake,,1.0,A Mini Victoria sandwich,2022-06-06,-4311 days
tiramisu cake,74.28571,2014-08-27,5,4,dessert,8 self-saucing puddings,120.0,tiramisu cake,150.0,baked alaska,270.0,,First Tiramisu cake (:,2022-06-06,-2840 days
 baguettes,77.77778,2015-08-19,6,3,bread,2 quick breads,90.0, baguettes,150.0,3d bread sculpture,300.0,,Baguette,2022-06-07,-2484 days
 miniature pineapple upside-down cakes,70.27027,2020-09-22,11,1,cake,battenberg cake,120.0, miniature pineapple upside-down cakes,90.0,celebrity hero cake bust,240.0,2.0,Fresh Pineapple Upside Down Cupcakes,2022-06-09,-625 days
 chocolate teacakes,78.78788,2012-10-02,3,8,biscuit,48 crackers,120.0, chocolate teacakes,120.0,gingerbread structure,240.0,2.0,Chocolate cake,2022-06-10,-3538 days
 molten chocolate puddings,70.588234,2017-09-26,8,5,pudding,steamed school pudding,180.0, molten chocolate puddings,60.0,ornamental trifle terrine,270.0,1.0,Simple chocolate muffins!,2022-06-11,-1719 days
lemon meringue pie,78.26087,2022-10-11,13,5,desserts,8 steamed puddings,120.0,lemon meringue pie,120.0,hidden surprise mousse dessert,270.0,2.0,I baked a lemon meringue pie,2022-06-11,122 days
 miniature pineapple upside-down cakes,70.21277,2020-09-22,11,1,cake,battenberg cake,120.0, miniature pineapple upside-down cakes,90.0,celebrity hero cake bust,240.0,2.0,First time making Bravetart's pineapple upside down cake,2022-06-12,-628 days
 ciabattas,77.77778,2014-08-20,5,3,bread,12 rye bread rolls,210.0, ciabattas,180.0,filled centrepiece loaf,240.0,2.0,Ciabatta,2022-06-14,-2855 days
 white chocolate and blackberry cheesecakes,72.52747,2023-10-18,14,4,chocolate,chocolate torte,, white chocolate and blackberry cheesecakes,,edible chocolate box cake,,2.0,"White chocolate raspberry cheesecake, oreo crust",2022-06-16,489 days
chocolate soufflé,100.0,2015-09-30,6,9,chocolate,chocolate tart,150.0,chocolate soufflé,75.0,chocolate centrepieces,240.0,,chocolate soufflé,2022-06-17,-2452 days
focaccia,87.5,2011-08-30,2,3,bread,free form loaf,195.0,focaccia,210.0,12 sweet and 12 savoury rolls,300.0,,Focaccia,2022-06-17,-3944 days
the signature chocolate cake with fresh raspberries,72.289154,2023-09-26,14,1,cake,vertical layer cake,,the signature chocolate cake with fresh raspberries,120.0,3d shaped animal cake,240.0,2.0,chocolate cake with strawberries,2022-06-18,465 days
angel food cake,70.588234,2013-08-20,4,1,cake,sandwich cake,120.0,angel food cake,150.0,chocolate cake,240.0,,Orange chiffon cake,2022-06-18,-3224 days
focaccia,87.5,2011-08-30,2,3,bread,free form loaf,195.0,focaccia,210.0,12 sweet and 12 savoury rolls,300.0,,Focaccia,2022-06-19,-3946 days
matcha crepe cake,83.333336,2020-10-27,11,6,japanese,8 steamed buns,150.0,matcha crepe cake,120.0,kawaii cake,240.0,,Matcha crepe Cake !,2022-06-19,-600 days
 viennese whirls,81.08108,2016-08-31,7,2,biscuit,24 iced biscuits,150.0, viennese whirls,90.0,gingerbread 3d scene,240.0,2.0,Giant Viennese whirls,2022-06-20,-2119 days
bakewell tart,92.30769,2016-09-21,7,5,pastry,24 breakfast pastries,210.0,bakewell tart,150.0,48 filo amuse-bouche,240.0,,Bakewell tart,2022-06-20,-2098 days
 miniature pineapple upside-down cakes,73.417725,2020-09-22,11,1,cake,battenberg cake,120.0, miniature pineapple upside-down cakes,90.0,celebrity hero cake bust,240.0,2.0,transporting a pineapple upside down cake,2022-06-20,-636 days
lemon meringue pie,70.833336,2022-10-11,13,5,desserts,8 steamed puddings,120.0,lemon meringue pie,120.0,hidden surprise mousse dessert,270.0,2.0,I made lemon meringue cupcakes,2022-06-22,111 days
tiramisu cake,80.0,2014-08-27,5,4,dessert,8 self-saucing puddings,120.0,tiramisu cake,150.0,baked alaska,270.0,,Tiramisu cupcakes,2022-06-22,-2856 days
 chocolate teacakes,84.84849,2012-10-02,3,8,biscuit,48 crackers,120.0, chocolate teacakes,120.0,gingerbread structure,240.0,2.0,chocolate cake,2022-06-22,-3550 days
red velvet cake,77.77778,2022-09-13,13,1,cake,12 mini sandwich cakes,120.0,red velvet cake,120.0,3d cake home,240.0,2.0,Red velvet cupcakes 😋,2022-06-23,82 days
 chocolate teacakes,78.947365,2012-10-02,3,8,biscuit,48 crackers,120.0, chocolate teacakes,120.0,gingerbread structure,240.0,2.0,Mini chocolate cake,2022-06-24,-3552 days
mini pear pies,75.86207,2014-09-03,5,5,pies and tarts,custard tart,150.0,mini pear pies,120.0,three-tiered pie,270.0,,mini tart ideas,2022-06-24,-2851 days
 miniature pineapple upside-down cakes,74.69879,2020-09-22,11,1,cake,battenberg cake,120.0, miniature pineapple upside-down cakes,90.0,celebrity hero cake bust,240.0,2.0,Just made my first pineapple upside-down cake,2022-06-25,-641 days
 fortune cookies,70.96774,2017-09-05,8,2,biscuit,24 sandwich biscuits,135.0, fortune cookies,120.0,biscuit board games,210.0,2.0,S'mores cookies,2022-06-25,-1754 days
 miniature pineapple upside-down cakes,75.60976,2020-09-22,11,1,cake,battenberg cake,120.0, miniature pineapple upside-down cakes,90.0,celebrity hero cake bust,240.0,2.0,I made pineapple upside down cake three ways,2022-06-25,-641 days
 miniature pineapple upside-down cakes,75.60976,2020-09-22,11,1,cake,battenberg cake,120.0, miniature pineapple upside-down cakes,90.0,celebrity hero cake bust,240.0,2.0,I made pineapple upside down cake three ways,2022-06-25,-641 days
bakewell tart,85.71429,2016-09-21,7,5,pastry,24 breakfast pastries,210.0,bakewell tart,150.0,48 filo amuse-bouche,240.0,,Bakewell tart 😍,2022-06-30,-2108 days
angel food cake,70.27027,2013-08-20,4,1,cake,sandwich cake,120.0,angel food cake,150.0,chocolate cake,240.0,,Angel Food Cupcakes ❤️,2022-07-01,-3237 days
mille-feuille,84.61539,2015-10-07,6,10,final,16 iced buns,180.0,mille-feuille,120.0,classic british cake,240.0,2.0,Mille feuille,2022-07-02,-2460 days
frasier cake,84.61539,2012-10-09,3,9,pâtisserie,3 types of petits fours,,frasier cake,150.0,choux pastry gâteau,,,Fraisier cake!,2022-07-03,-3554 days
chocolate babka,73.333336,2020-10-13,11,4,chocolate,18 chocolate brownies,90.0,chocolate babka,150.0,white chocolate celebration cake,240.0,2.0,Chocolate Cake.,2022-07-04,-629 days
red velvet cake,75.0,2022-09-13,13,1,cake,12 mini sandwich cakes,120.0,red velvet cake,120.0,3d cake home,240.0,2.0,Advice on red velvet cake,2022-07-04,71 days
 fortune cookies,75.86207,2017-09-05,8,2,biscuit,24 sandwich biscuits,135.0, fortune cookies,120.0,biscuit board games,210.0,2.0,smore cookies,2022-07-05,-1764 days
red velvet cake,82.35294,2022-09-13,13,1,cake,12 mini sandwich cakes,120.0,red velvet cake,120.0,3d cake home,240.0,2.0,Red velvet cupcakes,2022-07-05,70 days
 heart-shaped lace pancakes,79.166664,2016-09-14,7,4,batter,filled yorkshire puddings,120.0, heart-shaped lace pancakes,60.0,36 churros,180.0,,heart shaped cupcakes,2022-07-05,-2120 days
focaccia,87.5,2011-08-30,2,3,bread,free form loaf,195.0,focaccia,210.0,12 sweet and 12 savoury rolls,300.0,,Focaccia,2022-07-09,-3966 days
 chocolate teacakes,71.42857,2012-10-02,3,8,biscuit,48 crackers,120.0, chocolate teacakes,120.0,gingerbread structure,240.0,2.0,Dark chocolate cookies!,2022-07-11,-3569 days
red velvet cake,85.71429,2022-09-13,13,1,cake,12 mini sandwich cakes,120.0,red velvet cake,120.0,3d cake home,240.0,2.0,Mini red velvet cake,2022-07-11,64 days
angel food cake,77.41936,2013-08-20,4,1,cake,sandwich cake,120.0,angel food cake,150.0,chocolate cake,240.0,,Orange soda cake,2022-07-11,-3247 days
bakewell tart,70.96774,2016-09-21,7,5,pastry,24 breakfast pastries,210.0,bakewell tart,150.0,48 filo amuse-bouche,240.0,,Iced Bakewell Tart,2022-07-13,-2121 days
lemon meringue pie,72.22222,2022-10-11,13,5,desserts,8 steamed puddings,120.0,lemon meringue pie,120.0,hidden surprise mousse dessert,270.0,2.0,Lemon Meringue 🍋 💛,2022-07-13,90 days
 fortune cookies,70.96774,2017-09-05,8,2,biscuit,24 sandwich biscuits,135.0, fortune cookies,120.0,biscuit board games,210.0,2.0,S’mores cookies,2022-07-14,-1773 days
lemon meringue pie,81.08108,2022-10-11,13,5,desserts,8 steamed puddings,120.0,lemon meringue pie,120.0,hidden surprise mousse dessert,270.0,2.0,lemon meringue tart,2022-07-16,87 days
mille-feuille,88.0,2015-10-07,6,10,final,16 iced buns,180.0,mille-feuille,120.0,classic british cake,240.0,2.0,Millefeuille,2022-07-17,-2475 days
 chocolate teacakes,72.34042,2012-10-02,3,8,biscuit,48 crackers,120.0, chocolate teacakes,120.0,gingerbread structure,240.0,2.0,chocolate chocolate cupcakes,2022-07-17,-3575 days
lemon meringue pie,75.55556,2022-10-11,13,5,desserts,8 steamed puddings,120.0,lemon meringue pie,120.0,hidden surprise mousse dessert,270.0,2.0,Homemade Lemon meringue pie,2022-07-18,85 days
tiramisu cake,92.30769,2014-08-27,5,4,dessert,8 self-saucing puddings,120.0,tiramisu cake,150.0,baked alaska,270.0,,Tiramisu cake,2022-07-19,-2883 days
tiramisu cake,76.190475,2014-08-27,5,4,dessert,8 self-saucing puddings,120.0,tiramisu cake,150.0,baked alaska,270.0,,tiramisu,2022-07-22,-2886 days
tiramisu cake,76.190475,2014-08-27,5,4,dessert,8 self-saucing puddings,120.0,tiramisu cake,150.0,baked alaska,270.0,,tiramisu,2022-07-22,-2886 days
 chocolate teacakes,76.92308,2012-10-02,3,8,biscuit,48 crackers,120.0, chocolate teacakes,120.0,gingerbread structure,240.0,2.0,Moist chocolate cake,2022-07-22,-3580 days
 chocolate teacakes,71.111115,2012-10-02,3,8,biscuit,48 crackers,120.0, chocolate teacakes,120.0,gingerbread structure,240.0,2.0,Simple chocolate cupcakes!,2022-07-25,-3583 days
prinsesstårta,82.75862,2014-09-10,5,6,european cakes,yeast-leavened cake,180.0,prinsesstårta,135.0,dobos torte,300.0,,My Prinsesstårta,2022-07-25,-2875 days
cherry cake,76.92308,2014-08-06,5,1,cake,swiss roll,150.0,cherry cake,120.0,36 classic miniature british cakes,210.0,,Cherry jam cake,2022-07-27,-2912 days
 fortune cookies,82.35294,2017-09-05,8,2,biscuit,24 sandwich biscuits,135.0, fortune cookies,120.0,biscuit board games,210.0,2.0,florentine cookies,2022-07-27,-1786 days
chocolate roulade,70.588234,2011-09-20,2,6,desserts,baked cheesecake,150.0,chocolate roulade,105.0,croquembouche,300.0,,Chocolate brownie,2022-07-29,-3965 days
charlotte royale,73.333336,2013-10-15,4,9,french week,36 canapés,150.0,charlotte royale,150.0,opera cake,150.0,2.0,Tarte royale 👑,2022-07-29,-3209 days
 fortune cookies,70.96774,2017-09-05,8,2,biscuit,24 sandwich biscuits,135.0, fortune cookies,120.0,biscuit board games,210.0,2.0,S’mores cookies,2022-08-01,-1791 days
cornish pasties,93.333336,2010-09-14,1,5,pastry,savoury pie,150.0,cornish pasties,90.0,savory canapés and sweet tartlets,300.0,,Cornish pasties,2022-08-01,-4339 days
 chocolate teacakes,70.833336,2012-10-02,3,8,biscuit,48 crackers,120.0, chocolate teacakes,120.0,gingerbread structure,240.0,2.0,Pretty chocolate star cookies,2022-08-01,-3590 days
scones,80.0,2010-08-24,1,2,biscuit,personality biscuits,120.0,scones,60.0,"meringue, choux, and macaron petits fours",240.0,1.0,My scones,2022-08-02,-4361 days
 fortune cookies,70.588234,2017-09-05,8,2,biscuit,24 sandwich biscuits,135.0, fortune cookies,120.0,biscuit board games,210.0,2.0,Loft house cookies,2022-08-02,-1792 days
spring rolls,74.07407,2022-11-01,13,8,pastry,12 sweet vol-au-vents,120.0,spring rolls,80.0,3d storybook pie scene,240.0,2.0,Morning rolls 😁,2022-08-03,90 days
cherry cake,73.333336,2014-08-06,5,1,cake,swiss roll,150.0,cherry cake,120.0,36 classic miniature british cakes,210.0,,cherry coconut cake,2022-08-03,-2919 days
chocolate soufflé,85.71429,2015-09-30,6,9,chocolate,chocolate tart,150.0,chocolate soufflé,75.0,chocolate centrepieces,240.0,,Chocolate souffle!,2022-08-04,-2500 days
 chocolate teacakes,73.17073,2012-10-02,3,8,biscuit,48 crackers,120.0, chocolate teacakes,120.0,gingerbread structure,240.0,2.0,Hot chocolate macarons,2022-08-04,-3593 days
 chocolate teacakes,70.96774,2012-10-02,3,8,biscuit,48 crackers,120.0, chocolate teacakes,120.0,gingerbread structure,240.0,2.0,I hate cakes,2022-08-07,-3596 days
cherry cake,76.190475,2014-08-06,5,1,cake,swiss roll,150.0,cherry cake,120.0,36 classic miniature british cakes,210.0,,cherry pie,2022-08-08,-2924 days
 stroopwafels,88.0,2017-09-19,8,4,caramel,18 millionaire shortbreads,135.0, stroopwafels,105.0,caramel cake,210.0,2.0,Stroopwafels,2022-08-08,-1784 days
 miniature pineapple upside-down cakes,72.94118,2020-09-22,11,1,cake,battenberg cake,120.0, miniature pineapple upside-down cakes,90.0,celebrity hero cake bust,240.0,2.0,First attempt at a pineapple upside-down cake 🍍,2022-08-08,-685 days
 chocolate teacakes,75.0,2012-10-02,3,8,biscuit,48 crackers,120.0, chocolate teacakes,120.0,gingerbread structure,240.0,2.0,German chocolate cake,2022-08-09,-3598 days
red velvet cake,76.47059,2022-09-13,13,1,cake,12 mini sandwich cakes,120.0,red velvet cake,120.0,3d cake home,240.0,2.0,Red Velvet Cupcakes,2022-08-13,31 days
chocolate babka,85.71429,2020-10-13,11,4,chocolate,18 chocolate brownies,90.0,chocolate babka,150.0,white chocolate celebration cake,240.0,2.0,Dark chocolate babka,2022-08-13,-669 days
kougin-amann,75.0,2014-09-17,5,7,pastry,12 savoury parcels,105.0,kougin-amann,210.0,24 éclairs,240.0,,Kouign-Amann,2022-08-13,-2887 days
 chocolate teacakes,71.42857,2012-10-02,3,8,biscuit,48 crackers,120.0, chocolate teacakes,120.0,gingerbread structure,240.0,2.0,Chocolate Malt Cupcakes,2022-08-19,-3608 days
chocolate babka,73.68421,2020-10-13,11,4,chocolate,18 chocolate brownies,90.0,chocolate babka,150.0,white chocolate celebration cake,240.0,2.0,Mexican Chocolate Babka,2022-08-22,-678 days
 miniature pineapple upside-down cakes,72.46377,2020-09-22,11,1,cake,battenberg cake,120.0, miniature pineapple upside-down cakes,90.0,celebrity hero cake bust,240.0,2.0,Caramel apple upside down cake!,2022-08-22,-699 days
 miniature pineapple upside-down cakes,82.666664,2020-09-22,11,1,cake,battenberg cake,120.0, miniature pineapple upside-down cakes,90.0,celebrity hero cake bust,240.0,2.0,She wanted pineapple upside-down cake,2022-08-23,-700 days
 baguettes,74.07407,2015-08-19,6,3,bread,2 quick breads,90.0, baguettes,150.0,3d bread sculpture,300.0,,Today’s baguettes,2022-08-24,-2562 days
 chocolate teacakes,72.72727,2012-10-02,3,8,biscuit,48 crackers,120.0, chocolate teacakes,120.0,gingerbread structure,240.0,2.0,German chocolate cupcakes,2022-08-25,-3614 days
scones,83.333336,2010-08-24,1,2,biscuit,personality biscuits,120.0,scones,60.0,"meringue, choux, and macaron petits fours",240.0,1.0,Scones,2022-08-28,-4387 days
red velvet cake,72.22222,2022-09-13,13,1,cake,12 mini sandwich cakes,120.0,red velvet cake,120.0,3d cake home,240.0,2.0,Red Velvet Cheesecake,2022-08-28,16 days
lemon meringue pie,81.25,2022-10-11,13,5,desserts,8 steamed puddings,120.0,lemon meringue pie,120.0,hidden surprise mousse dessert,270.0,2.0,Lemon meringue,2022-08-29,43 days
the signature chocolate cake with fresh raspberries,79.166664,2023-09-26,14,1,cake,vertical layer cake,,the signature chocolate cake with fresh raspberries,120.0,3d shaped animal cake,240.0,2.0,Red wine dark chocolate cake with raspberries,2022-08-30,392 days
chocolate roulade,75.0,2011-09-20,2,6,desserts,baked cheesecake,150.0,chocolate roulade,105.0,croquembouche,300.0,,Chocolate bread,2022-08-30,-3997 days
focaccia,73.68421,2011-08-30,2,3,bread,free form loaf,195.0,focaccia,210.0,12 sweet and 12 savoury rolls,300.0,,Focaccia!🍞🍅,2022-08-31,-4019 days
 chocolate teacakes,75.0,2012-10-02,3,8,biscuit,48 crackers,120.0, chocolate teacakes,120.0,gingerbread structure,240.0,2.0,failed chocolate cake,2022-09-03,-3623 days
 english muffins,71.79487,2013-08-27,4,2,bread,36 breadsticks,120.0, english muffins,165.0,decorative loaf,240.0,,English muffins anyone?,2022-09-04,-3295 days
angel food cake,77.41936,2013-08-20,4,1,cake,sandwich cake,120.0,angel food cake,150.0,chocolate cake,240.0,,Devils food cake,2022-09-04,-3302 days
 ginger biscuits,70.96774,2017-10-31,8,10,final,12 small loaves,180.0, ginger biscuits,150.0,large entremet,300.0,2.0,butter biscuits,2022-09-07,-1772 days
 heart-shaped lace pancakes,70.833336,2016-09-14,7,4,batter,filled yorkshire puddings,120.0, heart-shaped lace pancakes,60.0,36 churros,180.0,,Star shaped pancakes.,2022-09-07,-2184 days
frasier cake,76.92308,2012-10-09,3,9,pâtisserie,3 types of petits fours,,frasier cake,150.0,choux pastry gâteau,,,Fraisier Cake!,2022-09-07,-3620 days
 chocolate teacakes,75.0,2012-10-02,3,8,biscuit,48 crackers,120.0, chocolate teacakes,120.0,gingerbread structure,240.0,2.0,Chocolate fudge cakes,2022-09-07,-3627 days
 chocolate teacakes,76.47059,2012-10-02,3,8,biscuit,48 crackers,120.0, chocolate teacakes,120.0,gingerbread structure,240.0,2.0,Chocolate cake🤤,2022-09-08,-3628 days
focaccia,82.35294,2011-08-30,2,3,bread,free form loaf,195.0,focaccia,210.0,12 sweet and 12 savoury rolls,300.0,,Focaccia!,2022-09-11,-4030 days
 chocolate teacakes,73.17073,2012-10-02,3,8,biscuit,48 crackers,120.0, chocolate teacakes,120.0,gingerbread structure,240.0,2.0,german chocolate cake!,2022-09-11,-3631 days
focaccia,70.588234,2011-08-30,2,3,bread,free form loaf,195.0,focaccia,210.0,12 sweet and 12 savoury rolls,300.0,,Foccacia🍞,2022-09-12,-4031 days
mini pear pies,75.86207,2014-09-03,5,5,pies and tarts,custard tart,150.0,mini pear pies,120.0,three-tiered pie,270.0,,Mini apple pies,2022-09-13,-2932 days
 devonshire splits,80.95238,2023-10-10,14,3,bread,cottage loaf,120.0, devonshire splits,,plaited centrepiece loaf,,2.0,I made Devonshire Splits,2022-09-13,392 days
 fortune cookies,78.04878,2017-09-05,8,2,biscuit,24 sandwich biscuits,135.0, fortune cookies,120.0,biscuit board games,210.0,2.0,My first fortune cookies🥠,2022-09-14,-1835 days
 miniature pineapple upside-down cakes,78.125,2020-09-22,11,1,cake,battenberg cake,120.0, miniature pineapple upside-down cakes,90.0,celebrity hero cake bust,240.0,2.0,Pineapple upside-down cake,2022-09-16,-724 days
red velvet cake,93.333336,2022-09-13,13,1,cake,12 mini sandwich cakes,120.0,red velvet cake,120.0,3d cake home,240.0,2.0,Red velvet cake,2022-09-18,-5 days
 miniature pineapple upside-down cakes,78.125,2020-09-22,11,1,cake,battenberg cake,120.0, miniature pineapple upside-down cakes,90.0,celebrity hero cake bust,240.0,2.0,Pineapple upside-down cake,2022-09-19,-727 days
spring rolls,72.0,2022-11-01,13,8,pastry,12 sweet vol-au-vents,120.0,spring rolls,80.0,3d storybook pie scene,240.0,2.0,Meringue roll,2022-09-19,43 days
red velvet cake,77.77778,2022-09-13,13,1,cake,12 mini sandwich cakes,120.0,red velvet cake,120.0,3d cake home,240.0,2.0,Red velvet cupcakes 🧁,2022-09-19,-6 days
 jam doughnuts,75.0,2012-09-25,3,7,sweet dough,24 sweet buns,180.0, jam doughnuts,150.0,celebratory loaf,,,jam Donuts,2022-09-20,-3647 days
 egg custard tarts,71.42857,2013-09-10,4,4,pies and tarts,double crust fruit pie,120.0, egg custard tarts,120.0,filo pie,240.0,,Portuguese custard tarts,2022-09-22,-3299 days
 egg custard tarts,71.42857,2013-09-10,4,4,pies and tarts,double crust fruit pie,120.0, egg custard tarts,120.0,filo pie,240.0,,Portuguese custard tarts,2022-09-22,-3299 days
 white chocolate and blackberry cheesecakes,72.34042,2023-10-18,14,4,chocolate,chocolate torte,, white chocolate and blackberry cheesecakes,,edible chocolate box cake,,2.0,made a lil white chocolate raspberry cheesecake :-),2022-09-23,390 days
tiramisu cake,75.0,2014-08-27,5,4,dessert,8 self-saucing puddings,120.0,tiramisu cake,150.0,baked alaska,270.0,,Tiramisu cheesecake,2022-09-25,-2951 days
 chocolate teacakes,75.0,2012-10-02,3,8,biscuit,48 crackers,120.0, chocolate teacakes,120.0,gingerbread structure,240.0,2.0,Orange chocolate cake,2022-09-26,-3646 days
 white chocolate and blackberry cheesecakes,70.27027,2023-10-18,14,4,chocolate,chocolate torte,, white chocolate and blackberry cheesecakes,,edible chocolate box cake,,2.0,White chocolate raspberry cake!,2022-09-26,387 days
large baklava,71.42857,2021-10-26,12,6,pastry,chouxnuts,,large baklava,165.0,terrine pie,270.0,3.0,I made baklava!,2022-09-26,-335 days
 pastéis de nata,83.870964,2017-10-03,8,6,pastry,4 shortcrust savoury pies,150.0, pastéis de nata,120.0,family-sized hand-raised pie,240.0,2.0,Pastéis de Nata,2022-09-27,-1820 days
lemon meringue pie,97.297295,2022-10-11,13,5,desserts,8 steamed puddings,120.0,lemon meringue pie,120.0,hidden surprise mousse dessert,270.0,2.0,lemon meringue pie!,2022-09-27,14 days
 chocolate teacakes,76.47059,2012-10-02,3,8,biscuit,48 crackers,120.0, chocolate teacakes,120.0,gingerbread structure,240.0,2.0,Chocolate cake!,2022-09-28,-3648 days
 chocolate teacakes,71.42857,2012-10-02,3,8,biscuit,48 crackers,120.0, chocolate teacakes,120.0,gingerbread structure,240.0,2.0,Black chocolate cookies,2022-09-28,-3648 days
 miniature pineapple upside-down cakes,71.64179,2020-09-22,11,1,cake,battenberg cake,120.0, miniature pineapple upside-down cakes,90.0,celebrity hero cake bust,240.0,2.0,Honey apple upside down cake!,2022-09-29,-737 days
 egg custard tarts,71.42857,2013-09-10,4,4,pies and tarts,double crust fruit pie,120.0, egg custard tarts,120.0,filo pie,240.0,,Portuguese custard tarts,2022-10-04,-3311 days
lemon meringue pie,84.84849,2022-10-11,13,5,desserts,8 steamed puddings,120.0,lemon meringue pie,120.0,hidden surprise mousse dessert,270.0,2.0,lemon meringue!,2022-10-06,5 days
red velvet cake,77.41936,2022-09-13,13,1,cake,12 mini sandwich cakes,120.0,red velvet cake,120.0,3d cake home,240.0,2.0,Red Velvet Cake!,2022-10-07,-24 days
chocolate soufflé,72.22222,2015-09-30,6,9,chocolate,chocolate tart,150.0,chocolate soufflé,75.0,chocolate centrepieces,240.0,,chocolate muffins 🤎,2022-10-09,-2566 days
 chocolate teacakes,76.92308,2012-10-02,3,8,biscuit,48 crackers,120.0, chocolate teacakes,120.0,gingerbread structure,240.0,2.0,chocolate berry cake,2022-10-09,-3659 days
focaccia,75.0,2011-08-30,2,3,bread,free form loaf,195.0,focaccia,210.0,12 sweet and 12 savoury rolls,300.0,,Foccacia,2022-10-11,-4060 days
lemon meringue pie,73.17073,2022-10-11,13,5,desserts,8 steamed puddings,120.0,lemon meringue pie,120.0,hidden surprise mousse dessert,270.0,2.0,A lemon meringue tart 🍋,2022-10-12,-1 days
bakewell tart,74.28571,2016-09-21,7,5,pastry,24 breakfast pastries,210.0,bakewell tart,150.0,48 filo amuse-bouche,240.0,,Rhubarb Bakewell tart!,2022-10-16,-2216 days
chocolate babka,72.22222,2020-10-13,11,4,chocolate,18 chocolate brownies,90.0,chocolate babka,150.0,white chocolate celebration cake,240.0,2.0,chocolate marble loaf,2022-10-17,-734 days
 chocolate teacakes,75.0,2012-10-02,3,8,biscuit,48 crackers,120.0, chocolate teacakes,120.0,gingerbread structure,240.0,2.0,German chocolate cake,2022-10-18,-3668 days
chocolate babka,86.666664,2020-10-13,11,4,chocolate,18 chocolate brownies,90.0,chocolate babka,150.0,white chocolate celebration cake,240.0,2.0,Chocolate Babka,2022-10-18,-735 days
 sticky toffee puddings,70.96774,2021-10-12,12,4,desserts,pavlova,165.0, sticky toffee puddings,90.0,joconde imprime dessert,270.0,2.0,Baketober day 19: sticky toffee pudding,2022-10-19,-372 days
tart aux pommes,81.08108,2023-11-21,14,9,patisserie,24 financiers,120.0,tart aux pommes,150.0,millefoglie,240.0,2.0,Juste tarte aux pommes,2022-10-21,396 days
 fortune cookies,70.96774,2017-09-05,8,2,biscuit,24 sandwich biscuits,135.0, fortune cookies,120.0,biscuit board games,210.0,2.0,Storing cookies,2022-10-21,-1872 days
chocolate soufflé,82.35294,2015-09-30,6,9,chocolate,chocolate tart,150.0,chocolate soufflé,75.0,chocolate centrepieces,240.0,,Chocolate Souffle,2022-10-22,-2579 days
red velvet cake,88.23529,2022-09-13,13,1,cake,12 mini sandwich cakes,120.0,red velvet cake,120.0,3d cake home,240.0,2.0,red velvet cupcakes,2022-10-23,-40 days
chocolate roulade,75.0,2011-09-20,2,6,desserts,baked cheesecake,150.0,chocolate roulade,105.0,croquembouche,300.0,,chocolate dream,2022-10-25,-4053 days
crème caramel,75.0,2012-09-04,3,4,desserts,wheat-free torte cake,180.0,crème caramel,165.0,4 layered meringue dessert,,,Flan(creme caramel),2022-10-25,-3703 days
 miniature pineapple upside-down cakes,71.23288,2020-09-22,11,1,cake,battenberg cake,120.0, miniature pineapple upside-down cakes,90.0,celebrity hero cake bust,240.0,2.0,A pineapple upside down cake I made,2022-10-26,-764 days
chocolate roulade,70.588234,2011-09-20,2,6,desserts,baked cheesecake,150.0,chocolate roulade,105.0,croquembouche,300.0,,Chocolate Squares,2022-10-26,-4054 days
 miniature pineapple upside-down cakes,73.52941,2020-09-22,11,1,cake,battenberg cake,120.0, miniature pineapple upside-down cakes,90.0,celebrity hero cake bust,240.0,2.0,Caramel apple upside down cake,2022-10-26,-764 days
 chocolate teacakes,78.947365,2012-10-02,3,8,biscuit,48 crackers,120.0, chocolate teacakes,120.0,gingerbread structure,240.0,2.0,Best chocolate cake,2022-10-27,-3677 days
 fortune cookies,70.96774,2017-09-05,8,2,biscuit,24 sandwich biscuits,135.0, fortune cookies,120.0,biscuit board games,210.0,2.0,S'more cookies.,2022-10-27,-1878 days
 white chocolate and blackberry cheesecakes,72.093025,2023-10-18,14,4,chocolate,chocolate torte,, white chocolate and blackberry cheesecakes,,edible chocolate box cake,,2.0,White chocolate and raspberry birthday cake,2022-10-28,355 days
 baguettes,74.07407,2015-08-19,6,3,bread,2 quick breads,90.0, baguettes,150.0,3d bread sculpture,300.0,,Latest baguettes!,2022-11-01,-2631 days
 chocolate teacakes,74.28571,2012-10-02,3,8,biscuit,48 crackers,120.0, chocolate teacakes,120.0,gingerbread structure,240.0,2.0,chocolate heaven,2022-11-02,-3683 days
 ginger biscuits,75.0,2017-10-31,8,10,final,12 small loaves,180.0, ginger biscuits,150.0,large entremet,300.0,2.0,Morning biscuits,2022-11-06,-1832 days
 white chocolate and blackberry cheesecakes,71.42857,2023-10-18,14,4,chocolate,chocolate torte,, white chocolate and blackberry cheesecakes,,edible chocolate box cake,,2.0,I made a white chocolate lemon cheesecake,2022-11-06,346 days
 ginger biscuits,73.68421,2017-10-31,8,10,final,12 small loaves,180.0, ginger biscuits,150.0,large entremet,300.0,2.0,3 ingredient biscuits.,2022-11-07,-1833 days
coffee and walnut battenberg,72.0,2011-08-16,2,1,cake,24 cupcakes,120.0,coffee and walnut battenberg,120.0,chocolate tiered cake,300.0,,Coffee and Walnut Cake,2022-11-07,-4101 days
 english muffins,72.22222,2013-08-27,4,2,bread,36 breadsticks,120.0, english muffins,165.0,decorative loaf,240.0,,English muffin crumb,2022-11-08,-3360 days
 walnut whirls,74.07407,2020-11-24,11,10,final,8 custard slices,150.0, walnut whirls,120.0,colossal dessert tower,270.0,3.0,walnut rolls!,2022-11-11,-717 days
 white chocolate and blackberry cheesecakes,70.12987,2023-10-18,14,4,chocolate,chocolate torte,, white chocolate and blackberry cheesecakes,,edible chocolate box cake,,2.0,white chocolate cranberry macarons,2022-11-13,339 days
 white chocolate and blackberry cheesecakes,74.69879,2023-10-18,14,4,chocolate,chocolate torte,, white chocolate and blackberry cheesecakes,,edible chocolate box cake,,2.0,My first chocolate raspberry cheesecake!,2022-11-14,338 days
 white chocolate and blackberry cheesecakes,72.46377,2023-10-18,14,4,chocolate,chocolate torte,, white chocolate and blackberry cheesecakes,,edible chocolate box cake,,2.0,White chocolate cheesecake,2022-11-14,338 days
lemon meringue pie,78.26087,2022-10-11,13,5,desserts,8 steamed puddings,120.0,lemon meringue pie,120.0,hidden surprise mousse dessert,270.0,2.0,I made a lemon meringue pie!,2022-11-14,-34 days
 vegan sausage rolls,73.17073,2021-11-09,12,8,free-from,8 dairy-free ice cream sandwiches,180.0, vegan sausage rolls,120.0,gluten-free celebration cake,270.0,2.0,English sausage rolls,2022-11-17,-373 days
chocolate soufflé,76.92308,2015-09-30,6,9,chocolate,chocolate tart,150.0,chocolate soufflé,75.0,chocolate centrepieces,240.0,,Non-Chocolate Soufflés,2022-11-18,-2606 days
focaccia,87.5,2011-08-30,2,3,bread,free form loaf,195.0,focaccia,210.0,12 sweet and 12 savoury rolls,300.0,,Focaccia,2022-11-20,-4100 days
chocolate babka,72.22222,2020-10-13,11,4,chocolate,18 chocolate brownies,90.0,chocolate babka,150.0,white chocolate celebration cake,240.0,2.0,Chocolate Babka Bread,2022-11-20,-768 days
frasier cake,72.72727,2012-10-09,3,9,pâtisserie,3 types of petits fours,,frasier cake,150.0,choux pastry gâteau,,,Brain cake,2022-11-20,-3694 days
focaccia,84.210526,2011-08-30,2,3,bread,free form loaf,195.0,focaccia,210.0,12 sweet and 12 savoury rolls,300.0,,focaccia :D,2022-11-21,-4101 days
 fortune cookies,70.588234,2017-09-05,8,2,biscuit,24 sandwich biscuits,135.0, fortune cookies,120.0,biscuit board games,210.0,2.0,Decorative cookies,2022-11-22,-1904 days
 miniature pineapple upside-down cakes,73.17073,2020-09-22,11,1,cake,battenberg cake,120.0, miniature pineapple upside-down cakes,90.0,celebrity hero cake bust,240.0,2.0,An attempt at a pineapple upsidedown cake ✌️,2022-11-23,-792 days
lemon meringue pie,83.72093,2022-10-11,13,5,desserts,8 steamed puddings,120.0,lemon meringue pie,120.0,hidden surprise mousse dessert,270.0,2.0,First lemon meringue pie!,2022-11-24,-44 days
lemon meringue pie,78.26087,2022-10-11,13,5,desserts,8 steamed puddings,120.0,lemon meringue pie,120.0,hidden surprise mousse dessert,270.0,2.0,Cranberry lemon meringue pie,2022-11-25,-45 days
focaccia,82.35294,2011-08-30,2,3,bread,free form loaf,195.0,focaccia,210.0,12 sweet and 12 savoury rolls,300.0,,Focaccia!,2022-11-25,-4105 days
chocolate roulade,70.588234,2011-09-20,2,6,desserts,baked cheesecake,150.0,chocolate roulade,105.0,croquembouche,300.0,,Chocolate brownie,2022-11-27,-4086 days
 chocolate teacakes,72.22222,2012-10-02,3,8,biscuit,48 crackers,120.0, chocolate teacakes,120.0,gingerbread structure,240.0,2.0,Chocolate recipes,2022-11-27,-3708 days
chocolate soufflé,70.588234,2015-09-30,6,9,chocolate,chocolate tart,150.0,chocolate soufflé,75.0,chocolate centrepieces,240.0,,Chocolate muffins,2022-11-28,-2616 days
chocolate babka,70.588234,2020-10-13,11,4,chocolate,18 chocolate brownies,90.0,chocolate babka,150.0,white chocolate celebration cake,240.0,2.0,Hot chocolate bombs,2022-12-01,-779 days
 white chocolate and blackberry cheesecakes,72.97298,2023-10-18,14,4,chocolate,chocolate torte,, white chocolate and blackberry cheesecakes,,edible chocolate box cake,,2.0,chocolate candy cane cheesecake,2022-12-02,320 days
 white chocolate and blackberry cheesecakes,72.97298,2023-10-18,14,4,chocolate,chocolate torte,, white chocolate and blackberry cheesecakes,,edible chocolate box cake,,2.0,chocolate candy cane cheesecake,2022-12-02,320 days
matcha crepe cake,71.79487,2020-10-27,11,6,japanese,8 steamed buns,150.0,matcha crepe cake,120.0,kawaii cake,240.0,,Oatmeal cream pie cake,2022-12-02,-766 days
 chocolate teacakes,84.84849,2012-10-02,3,8,biscuit,48 crackers,120.0, chocolate teacakes,120.0,gingerbread structure,240.0,2.0,chocolate cake,2022-12-03,-3714 days
chocolate soufflé,88.23529,2015-09-30,6,9,chocolate,chocolate tart,150.0,chocolate soufflé,75.0,chocolate centrepieces,240.0,,Chocolate souffle,2022-12-03,-2621 days
coffee and walnut battenberg,72.0,2011-08-16,2,1,cake,24 cupcakes,120.0,coffee and walnut battenberg,120.0,chocolate tiered cake,300.0,,Coffee and Walnut Cake,2022-12-03,-4127 days
 chocolate teacakes,77.77778,2012-10-02,3,8,biscuit,48 crackers,120.0, chocolate teacakes,120.0,gingerbread structure,240.0,2.0,chocolate cake :),2022-12-04,-3715 days
 sticky toffee puddings,81.818184,2021-10-12,12,4,desserts,pavlova,165.0, sticky toffee puddings,90.0,joconde imprime dessert,270.0,2.0,Sticky Toffee Pudding,2022-12-05,-419 days
tiramisu cake,72.0,2014-08-27,5,4,dessert,8 self-saucing puddings,120.0,tiramisu cake,150.0,baked alaska,270.0,,Tiramisu pie,2022-12-06,-3023 days
 fondant fancies,70.96774,2012-10-16,3,10,final,pithivier,150.0, fondant fancies,150.0,chiffon cake,240.0,2.0,Fondant planets,2022-12-09,-3706 days
 custard creams,71.42857,2023-10-03,14,2,biscuits,12 marshmallow biscuits,, custard creams,90.0,illusion biscuit meal,240.0,1.0,Custard Bread,2022-12-10,297 days
red velvet cake,78.78788,2022-09-13,13,1,cake,12 mini sandwich cakes,120.0,red velvet cake,120.0,3d cake home,240.0,2.0,Red velvet cookies,2022-12-10,-88 days
focaccia,75.0,2011-08-30,2,3,bread,free form loaf,195.0,focaccia,210.0,12 sweet and 12 savoury rolls,300.0,,Foccacia,2022-12-11,-4121 days
lemon and thyme drizzle cake,72.34042,2023-10-31,14,6,botanical,12 individual spiced buns,165.0,lemon and thyme drizzle cake,90.0,floral dessert,240.0,,Lemon drizzle cake🍋,2022-12-12,323 days
 fortune cookies,70.588234,2017-09-05,8,2,biscuit,24 sandwich biscuits,135.0, fortune cookies,120.0,biscuit board games,210.0,2.0,Shortbread cookies,2022-12-13,-1925 days
cherry cake,81.818184,2014-08-06,5,1,cake,swiss roll,150.0,cherry cake,120.0,36 classic miniature british cakes,210.0,,Cherry Cake,2022-12-14,-3052 days
 chocolate mini rolls,72.34042,2017-08-29,8,1,cake,fruity cake,120.0, chocolate mini rolls,120.0,illusion cake,240.0,2.0,Vegan chocolate Swiss roll,2022-12-15,-1934 days
 baguettes,77.77778,2015-08-19,6,3,bread,2 quick breads,90.0, baguettes,150.0,3d bread sculpture,300.0,,Baguette,2022-12-16,-2676 days
 chocolate teacakes,72.22222,2012-10-02,3,8,biscuit,48 crackers,120.0, chocolate teacakes,120.0,gingerbread structure,240.0,2.0,Chocolate cookies,2022-12-19,-3730 days
chocolate babka,78.947365,2020-10-13,11,4,chocolate,18 chocolate brownies,90.0,chocolate babka,150.0,white chocolate celebration cake,240.0,2.0,Made chocolate babka :),2022-12-19,-797 days
chocolate babka,75.0,2020-10-13,11,4,chocolate,18 chocolate brownies,90.0,chocolate babka,150.0,white chocolate celebration cake,240.0,2.0,made a chocolate babka :),2022-12-19,-797 days
tiramisu cake,72.72727,2014-08-27,5,4,dessert,8 self-saucing puddings,120.0,tiramisu cake,150.0,baked alaska,270.0,,Tiramisu Cheesecake!,2022-12-21,-3038 days
 miniature pineapple upside-down cakes,73.17073,2020-09-22,11,1,cake,battenberg cake,120.0, miniature pineapple upside-down cakes,90.0,celebrity hero cake bust,240.0,2.0,How to improve a pineapple upside down cake?,2022-12-21,-820 days
angel food cake,80.0,2013-08-20,4,1,cake,sandwich cake,120.0,angel food cake,150.0,chocolate cake,240.0,,Angel food cake pan?,2022-12-21,-3410 days
 chocolate teacakes,75.0,2012-10-02,3,8,biscuit,48 crackers,120.0, chocolate teacakes,120.0,gingerbread structure,240.0,2.0,Triple chocolate cake,2022-12-22,-3733 days
 sticky toffee puddings,76.92308,2021-10-12,12,4,desserts,pavlova,165.0, sticky toffee puddings,90.0,joconde imprime dessert,270.0,2.0,Sticky toffee pudding recipe?,2022-12-24,-438 days
chocolate roulade,70.588234,2011-09-20,2,6,desserts,baked cheesecake,150.0,chocolate roulade,105.0,croquembouche,300.0,,Chocolate brownie,2022-12-24,-4113 days
 chocolate teacakes,84.84849,2012-10-02,3,8,biscuit,48 crackers,120.0, chocolate teacakes,120.0,gingerbread structure,240.0,2.0,chocolate cake,2022-12-24,-3735 days
 sticky toffee puddings,72.13115,2021-10-12,12,4,desserts,pavlova,165.0, sticky toffee puddings,90.0,joconde imprime dessert,270.0,2.0,My Auntie Mary's sticky toffee pudding,2022-12-24,-438 days
 fortune cookies,72.72727,2017-09-05,8,2,biscuit,24 sandwich biscuits,135.0, fortune cookies,120.0,biscuit board games,210.0,2.0,Made sone cookies,2022-12-25,-1937 days
tiramisu cake,77.41936,2014-08-27,5,4,dessert,8 self-saucing puddings,120.0,tiramisu cake,150.0,baked alaska,270.0,,tiramisu container,2022-12-25,-3042 days
 miniature pineapple upside-down cakes,76.190475,2020-09-22,11,1,cake,battenberg cake,120.0, miniature pineapple upside-down cakes,90.0,celebrity hero cake bust,240.0,2.0,First time making a pineapple upside-down cake,2022-12-25,-824 days
chocolate babka,81.08108,2020-10-13,11,4,chocolate,18 chocolate brownies,90.0,chocolate babka,150.0,white chocolate celebration cake,240.0,2.0,made a chocolate babka,2022-12-26,-804 days
red velvet cake,80.0,2022-09-13,13,1,cake,12 mini sandwich cakes,120.0,red velvet cake,120.0,3d cake home,240.0,2.0,Red Velvet Cake,2022-12-26,-104 days
red velvet cake,77.77778,2022-09-13,13,1,cake,12 mini sandwich cakes,120.0,red velvet cake,120.0,3d cake home,240.0,2.0,Red velvet cheesecake,2022-12-26,-104 days
lemon meringue pie,94.44444,2022-10-11,13,5,desserts,8 steamed puddings,120.0,lemon meringue pie,120.0,hidden surprise mousse dessert,270.0,2.0,Lemon meringue pie,2022-12-28,-78 days
 chocolate teacakes,73.68421,2012-10-02,3,8,biscuit,48 crackers,120.0, chocolate teacakes,120.0,gingerbread structure,240.0,2.0,Fun chocolate tarts,2022-12-31,-3742 days
chocolate soufflé,88.23529,2015-09-30,6,9,chocolate,chocolate tart,150.0,chocolate soufflé,75.0,chocolate centrepieces,240.0,,Chocolate Soufflé,2023-01-01,-2650 days
 miniature pineapple upside-down cakes,81.08108,2020-09-22,11,1,cake,battenberg cake,120.0, miniature pineapple upside-down cakes,90.0,celebrity hero cake bust,240.0,2.0,My first pineapple upside-down cake!,2023-01-03,-833 days
 baguettes,76.92308,2015-08-19,6,3,bread,2 quick breads,90.0, baguettes,150.0,3d bread sculpture,300.0,,Latest baguettes,2023-01-04,-2695 days
 miniature pineapple upside-down cakes,78.125,2020-09-22,11,1,cake,battenberg cake,120.0, miniature pineapple upside-down cakes,90.0,celebrity hero cake bust,240.0,2.0,pineapple upside down cake,2023-01-04,-834 days
chocolate roulade,75.0,2011-09-20,2,6,desserts,baked cheesecake,150.0,chocolate roulade,105.0,croquembouche,300.0,,chocolate brush,2023-01-04,-4124 days
 chocolate teacakes,81.08108,2012-10-02,3,8,biscuit,48 crackers,120.0, chocolate teacakes,120.0,gingerbread structure,240.0,2.0,Ufo chocolate cake,2023-01-04,-3746 days
lemon meringue pie,78.04878,2022-10-11,13,5,desserts,8 steamed puddings,120.0,lemon meringue pie,120.0,hidden surprise mousse dessert,270.0,2.0,lemon meringue tartlets,2023-01-04,-85 days
 viennese whirls,83.870964,2016-08-31,7,2,biscuit,24 iced biscuits,150.0, viennese whirls,90.0,gingerbread 3d scene,240.0,2.0,Viennese Whirls,2023-01-06,-2319 days
 fortune cookies,75.86207,2017-09-05,8,2,biscuit,24 sandwich biscuits,135.0, fortune cookies,120.0,biscuit board games,210.0,2.0,fudge cookies,2023-01-06,-1949 days
tennis cake,75.0,2015-09-16,6,7,victorian,raised game pie,180.0,tennis cake,180.0,charlotte russe,330.0,,Hennessy cake,2023-01-09,-2672 days
 chocolate teacakes,78.947365,2012-10-02,3,8,biscuit,48 crackers,120.0, chocolate teacakes,120.0,gingerbread structure,240.0,2.0,chocolate loaf cake,2023-01-09,-3751 days
red velvet cake,90.32258,2022-09-13,13,1,cake,12 mini sandwich cakes,120.0,red velvet cake,120.0,3d cake home,240.0,2.0,Red velvet cake!,2023-01-09,-118 days
 fortune cookies,70.96774,2017-09-05,8,2,biscuit,24 sandwich biscuits,135.0, fortune cookies,120.0,biscuit board games,210.0,2.0,Brownie cookies,2023-01-10,-1953 days
 miniature pineapple upside-down cakes,75.0,2020-09-22,11,1,cake,battenberg cake,120.0, miniature pineapple upside-down cakes,90.0,celebrity hero cake bust,240.0,2.0,Pineapple upside down cake,2023-01-11,-841 days
 chocolate teacakes,71.42857,2012-10-02,3,8,biscuit,48 crackers,120.0, chocolate teacakes,120.0,gingerbread structure,240.0,2.0,Chocolate overload cake,2023-01-13,-3755 days
scones,83.333336,2010-08-24,1,2,biscuit,personality biscuits,120.0,scones,60.0,"meringue, choux, and macaron petits fours",240.0,1.0,Scones,2023-01-14,-4526 days
 arlettes,70.588234,2015-08-12,6,2,biscuit,24 biscotti,120.0, arlettes,150.0,36 biscuits and an edible biscuit box,240.0,,galette!,2023-01-15,-2713 days
 ciabattas,77.77778,2014-08-20,5,3,bread,12 rye bread rolls,210.0, ciabattas,180.0,filled centrepiece loaf,240.0,2.0,Ciabatta,2023-01-15,-3070 days
chocolate babka,75.86207,2020-10-13,11,4,chocolate,18 chocolate brownies,90.0,chocolate babka,150.0,white chocolate celebration cake,240.0,2.0,Chocolate Cake,2023-01-16,-825 days
 sticky toffee puddings,90.90909,2021-10-12,12,4,desserts,pavlova,165.0, sticky toffee puddings,90.0,joconde imprime dessert,270.0,2.0,Sticky toffee pudding,2023-01-16,-461 days
red velvet cake,93.333336,2022-09-13,13,1,cake,12 mini sandwich cakes,120.0,red velvet cake,120.0,3d cake home,240.0,2.0,Red velvet cake,2023-01-17,-126 days
 english muffins,73.68421,2013-08-27,4,2,bread,36 breadsticks,120.0, english muffins,165.0,decorative loaf,240.0,,Golden English Muffins,2023-01-19,-3432 days
 chocolate teacakes,71.42857,2012-10-02,3,8,biscuit,48 crackers,120.0, chocolate teacakes,120.0,gingerbread structure,240.0,2.0,Fudgy chocolate cookies,2023-01-19,-3761 days
chocolate babka,93.333336,2020-10-13,11,4,chocolate,18 chocolate brownies,90.0,chocolate babka,150.0,white chocolate celebration cake,240.0,2.0,Chocolate babka,2023-01-20,-829 days
 white chocolate and blackberry cheesecakes,70.88608,2023-10-18,14,4,chocolate,chocolate torte,, white chocolate and blackberry cheesecakes,,edible chocolate box cake,,2.0,White chocolate strawberry cupcakes!,2023-01-20,271 days
chocolate babka,86.666664,2020-10-13,11,4,chocolate,18 chocolate brownies,90.0,chocolate babka,150.0,white chocolate celebration cake,240.0,2.0,Chocolate Babka,2023-01-23,-832 days
chocolate babka,73.333336,2020-10-13,11,4,chocolate,18 chocolate brownies,90.0,chocolate babka,150.0,white chocolate celebration cake,240.0,2.0,Chocolate Cake!,2023-01-23,-832 days
lemon meringue pie,71.42857,2022-10-11,13,5,desserts,8 steamed puddings,120.0,lemon meringue pie,120.0,hidden surprise mousse dessert,270.0,2.0,Mini Lemon Meringue Pies,2023-01-23,-104 days
lemon meringue pie,79.06977,2022-10-11,13,5,desserts,8 steamed puddings,120.0,lemon meringue pie,120.0,hidden surprise mousse dessert,270.0,2.0,Lemon meringue pie bites!,2023-01-23,-104 days
lemon meringue pie,100.0,2022-10-11,13,5,desserts,8 steamed puddings,120.0,lemon meringue pie,120.0,hidden surprise mousse dessert,270.0,2.0,lemon meringue pie,2023-01-23,-104 days
 chocolate teacakes,78.78788,2012-10-02,3,8,biscuit,48 crackers,120.0, chocolate teacakes,120.0,gingerbread structure,240.0,2.0,Chocolate cake,2023-01-23,-3765 days
chocolate soufflé,70.588234,2015-09-30,6,9,chocolate,chocolate tart,150.0,chocolate soufflé,75.0,chocolate centrepieces,240.0,,Chocolate Muffins,2023-01-26,-2675 days
angel food cake,75.0,2013-08-20,4,1,cake,sandwich cake,120.0,angel food cake,150.0,chocolate cake,240.0,,Orange choco cake,2023-01-26,-3446 days
frasier cake,74.07407,2012-10-09,3,9,pâtisserie,3 types of petits fours,,frasier cake,150.0,choux pastry gâteau,,,Fraisier Cake 😊,2023-01-27,-3762 days
lemon meringue pie,76.59574,2022-10-11,13,5,desserts,8 steamed puddings,120.0,lemon meringue pie,120.0,hidden surprise mousse dessert,270.0,2.0,My first lemon meringue pie !,2023-01-27,-108 days
mille-feuille,72.22222,2015-10-07,6,10,final,16 iced buns,180.0,mille-feuille,120.0,classic british cake,240.0,2.0,My first mille-feuille!,2023-01-28,-2670 days
matcha crepe cake,70.588234,2020-10-27,11,6,japanese,8 steamed buns,150.0,matcha crepe cake,120.0,kawaii cake,240.0,,Matcha Cheesecake,2023-01-30,-825 days
 chocolate teacakes,71.79487,2012-10-02,3,8,biscuit,48 crackers,120.0, chocolate teacakes,120.0,gingerbread structure,240.0,2.0,Chocolate Cheesecake,2023-02-01,-3774 days
red velvet cake,82.35294,2022-09-13,13,1,cake,12 mini sandwich cakes,120.0,red velvet cake,120.0,3d cake home,240.0,2.0,Red velvet cupcakes,2023-02-02,-142 days
 chocolate teacakes,72.22222,2012-10-02,3,8,biscuit,48 crackers,120.0, chocolate teacakes,120.0,gingerbread structure,240.0,2.0,Chocolate cupcake,2023-02-03,-3776 days
 english muffins,81.25,2013-08-27,4,2,bread,36 breadsticks,120.0, english muffins,165.0,decorative loaf,240.0,,English Muffins!,2023-02-03,-3447 days
red velvet cake,77.77778,2022-09-13,13,1,cake,12 mini sandwich cakes,120.0,red velvet cake,120.0,3d cake home,240.0,2.0,Red velvet cake pops!,2023-02-04,-144 days
red velvet cake,75.675674,2022-09-13,13,1,cake,12 mini sandwich cakes,120.0,red velvet cake,120.0,3d cake home,240.0,2.0,Red velvet cupcakes ❤️,2023-02-05,-145 days
 white chocolate and blackberry cheesecakes,83.544304,2023-10-18,14,4,chocolate,chocolate torte,, white chocolate and blackberry cheesecakes,,edible chocolate box cake,,2.0,white chocolate raspberry cheesecake,2023-02-05,255 days
tiramisu cake,92.30769,2014-08-27,5,4,dessert,8 self-saucing puddings,120.0,tiramisu cake,150.0,baked alaska,270.0,,Tiramisu cake,2023-02-05,-3084 days
s'mores,76.92308,2022-10-18,13,6,halloween,apple cake,120.0,s'mores,120.0,edible hanging halloween piñata lantern,240.0,2.0,Smores,2023-02-05,-110 days
 sticky toffee puddings,85.71429,2021-10-12,12,4,desserts,pavlova,165.0, sticky toffee puddings,90.0,joconde imprime dessert,270.0,2.0,sticky toffee pudding cake,2023-02-06,-482 days
 ginger biscuits,75.86207,2017-10-31,8,10,final,12 small loaves,180.0, ginger biscuits,150.0,large entremet,300.0,2.0,Tiny biscuits,2023-02-07,-1925 days
cherry cake,73.68421,2014-08-06,5,1,cake,swiss roll,150.0,cherry cake,120.0,36 classic miniature british cakes,210.0,,Ice cake,2023-02-07,-3107 days
lemon meringue pie,71.79487,2022-10-11,13,5,desserts,8 steamed puddings,120.0,lemon meringue pie,120.0,hidden surprise mousse dessert,270.0,2.0,Lemon meringue tart 🍋,2023-02-07,-119 days
 fortune cookies,71.42857,2017-09-05,8,2,biscuit,24 sandwich biscuits,135.0, fortune cookies,120.0,biscuit board games,210.0,2.0,Oreo cookies,2023-02-07,-1981 days
bakewell tart,72.22222,2016-09-21,7,5,pastry,24 breakfast pastries,210.0,bakewell tart,150.0,48 filo amuse-bouche,240.0,,I made a bakewell tart!,2023-02-08,-2331 days
 white chocolate and blackberry cheesecakes,82.051285,2023-10-18,14,4,chocolate,chocolate torte,, white chocolate and blackberry cheesecakes,,edible chocolate box cake,,2.0,White chocolate and taro cheesecake,2023-02-09,251 days
 chocolate teacakes,75.675674,2012-10-02,3,8,biscuit,48 crackers,120.0, chocolate teacakes,120.0,gingerbread structure,240.0,2.0,Chocolate cupcakes,2023-02-09,-3782 days
 miniature pineapple upside-down cakes,70.76923,2020-09-22,11,1,cake,battenberg cake,120.0, miniature pineapple upside-down cakes,90.0,celebrity hero cake bust,240.0,2.0,Pineapple Upside Down cakes,2023-02-10,-871 days
 chocolate teacakes,70.27027,2012-10-02,3,8,biscuit,48 crackers,120.0, chocolate teacakes,120.0,gingerbread structure,240.0,2.0,chocolate persians,2023-02-11,-3784 days
crème caramel,70.27027,2012-09-04,3,4,desserts,wheat-free torte cake,180.0,crème caramel,165.0,4 layered meringue dessert,,,Blackberry crème caramel,2023-02-11,-3812 days
crème caramel,70.27027,2012-09-04,3,4,desserts,wheat-free torte cake,180.0,crème caramel,165.0,4 layered meringue dessert,,,Blackberry crème caramel,2023-02-11,-3812 days
 white chocolate and blackberry cheesecakes,81.01266,2023-10-18,14,4,chocolate,chocolate torte,, white chocolate and blackberry cheesecakes,,edible chocolate box cake,,2.0,White chocolate raspberry cheesecake,2023-02-11,249 days
 fortune cookies,70.27027,2017-09-05,8,2,biscuit,24 sandwich biscuits,135.0, fortune cookies,120.0,biscuit board games,210.0,2.0,Least favorite cookie,2023-02-12,-1986 days
 miniature pineapple upside-down cakes,78.125,2020-09-22,11,1,cake,battenberg cake,120.0, miniature pineapple upside-down cakes,90.0,celebrity hero cake bust,240.0,2.0,Pineapple upside-down cake,2023-02-12,-873 days
 english muffins,71.111115,2013-08-27,4,2,bread,36 breadsticks,120.0, english muffins,165.0,decorative loaf,240.0,,I baked some English muffins!,2023-02-15,-3459 days
 miniature pineapple upside-down cakes,75.0,2020-09-22,11,1,cake,battenberg cake,120.0, miniature pineapple upside-down cakes,90.0,celebrity hero cake bust,240.0,2.0,Pineapple upside down cake,2023-02-16,-877 days
red velvet cake,78.78788,2022-09-13,13,1,cake,12 mini sandwich cakes,120.0,red velvet cake,120.0,3d cake home,240.0,2.0,Red velvet cookies,2023-02-18,-158 days
 white chocolate and blackberry cheesecakes,70.454544,2023-10-18,14,4,chocolate,chocolate torte,, white chocolate and blackberry cheesecakes,,edible chocolate box cake,,2.0,homestyle whute chocolate and strawberry cake,2023-02-18,242 days
 baguettes,77.77778,2015-08-19,6,3,bread,2 quick breads,90.0, baguettes,150.0,3d bread sculpture,300.0,,Baguette,2023-02-18,-2740 days
 chocolate teacakes,75.0,2012-10-02,3,8,biscuit,48 crackers,120.0, chocolate teacakes,120.0,gingerbread structure,240.0,2.0,Double chocolate cake,2023-02-19,-3792 days
chocolate babka,70.27027,2020-10-13,11,4,chocolate,18 chocolate brownies,90.0,chocolate babka,150.0,white chocolate celebration cake,240.0,2.0,Chocolate banana bread,2023-02-20,-860 days
red velvet cake,82.35294,2022-09-13,13,1,cake,12 mini sandwich cakes,120.0,red velvet cake,120.0,3d cake home,240.0,2.0,Red velvet cupcakes,2023-02-21,-161 days
 sticky toffee puddings,81.818184,2021-10-12,12,4,desserts,pavlova,165.0, sticky toffee puddings,90.0,joconde imprime dessert,270.0,2.0,Sticky Toffee Pudding,2023-02-22,-498 days
 fortune cookies,73.333336,2017-09-05,8,2,biscuit,24 sandwich biscuits,135.0, fortune cookies,120.0,biscuit board games,210.0,2.0,S’more cookies,2023-02-23,-1997 days
 chocolate teacakes,71.42857,2012-10-02,3,8,biscuit,48 crackers,120.0, chocolate teacakes,120.0,gingerbread structure,240.0,2.0,Chocolate birthday cake,2023-02-24,-3797 days
 miniature pineapple upside-down cakes,72.72727,2020-09-22,11,1,cake,battenberg cake,120.0, miniature pineapple upside-down cakes,90.0,celebrity hero cake bust,240.0,2.0,Pineapple r upside down cake,2023-02-25,-886 days
 fortune cookies,75.86207,2017-09-05,8,2,biscuit,24 sandwich biscuits,135.0, fortune cookies,120.0,biscuit board games,210.0,2.0,Honey cookies,2023-02-26,-2000 days
chocolate babka,70.27027,2020-10-13,11,4,chocolate,18 chocolate brownies,90.0,chocolate babka,150.0,white chocolate celebration cake,240.0,2.0,Chocolate banana bread,2023-03-01,-869 days
 chocolate teacakes,72.72727,2012-10-02,3,8,biscuit,48 crackers,120.0, chocolate teacakes,120.0,gingerbread structure,240.0,2.0,German chocolate cupcakes,2023-03-03,-3804 days
 english muffins,70.588234,2013-08-27,4,2,bread,36 breadsticks,120.0, english muffins,165.0,decorative loaf,240.0,,Who likes muffins?,2023-03-05,-3477 days
lemon meringue pie,82.35294,2022-10-11,13,5,desserts,8 steamed puddings,120.0,lemon meringue pie,120.0,hidden surprise mousse dessert,270.0,2.0,Lemon meringue 🍋,2023-03-06,-146 days
 chocolate teacakes,75.675674,2012-10-02,3,8,biscuit,48 crackers,120.0, chocolate teacakes,120.0,gingerbread structure,240.0,2.0,Chocolate cupcakes,2023-03-08,-3809 days
 chocolate teacakes,71.42857,2012-10-02,3,8,biscuit,48 crackers,120.0, chocolate teacakes,120.0,gingerbread structure,240.0,2.0,Chocolate birthday cake,2023-03-10,-3811 days
lemon meringue pie,75.675674,2022-10-11,13,5,desserts,8 steamed puddings,120.0,lemon meringue pie,120.0,hidden surprise mousse dessert,270.0,2.0,Lemon meringue tart,2023-03-12,-152 days
tiramisu cake,84.61539,2014-08-27,5,4,dessert,8 self-saucing puddings,120.0,tiramisu cake,150.0,baked alaska,270.0,,Tiramisu Cake,2023-03-14,-3121 days
red velvet cake,78.947365,2022-09-13,13,1,cake,12 mini sandwich cakes,120.0,red velvet cake,120.0,3d cake home,240.0,2.0,red velvet retro cake 🥀,2023-03-14,-182 days
red velvet cake,80.0,2022-09-13,13,1,cake,12 mini sandwich cakes,120.0,red velvet cake,120.0,3d cake home,240.0,2.0,Red Velvet Cake,2023-03-16,-184 days
lemon meringue pie,81.818184,2022-10-11,13,5,desserts,8 steamed puddings,120.0,lemon meringue pie,120.0,hidden surprise mousse dessert,270.0,2.0,lemon meringue pie filling,2023-03-16,-156 days
lemon meringue pie,72.0,2022-10-11,13,5,desserts,8 steamed puddings,120.0,lemon meringue pie,120.0,hidden surprise mousse dessert,270.0,2.0,"lemon meringue pie tastes ""eggy""",2023-03-16,-156 days
 chocolate teacakes,71.79487,2012-10-02,3,8,biscuit,48 crackers,120.0, chocolate teacakes,120.0,gingerbread structure,240.0,2.0,Chocolate Cheesecake,2023-03-19,-3820 days
 gluten-free pita bread,80.0,2015-09-02,6,5,alternative ingredients,sugar-free cake,150.0, gluten-free pita bread,120.0,dairy-free ice cream roll,270.0,,Gluten-free bread,2023-03-19,-2755 days
red velvet cake,78.78788,2022-09-13,13,1,cake,12 mini sandwich cakes,120.0,red velvet cake,120.0,3d cake home,240.0,2.0,Red Velvet cake :),2023-03-21,-189 days
matcha crepe cake,78.57143,2020-10-27,11,6,japanese,8 steamed buns,150.0,matcha crepe cake,120.0,kawaii cake,240.0,,matcha cake,2023-03-23,-877 days
tiramisu cake,75.0,2014-08-27,5,4,dessert,8 self-saucing puddings,120.0,tiramisu cake,150.0,baked alaska,270.0,,Tiramisu cheesecake,2023-03-24,-3131 days
 fortune cookies,78.57143,2017-09-05,8,2,biscuit,24 sandwich biscuits,135.0, fortune cookies,120.0,biscuit board games,210.0,2.0,more cookies,2023-03-24,-2026 days
 fortune cookies,70.96774,2017-09-05,8,2,biscuit,24 sandwich biscuits,135.0, fortune cookies,120.0,biscuit board games,210.0,2.0,Hostess cookies,2023-03-25,-2027 days
 miniature pineapple upside-down cakes,83.333336,2020-09-22,11,1,cake,battenberg cake,120.0, miniature pineapple upside-down cakes,90.0,celebrity hero cake bust,240.0,2.0,I made pineapple upside down cake.,2023-03-25,-914 days
 chocolate teacakes,77.27273,2012-10-02,3,8,biscuit,48 crackers,120.0, chocolate teacakes,120.0,gingerbread structure,240.0,2.0,made chocolate dream cake,2023-03-27,-3828 days
focaccia,76.190475,2011-08-30,2,3,bread,free form loaf,195.0,focaccia,210.0,12 sweet and 12 savoury rolls,300.0,,Sour focaccia,2023-03-29,-4229 days
lemon meringue pie,73.17073,2022-10-11,13,5,desserts,8 steamed puddings,120.0,lemon meringue pie,120.0,hidden surprise mousse dessert,270.0,2.0,Lemon Meringue Pie Tart,2023-03-29,-169 days
red velvet cake,80.0,2022-09-13,13,1,cake,12 mini sandwich cakes,120.0,red velvet cake,120.0,3d cake home,240.0,2.0,Red velvet cupcakes!,2023-03-30,-198 days
 chocolate teacakes,76.47059,2012-10-02,3,8,biscuit,48 crackers,120.0, chocolate teacakes,120.0,gingerbread structure,240.0,2.0,Chocolate cake!,2023-03-30,-3831 days
 english muffins,74.28571,2013-08-27,4,2,bread,36 breadsticks,120.0, english muffins,165.0,decorative loaf,240.0,,English muffin help,2023-03-31,-3503 days
angel food cake,90.32258,2013-08-20,4,1,cake,sandwich cake,120.0,angel food cake,150.0,chocolate cake,240.0,,Angel food cake!,2023-04-03,-3513 days
lemon meringue pie,73.17073,2022-10-11,13,5,desserts,8 steamed puddings,120.0,lemon meringue pie,120.0,hidden surprise mousse dessert,270.0,2.0,Lemon Meringue Cupcakes,2023-04-03,-174 days
frasier cake,75.0,2012-10-09,3,9,pâtisserie,3 types of petits fours,,frasier cake,150.0,choux pastry gâteau,,,Easter cake!,2023-04-04,-3829 days
lemon meringue pie,83.333336,2022-10-11,13,5,desserts,8 steamed puddings,120.0,lemon meringue pie,120.0,hidden surprise mousse dessert,270.0,2.0,Lemon Meringue Pie,2023-04-06,-177 days
 chocolate teacakes,78.947365,2012-10-02,3,8,biscuit,48 crackers,120.0, chocolate teacakes,120.0,gingerbread structure,240.0,2.0,Oreo chocolate cake,2023-04-06,-3838 days
red velvet cake,73.17073,2022-09-13,13,1,cake,12 mini sandwich cakes,120.0,red velvet cake,120.0,3d cake home,240.0,2.0,Strawberry red velvet cake,2023-04-07,-206 days
frasier cake,78.26087,2012-10-09,3,9,pâtisserie,3 types of petits fours,,frasier cake,150.0,choux pastry gâteau,,,Easter cake,2023-04-07,-3832 days
 chocolate teacakes,75.0,2012-10-02,3,8,biscuit,48 crackers,120.0, chocolate teacakes,120.0,gingerbread structure,240.0,2.0,german chocolate cake,2023-04-09,-3841 days
 chocolate teacakes,71.79487,2012-10-02,3,8,biscuit,48 crackers,120.0, chocolate teacakes,120.0,gingerbread structure,240.0,2.0,Chocolate Cheesecake,2023-04-09,-3841 days
chocolate babka,86.666664,2020-10-13,11,4,chocolate,18 chocolate brownies,90.0,chocolate babka,150.0,white chocolate celebration cake,240.0,2.0,Chocolate Babka,2023-04-09,-908 days
frasier cake,78.26087,2012-10-09,3,9,pâtisserie,3 types of petits fours,,frasier cake,150.0,choux pastry gâteau,,,Easter cake,2023-04-09,-3834 days
lemon meringue pie,94.44444,2022-10-11,13,5,desserts,8 steamed puddings,120.0,lemon meringue pie,120.0,hidden surprise mousse dessert,270.0,2.0,lemon merengue pie,2023-04-09,-180 days
frasier cake,78.26087,2012-10-09,3,9,pâtisserie,3 types of petits fours,,frasier cake,150.0,choux pastry gâteau,,,Easter cake,2023-04-10,-3835 days
 miniature pineapple upside-down cakes,73.52941,2020-09-22,11,1,cake,battenberg cake,120.0, miniature pineapple upside-down cakes,90.0,celebrity hero cake bust,240.0,2.0,Pineapple Upside-down Cupcakes,2023-04-10,-930 days
lemon meringue pie,80.0,2022-10-11,13,5,desserts,8 steamed puddings,120.0,lemon meringue pie,120.0,hidden surprise mousse dessert,270.0,2.0,My first lemon meringue pie,2023-04-10,-181 days
chocolate babka,71.42857,2020-10-13,11,4,chocolate,18 chocolate brownies,90.0,chocolate babka,150.0,white chocolate celebration cake,240.0,2.0,I made a chocolate babka! 😋,2023-04-10,-909 days
scones,83.333336,2010-08-24,1,2,biscuit,personality biscuits,120.0,scones,60.0,"meringue, choux, and macaron petits fours",240.0,1.0,Scones,2023-04-11,-4613 days
 chocolate teacakes,78.947365,2012-10-02,3,8,biscuit,48 crackers,120.0, chocolate teacakes,120.0,gingerbread structure,240.0,2.0,chocolate lava cake,2023-04-13,-3845 days
chocolate roulade,70.27027,2011-09-20,2,6,desserts,baked cheesecake,150.0,chocolate roulade,105.0,croquembouche,300.0,,Oreo chocolate fudge,2023-04-13,-4223 days
 chocolate teacakes,73.17073,2012-10-02,3,8,biscuit,48 crackers,120.0, chocolate teacakes,120.0,gingerbread structure,240.0,2.0,Extreme chocolate cake,2023-04-13,-3845 days
 white chocolate and blackberry cheesecakes,76.190475,2023-10-18,14,4,chocolate,chocolate torte,, white chocolate and blackberry cheesecakes,,edible chocolate box cake,,2.0,White chocolate and granadilla cheesecake,2023-04-14,187 days
tiramisu cake,80.0,2014-08-27,5,4,dessert,8 self-saucing puddings,120.0,tiramisu cake,150.0,baked alaska,270.0,,Tiramisu Cupcakes,2023-04-14,-3152 days
 baguettes,78.26087,2015-08-19,6,3,bread,2 quick breads,90.0, baguettes,150.0,3d bread sculpture,300.0,,My Baguettes!,2023-04-14,-2795 days
chocolate soufflé,70.588234,2015-09-30,6,9,chocolate,chocolate tart,150.0,chocolate soufflé,75.0,chocolate centrepieces,240.0,,Chocolate muffins,2023-04-15,-2754 days
 miniature pineapple upside-down cakes,75.0,2020-09-22,11,1,cake,battenberg cake,120.0, miniature pineapple upside-down cakes,90.0,celebrity hero cake bust,240.0,2.0,Pineapple Upside-down cake,2023-04-15,-935 days
chocolate roulade,70.27027,2011-09-20,2,6,desserts,baked cheesecake,150.0,chocolate roulade,105.0,croquembouche,300.0,,Chocolate Pound Cake,2023-04-16,-4226 days
red velvet cake,100.0,2022-09-13,13,1,cake,12 mini sandwich cakes,120.0,red velvet cake,120.0,3d cake home,240.0,2.0,red velvet cake,2023-04-17,-216 days
 chocolate teacakes,78.947365,2012-10-02,3,8,biscuit,48 crackers,120.0, chocolate teacakes,120.0,gingerbread structure,240.0,2.0,chocolate lava cake,2023-04-17,-3849 days
 fortune cookies,73.333336,2017-09-05,8,2,biscuit,24 sandwich biscuits,135.0, fortune cookies,120.0,biscuit board games,210.0,2.0,Turtle cookies,2023-04-17,-2050 days
chocolate roulade,70.588234,2011-09-20,2,6,desserts,baked cheesecake,150.0,chocolate roulade,105.0,croquembouche,300.0,,Chocolate brownie,2023-04-17,-4227 days
 chocolate teacakes,84.84849,2012-10-02,3,8,biscuit,48 crackers,120.0, chocolate teacakes,120.0,gingerbread structure,240.0,2.0,chocolate cake,2023-04-18,-3850 days
 chocolate teacakes,71.42857,2012-10-02,3,8,biscuit,48 crackers,120.0, chocolate teacakes,120.0,gingerbread structure,240.0,2.0,My first chocolate cake,2023-04-18,-3850 days
chocolate babka,83.333336,2020-10-13,11,4,chocolate,18 chocolate brownies,90.0,chocolate babka,150.0,white chocolate celebration cake,240.0,2.0,First chocolate babka,2023-04-18,-917 days
malt loaf,88.888885,2021-09-21,12,1,cake,12 mini swill rolls,120.0,malt loaf,120.0,anti-gravity illusion cake,240.0,1.0,Malt loaf,2023-04-19,-575 days
queen of puddings,72.34042,2012-09-18,3,6,pudding,2 sponge puddings,120.0,queen of puddings,,strudel,210.0,2.0,My late moms queen of puddings,2023-04-19,-3865 days
 chocolate mini rolls,73.17073,2017-08-29,8,1,cake,fruity cake,120.0, chocolate mini rolls,120.0,illusion cake,240.0,2.0,Chocolate Swiss roll,2023-04-21,-2061 days
tart aux pommes,70.588234,2023-11-21,14,9,patisserie,24 financiers,120.0,tart aux pommes,150.0,millefoglie,240.0,2.0,Tarte Aux Pommes 😍😍,2023-04-22,213 days
 chocolate mini rolls,73.17073,2017-08-29,8,1,cake,fruity cake,120.0, chocolate mini rolls,120.0,illusion cake,240.0,2.0,Chocolate Swiss roll,2023-04-22,-2062 days
 chocolate mini rolls,73.17073,2017-08-29,8,1,cake,fruity cake,120.0, chocolate mini rolls,120.0,illusion cake,240.0,2.0,Chocolate Swiss roll,2023-04-22,-2062 days
red velvet cake,93.333336,2022-09-13,13,1,cake,12 mini sandwich cakes,120.0,red velvet cake,120.0,3d cake home,240.0,2.0,Red velvet cake,2023-04-25,-224 days
red velvet cake,82.35294,2022-09-13,13,1,cake,12 mini sandwich cakes,120.0,red velvet cake,120.0,3d cake home,240.0,2.0,Green velvet cake 🎂,2023-04-26,-225 days
 chocolate teacakes,76.92308,2012-10-02,3,8,biscuit,48 crackers,120.0, chocolate teacakes,120.0,gingerbread structure,240.0,2.0,Vegan chocolate cake,2023-04-28,-3860 days
 chocolate teacakes,74.28571,2012-10-02,3,8,biscuit,48 crackers,120.0, chocolate teacakes,120.0,gingerbread structure,240.0,2.0,Chocolate cake 🎂,2023-04-28,-3860 days
chocolate babka,75.86207,2020-10-13,11,4,chocolate,18 chocolate brownies,90.0,chocolate babka,150.0,white chocolate celebration cake,240.0,2.0,Chocolate Cake,2023-04-30,-929 days
 ciabattas,72.72727,2014-08-20,5,3,bread,12 rye bread rolls,210.0, ciabattas,180.0,filled centrepiece loaf,240.0,2.0,Ciabattas ❤️,2023-04-30,-3175 days
chocolate babka,70.588234,2020-10-13,11,4,chocolate,18 chocolate brownies,90.0,chocolate babka,150.0,white chocolate celebration cake,240.0,2.0,Chocolate and bread,2023-05-01,-930 days
 baguettes,76.92308,2015-08-19,6,3,bread,2 quick breads,90.0, baguettes,150.0,3d bread sculpture,300.0,,Mini baguettes 🥖,2023-05-01,-2812 days
chocolate roulade,70.27027,2011-09-20,2,6,desserts,baked cheesecake,150.0,chocolate roulade,105.0,croquembouche,300.0,,“Chocolate” problems,2023-05-02,-4242 days
 chocolate teacakes,71.42857,2012-10-02,3,8,biscuit,48 crackers,120.0, chocolate teacakes,120.0,gingerbread structure,240.0,2.0,Unicorn chocolate cake.,2023-05-03,-3865 days
 english muffins,70.27027,2013-08-27,4,2,bread,36 breadsticks,120.0, english muffins,165.0,decorative loaf,240.0,,English muffin update,2023-05-04,-3537 days
chocolate babka,77.77778,2020-10-13,11,4,chocolate,18 chocolate brownies,90.0,chocolate babka,150.0,white chocolate celebration cake,240.0,2.0,Baby Chocolate babkas,2023-05-06,-935 days
red velvet cake,77.77778,2022-09-13,13,1,cake,12 mini sandwich cakes,120.0,red velvet cake,120.0,3d cake home,240.0,2.0,Red velvet cupcakes 🧁,2023-05-07,-236 days
 custard creams,75.0,2023-10-03,14,2,biscuits,12 marshmallow biscuits,, custard creams,90.0,illusion biscuit meal,240.0,1.0,Strawberry custard creams,2023-05-07,149 days
lemon meringue pie,83.333336,2022-10-11,13,5,desserts,8 steamed puddings,120.0,lemon meringue pie,120.0,hidden surprise mousse dessert,270.0,2.0,Lemon Meringue Pie,2023-05-09,-210 days
 fortune cookies,75.0,2017-09-05,8,2,biscuit,24 sandwich biscuits,135.0, fortune cookies,120.0,biscuit board games,210.0,2.0,My first cookies,2023-05-11,-2074 days
 chocolate teacakes,78.78788,2012-10-02,3,8,biscuit,48 crackers,120.0, chocolate teacakes,120.0,gingerbread structure,240.0,2.0,Chocolate cake,2023-05-11,-3873 days
 molten chocolate puddings,77.55102,2017-09-26,8,5,pudding,steamed school pudding,180.0, molten chocolate puddings,60.0,ornamental trifle terrine,270.0,1.0,Baked chocolate pudding,2023-05-11,-2053 days
 molten chocolate puddings,77.55102,2017-09-26,8,5,pudding,steamed school pudding,180.0, molten chocolate puddings,60.0,ornamental trifle terrine,270.0,1.0,Baked chocolate pudding,2023-05-11,-2053 days
lemon meringue pie,80.0,2022-10-11,13,5,desserts,8 steamed puddings,120.0,lemon meringue pie,120.0,hidden surprise mousse dessert,270.0,2.0,I made a lemon meringue pie,2023-05-13,-214 days
chocolate roulade,70.588234,2011-09-20,2,6,desserts,baked cheesecake,150.0,chocolate roulade,105.0,croquembouche,300.0,,Chocolate brioche,2023-05-13,-4253 days
lemon meringue pie,76.190475,2022-10-11,13,5,desserts,8 steamed puddings,120.0,lemon meringue pie,120.0,hidden surprise mousse dessert,270.0,2.0,Almond meringue cookies.,2023-05-13,-214 days
 miniature pineapple upside-down cakes,78.37838,2020-09-22,11,1,cake,battenberg cake,120.0, miniature pineapple upside-down cakes,90.0,celebrity hero cake bust,240.0,2.0,Two layer pineapple upside down cake,2023-05-15,-965 days
angel food cake,76.92308,2013-08-20,4,1,cake,sandwich cake,120.0,angel food cake,150.0,chocolate cake,240.0,,My first angel food cake,2023-05-15,-3555 days
hazelnut dacquoise,70.96774,2013-10-08,4,8,alternative ingredients,wheat-free loaf,180.0,hazelnut dacquoise,165.0,dairy-free vegetable cake,240.0,,hazelnut cake,2023-05-15,-3506 days
 fortune cookies,72.72727,2017-09-05,8,2,biscuit,24 sandwich biscuits,135.0, fortune cookies,120.0,biscuit board games,210.0,2.0,Toblerone cookies,2023-05-16,-2079 days
 white chocolate and blackberry cheesecakes,71.052635,2023-10-18,14,4,chocolate,chocolate torte,, white chocolate and blackberry cheesecakes,,edible chocolate box cake,,2.0,A white chocolate cheesecake tart,2023-05-17,154 days
mille-feuille,72.72727,2015-10-07,6,10,final,16 iced buns,180.0,mille-feuille,120.0,classic british cake,240.0,2.0,Vanilla millefeuille,2023-05-17,-2779 days
chocolate babka,72.22222,2020-10-13,11,4,chocolate,18 chocolate brownies,90.0,chocolate babka,150.0,white chocolate celebration cake,240.0,2.0,Vegan Chocolate Babka,2023-05-17,-946 days
hazelnut dacquoise,70.96774,2013-10-08,4,8,alternative ingredients,wheat-free loaf,180.0,hazelnut dacquoise,165.0,dairy-free vegetable cake,240.0,,hazelnut cake,2023-05-18,-3509 days
 miniature pineapple upside-down cakes,74.666664,2020-09-22,11,1,cake,battenberg cake,120.0, miniature pineapple upside-down cakes,90.0,celebrity hero cake bust,240.0,2.0,golden pineapple upside down cupcakes,2023-05-18,-968 days
chocolate roulade,74.28571,2011-09-20,2,6,desserts,baked cheesecake,150.0,chocolate roulade,105.0,croquembouche,300.0,,Chocolate Overload,2023-05-19,-4259 days
 chocolate teacakes,71.42857,2012-10-02,3,8,biscuit,48 crackers,120.0, chocolate teacakes,120.0,gingerbread structure,240.0,2.0,Chocolate Easter cake 🐣,2023-05-20,-3882 days
 jam doughnuts,73.333336,2012-09-25,3,7,sweet dough,24 sweet buns,180.0, jam doughnuts,150.0,celebratory loaf,,,Baked doughnuts!,2023-05-21,-3890 days
 chocolate teacakes,74.4186,2012-10-02,3,8,biscuit,48 crackers,120.0, chocolate teacakes,120.0,gingerbread structure,240.0,2.0,Homemade chocolate cakes,2023-05-21,-3883 days
 chocolate teacakes,70.27027,2012-10-02,3,8,biscuit,48 crackers,120.0, chocolate teacakes,120.0,gingerbread structure,240.0,2.0,Chocolate Eclaires,2023-05-21,-3883 days
angel food cake,80.0,2013-08-20,4,1,cake,sandwich cake,120.0,angel food cake,150.0,chocolate cake,240.0,,Angel Food Cake,2023-05-22,-3562 days
 gluten-free pita bread,70.833336,2015-09-02,6,5,alternative ingredients,sugar-free cake,150.0, gluten-free pita bread,120.0,dairy-free ice cream roll,270.0,,Gluten-free Rainbow Bread,2023-05-22,-2819 days
 baguettes,74.07407,2015-08-19,6,3,bread,2 quick breads,90.0, baguettes,150.0,3d bread sculpture,300.0,,I made baguettes.,2023-05-23,-2834 days
focaccia,87.5,2011-08-30,2,3,bread,free form loaf,195.0,focaccia,210.0,12 sweet and 12 savoury rolls,300.0,,Focaccia,2023-05-24,-4285 days
 ginger biscuits,80.0,2017-10-31,8,10,final,12 small loaves,180.0, ginger biscuits,150.0,large entremet,300.0,2.0,Angel biscuits,2023-05-24,-2031 days
lemon meringue pie,73.91304,2022-10-11,13,5,desserts,8 steamed puddings,120.0,lemon meringue pie,120.0,hidden surprise mousse dessert,270.0,2.0,Lemon meringue pies in a jar,2023-05-24,-225 days
 chocolate teacakes,78.78788,2012-10-02,3,8,biscuit,48 crackers,120.0, chocolate teacakes,120.0,gingerbread structure,240.0,2.0,@chocolatcakes,2023-05-25,-3887 days
tarte au citron,82.35294,2011-08-23,2,2,tarts,quiche,120.0,tarte au citron,90.0,24 miniature sweet tarts,,,Charlotte au citron,2023-05-25,-4293 days
red velvet cake,100.0,2022-09-13,13,1,cake,12 mini sandwich cakes,120.0,red velvet cake,120.0,3d cake home,240.0,2.0,red velvet cake,2023-05-27,-256 days
bakewell tart,81.25,2016-09-21,7,5,pastry,24 breakfast pastries,210.0,bakewell tart,150.0,48 filo amuse-bouche,240.0,,trad. bakewell tart,2023-05-27,-2439 days
 chocolate teacakes,75.0,2012-10-02,3,8,biscuit,48 crackers,120.0, chocolate teacakes,120.0,gingerbread structure,240.0,2.0,German chocolate cake,2023-05-27,-3889 days
lemon meringue pie,72.0,2022-10-11,13,5,desserts,8 steamed puddings,120.0,lemon meringue pie,120.0,hidden surprise mousse dessert,270.0,2.0,My first ever lemon meringue pie,2023-05-28,-229 days
 sticky toffee puddings,91.304344,2021-10-12,12,4,desserts,pavlova,165.0, sticky toffee puddings,90.0,joconde imprime dessert,270.0,2.0,sticky toffee pudding ~,2023-05-28,-593 days
 chocolate teacakes,73.17073,2012-10-02,3,8,biscuit,48 crackers,120.0, chocolate teacakes,120.0,gingerbread structure,240.0,2.0,Matilda chocolate cake,2023-05-29,-3891 days
 chocolate teacakes,72.22222,2012-10-02,3,8,biscuit,48 crackers,120.0, chocolate teacakes,120.0,gingerbread structure,240.0,2.0,Chocolat cupcakes,2023-05-30,-3892 days
focaccia,82.35294,2011-08-30,2,3,bread,free form loaf,195.0,focaccia,210.0,12 sweet and 12 savoury rolls,300.0,,Focaccia!,2023-05-30,-4291 days
 chocolate teacakes,71.79487,2012-10-02,3,8,biscuit,48 crackers,120.0, chocolate teacakes,120.0,gingerbread structure,240.0,2.0,Chocolate fudge cake,2023-05-30,-3892 days
 viennese whirls,83.870964,2016-08-31,7,2,biscuit,24 iced biscuits,150.0, viennese whirls,90.0,gingerbread 3d scene,240.0,2.0,Viennese Whirls,2023-05-31,-2464 days
red velvet cake,72.0,2022-09-13,13,1,cake,12 mini sandwich cakes,120.0,red velvet cake,120.0,3d cake home,240.0,2.0,Red velvet,2023-05-31,-260 days
 ginger biscuits,73.333336,2017-10-31,8,10,final,12 small loaves,180.0, ginger biscuits,150.0,large entremet,300.0,2.0,Angel Biscuits,2023-06-01,-2039 days
red velvet cake,80.0,2022-09-13,13,1,cake,12 mini sandwich cakes,120.0,red velvet cake,120.0,3d cake home,240.0,2.0,Red Velvet Cake,2023-06-01,-261 days
red velvet cake,71.79487,2022-09-13,13,1,cake,12 mini sandwich cakes,120.0,red velvet cake,120.0,3d cake home,240.0,2.0,Cakey red velvet cookies,2023-06-04,-264 days
 chocolate teacakes,70.27027,2012-10-02,3,8,biscuit,48 crackers,120.0, chocolate teacakes,120.0,gingerbread structure,240.0,2.0,Chocolate decadent,2023-06-05,-3898 days
chocolate babka,72.22222,2020-10-13,11,4,chocolate,18 chocolate brownies,90.0,chocolate babka,150.0,white chocolate celebration cake,240.0,2.0,Chocolate Babka Knot!,2023-06-06,-966 days
 english muffins,71.79487,2013-08-27,4,2,bread,36 breadsticks,120.0, english muffins,165.0,decorative loaf,240.0,,English muffin doneness,2023-06-06,-3570 days
 chocolate teacakes,72.72727,2012-10-02,3,8,biscuit,48 crackers,120.0, chocolate teacakes,120.0,gingerbread structure,240.0,2.0,chocolate strawberry cake,2023-06-07,-3900 days
mille-feuille,76.92308,2015-10-07,6,10,final,16 iced buns,180.0,mille-feuille,120.0,classic british cake,240.0,2.0,Mille Feuille,2023-06-07,-2800 days
 baguettes,84.210526,2015-08-19,6,3,bread,2 quick breads,90.0, baguettes,150.0,3d bread sculpture,300.0,,Baguettes,2023-06-07,-2849 days
 fortune cookies,70.96774,2017-09-05,8,2,biscuit,24 sandwich biscuits,135.0, fortune cookies,120.0,biscuit board games,210.0,2.0,S'mores cookies,2023-06-09,-2103 days
chocolate roulade,70.27027,2011-09-20,2,6,desserts,baked cheesecake,150.0,chocolate roulade,105.0,croquembouche,300.0,,chocolate shortbread,2023-06-10,-4281 days
 chocolate teacakes,73.17073,2012-10-02,3,8,biscuit,48 crackers,120.0, chocolate teacakes,120.0,gingerbread structure,240.0,2.0,Another chocolate cake,2023-06-11,-3904 days
 fortune cookies,70.96774,2017-09-05,8,2,biscuit,24 sandwich biscuits,135.0, fortune cookies,120.0,biscuit board games,210.0,2.0,S’mores cookies,2023-06-12,-2106 days
cherry cake,72.0,2014-08-06,5,1,cake,swiss roll,150.0,cherry cake,120.0,36 classic miniature british cakes,210.0,,Blueberry cake,2023-06-12,-3232 days
 chocolate teacakes,76.92308,2012-10-02,3,8,biscuit,48 crackers,120.0, chocolate teacakes,120.0,gingerbread structure,240.0,2.0,chocolate cupcakes 🍫,2023-06-12,-3905 days
 chocolate teacakes,76.92308,2012-10-02,3,8,biscuit,48 crackers,120.0, chocolate teacakes,120.0,gingerbread structure,240.0,2.0,chocolate cupcakes 🍫,2023-06-12,-3905 days
red velvet cake,93.75,2022-09-13,13,1,cake,12 mini sandwich cakes,120.0,red velvet cake,120.0,3d cake home,240.0,2.0,A red velvet cake,2023-06-12,-272 days
 chocolate teacakes,76.92308,2012-10-02,3,8,biscuit,48 crackers,120.0, chocolate teacakes,120.0,gingerbread structure,240.0,2.0,chocolate cupcakes 🍫,2023-06-13,-3906 days
coffee and walnut battenberg,76.0,2011-08-16,2,1,cake,24 cupcakes,120.0,coffee and walnut battenberg,120.0,chocolate tiered cake,300.0,,Coffee and walnut cake,2023-06-14,-4320 days
chocolate babka,75.86207,2020-10-13,11,4,chocolate,18 chocolate brownies,90.0,chocolate babka,150.0,white chocolate celebration cake,240.0,2.0,Chocolate Cake,2023-06-15,-975 days
 chocolate teacakes,72.72727,2012-10-02,3,8,biscuit,48 crackers,120.0, chocolate teacakes,120.0,gingerbread structure,240.0,2.0,Best chocolate cake tips?,2023-06-15,-3908 days
 fortune cookies,72.72727,2017-09-05,8,2,biscuit,24 sandwich biscuits,135.0, fortune cookies,120.0,biscuit board games,210.0,2.0,My first cookies😭,2023-06-16,-2110 days
frasier cake,88.0,2012-10-09,3,9,pâtisserie,3 types of petits fours,,frasier cake,150.0,choux pastry gâteau,,,Fraisier cake,2023-06-17,-3903 days
frasier cake,88.0,2012-10-09,3,9,pâtisserie,3 types of petits fours,,frasier cake,150.0,choux pastry gâteau,,,Fraisier cake,2023-06-17,-3903 days
 miniature pineapple upside-down cakes,78.125,2020-09-22,11,1,cake,battenberg cake,120.0, miniature pineapple upside-down cakes,90.0,celebrity hero cake bust,240.0,2.0,Pineapple upside-down cake,2023-06-18,-999 days
 chocolate teacakes,75.0,2012-10-02,3,8,biscuit,48 crackers,120.0, chocolate teacakes,120.0,gingerbread structure,240.0,2.0,chocolate cherry cake,2023-06-18,-3911 days
frasier cake,91.666664,2012-10-09,3,9,pâtisserie,3 types of petits fours,,frasier cake,150.0,choux pastry gâteau,,,Frasier cake,2023-06-22,-3908 days
cherry cake,72.0,2014-08-06,5,1,cake,swiss roll,150.0,cherry cake,120.0,36 classic miniature british cakes,210.0,,Raspberry cake,2023-06-24,-3244 days
coffee and walnut battenberg,76.0,2011-08-16,2,1,cake,24 cupcakes,120.0,coffee and walnut battenberg,120.0,chocolate tiered cake,300.0,,Coffee and walnut cake,2023-06-25,-4331 days
mille-feuille,70.96774,2015-10-07,6,10,final,16 iced buns,180.0,mille-feuille,120.0,classic british cake,240.0,2.0,Giant Millefeuille,2023-06-25,-2818 days
 chocolate teacakes,72.72727,2012-10-02,3,8,biscuit,48 crackers,120.0, chocolate teacakes,120.0,gingerbread structure,240.0,2.0,German chocolate cupcakes,2023-06-25,-3918 days
s'mores,80.0,2022-10-18,13,6,halloween,apple cake,120.0,s'mores,120.0,edible hanging halloween piñata lantern,240.0,2.0,S'mores!,2023-06-26,-251 days
red velvet cake,78.947365,2022-09-13,13,1,cake,12 mini sandwich cakes,120.0,red velvet cake,120.0,3d cake home,240.0,2.0,No dye red velvet cake?,2023-06-27,-287 days
tarte au citron,86.666664,2011-08-23,2,2,tarts,quiche,120.0,tarte au citron,90.0,24 miniature sweet tarts,,,Tarte au Citron,2023-06-29,-4328 days
tiramisu cake,71.42857,2014-08-27,5,4,dessert,8 self-saucing puddings,120.0,tiramisu cake,150.0,baked alaska,270.0,,Tiramisu Advice,2023-06-29,-3228 days
 chocolate teacakes,71.42857,2012-10-02,3,8,biscuit,48 crackers,120.0, chocolate teacakes,120.0,gingerbread structure,240.0,2.0,Chocolate Entremet cake,2023-07-01,-3924 days
lemon meringue pie,80.0,2022-10-11,13,5,desserts,8 steamed puddings,120.0,lemon meringue pie,120.0,hidden surprise mousse dessert,270.0,2.0,Classic lemon meringue pie!,2023-07-03,-265 days
chocolate babka,73.333336,2020-10-13,11,4,chocolate,18 chocolate brownies,90.0,chocolate babka,150.0,white chocolate celebration cake,240.0,2.0,Chocolate books,2023-07-04,-994 days
 baguettes,80.0,2015-08-19,6,3,bread,2 quick breads,90.0, baguettes,150.0,3d bread sculpture,300.0,,Fresh baguettes,2023-07-04,-2876 days
 ciabattas,78.26087,2014-08-20,5,3,bread,12 rye bread rolls,210.0, ciabattas,180.0,filled centrepiece loaf,240.0,2.0,More ciabatas,2023-07-05,-3241 days
chocolate soufflé,88.23529,2015-09-30,6,9,chocolate,chocolate tart,150.0,chocolate soufflé,75.0,chocolate centrepieces,240.0,,Chocolate Soufflé,2023-07-05,-2835 days
lemon meringue pie,83.333336,2022-10-11,13,5,desserts,8 steamed puddings,120.0,lemon meringue pie,120.0,hidden surprise mousse dessert,270.0,2.0,Lemon Meringue Pie,2023-07-07,-269 days
 white chocolate and blackberry cheesecakes,70.88608,2023-10-18,14,4,chocolate,chocolate torte,, white chocolate and blackberry cheesecakes,,edible chocolate box cake,,2.0,White chocolate pistachio cheesecake,2023-07-07,103 days
mille-feuille,76.92308,2015-10-07,6,10,final,16 iced buns,180.0,mille-feuille,120.0,classic british cake,240.0,2.0,Mille Feuille,2023-07-07,-2830 days
mille-feuille,76.92308,2015-10-07,6,10,final,16 iced buns,180.0,mille-feuille,120.0,classic british cake,240.0,2.0,Mille Feuille,2023-07-07,-2830 days
 jam doughnuts,75.0,2012-09-25,3,7,sweet dough,24 sweet buns,180.0, jam doughnuts,150.0,celebratory loaf,,,Gf made doughnuts.,2023-07-08,-3938 days
 fortune cookies,73.333336,2017-09-05,8,2,biscuit,24 sandwich biscuits,135.0, fortune cookies,120.0,biscuit board games,210.0,2.0,oreo cookies 🍪,2023-07-08,-2132 days
 gluten-free pita bread,70.833336,2015-09-02,6,5,alternative ingredients,sugar-free cake,150.0, gluten-free pita bread,120.0,dairy-free ice cream roll,270.0,,Gluten Free Artisan bread,2023-07-09,-2867 days
 chocolate teacakes,75.0,2012-10-02,3,8,biscuit,48 crackers,120.0, chocolate teacakes,120.0,gingerbread structure,240.0,2.0,triple chocolate cake,2023-07-11,-3934 days
tiramisu cake,92.30769,2014-08-27,5,4,dessert,8 self-saucing puddings,120.0,tiramisu cake,150.0,baked alaska,270.0,,Tiramisu cake,2023-07-12,-3241 days
red velvet cake,93.75,2022-09-13,13,1,cake,12 mini sandwich cakes,120.0,red velvet cake,120.0,3d cake home,240.0,2.0,A red velvet cake,2023-07-16,-306 days
red velvet cake,72.72727,2022-09-13,13,1,cake,12 mini sandwich cakes,120.0,red velvet cake,120.0,3d cake home,240.0,2.0,Red Velvet Cake ❤️,2023-07-16,-306 days
red velvet cake,77.41936,2022-09-13,13,1,cake,12 mini sandwich cakes,120.0,red velvet cake,120.0,3d cake home,240.0,2.0,Red Velvety Cake,2023-07-16,-306 days
 white chocolate and blackberry cheesecakes,70.12987,2023-10-18,14,4,chocolate,chocolate torte,, white chocolate and blackberry cheesecakes,,edible chocolate box cake,,2.0,No bake white chocolate cheesecake,2023-07-19,91 days
bakewell tart,85.71429,2016-09-21,7,5,pastry,24 breakfast pastries,210.0,bakewell tart,150.0,48 filo amuse-bouche,240.0,,Bakewell tart 🥧,2023-07-21,-2494 days
bakewell tart,85.71429,2016-09-21,7,5,pastry,24 breakfast pastries,210.0,bakewell tart,150.0,48 filo amuse-bouche,240.0,,Bakewell tart 🥧,2023-07-21,-2494 days
 white chocolate and blackberry cheesecakes,72.093025,2023-10-18,14,4,chocolate,chocolate torte,, white chocolate and blackberry cheesecakes,,edible chocolate box cake,,2.0,I made White Chocolate Raspberry Cheesecake,2023-07-25,85 days
mini pear pies,71.42857,2014-09-03,5,5,pies and tarts,custard tart,150.0,mini pear pies,120.0,three-tiered pie,270.0,,Mini apple pie,2023-07-25,-3247 days
 chocolate teacakes,76.92308,2012-10-02,3,8,biscuit,48 crackers,120.0, chocolate teacakes,120.0,gingerbread structure,240.0,2.0,Mini chocolate cake!,2023-07-25,-3948 days
victoria sandwich,70.96774,2010-08-17,1,1,cake,cake,180.0,victoria sandwich,,chocolate celebration cake,,1.0,Cream sandwich,2023-07-25,-4725 days
 chocolate teacakes,71.42857,2012-10-02,3,8,biscuit,48 crackers,120.0, chocolate teacakes,120.0,gingerbread structure,240.0,2.0,Chaotic chocolate cake!,2023-07-26,-3949 days
 ginger biscuits,70.588234,2017-10-31,8,10,final,12 small loaves,180.0, ginger biscuits,150.0,large entremet,300.0,2.0,Digestive biscuits,2023-07-27,-2095 days
lemon meringue pie,71.42857,2022-10-11,13,5,desserts,8 steamed puddings,120.0,lemon meringue pie,120.0,hidden surprise mousse dessert,270.0,2.0,Lemon Meringue Cupcakes!,2023-07-28,-290 days
chocolate babka,86.666664,2020-10-13,11,4,chocolate,18 chocolate brownies,90.0,chocolate babka,150.0,white chocolate celebration cake,240.0,2.0,Chocolate Babka,2023-07-30,-1020 days
chocolate babka,93.333336,2020-10-13,11,4,chocolate,18 chocolate brownies,90.0,chocolate babka,150.0,white chocolate celebration cake,240.0,2.0,Chocolate babka,2023-07-30,-1020 days
cherry cake,100.0,2014-08-06,5,1,cake,swiss roll,150.0,cherry cake,120.0,36 classic miniature british cakes,210.0,,cherry cake,2023-07-30,-3280 days
focaccia,87.5,2011-08-30,2,3,bread,free form loaf,195.0,focaccia,210.0,12 sweet and 12 savoury rolls,300.0,,Focaccia,2023-08-01,-4354 days
cherry cake,72.72727,2014-08-06,5,1,cake,swiss roll,150.0,cherry cake,120.0,36 classic miniature british cakes,210.0,,carrot cake,2023-08-01,-3282 days
 molten chocolate puddings,79.06977,2017-09-26,8,5,pudding,steamed school pudding,180.0, molten chocolate puddings,60.0,ornamental trifle terrine,270.0,1.0,chocolate pudding,2023-08-01,-2135 days
 chocolate teacakes,78.78788,2012-10-02,3,8,biscuit,48 crackers,120.0, chocolate teacakes,120.0,gingerbread structure,240.0,2.0,Chocolate cake,2023-08-02,-3956 days
malt loaf,73.68421,2021-09-21,12,1,cake,12 mini swill rolls,120.0,malt loaf,120.0,anti-gravity illusion cake,240.0,1.0,Cat loaf!!,2023-08-02,-680 days
red velvet cake,82.35294,2022-09-13,13,1,cake,12 mini sandwich cakes,120.0,red velvet cake,120.0,3d cake home,240.0,2.0,Red velvet cake mix,2023-08-04,-325 days
chocolate roulade,71.79487,2011-09-20,2,6,desserts,baked cheesecake,150.0,chocolate roulade,105.0,croquembouche,300.0,,Chocolate Truffle Cake,2023-08-05,-4337 days
tiramisu cake,80.0,2014-08-27,5,4,dessert,8 self-saucing puddings,120.0,tiramisu cake,150.0,baked alaska,270.0,,Tiramisu cupcakes,2023-08-05,-3265 days
 chocolate teacakes,71.42857,2012-10-02,3,8,biscuit,48 crackers,120.0, chocolate teacakes,120.0,gingerbread structure,240.0,2.0,PB Chocolate Cheesecake,2023-08-06,-3960 days
chocolate babka,75.86207,2020-10-13,11,4,chocolate,18 chocolate brownies,90.0,chocolate babka,150.0,white chocolate celebration cake,240.0,2.0,Chocolate bath,2023-08-06,-1027 days
red velvet cake,76.47059,2022-09-13,13,1,cake,12 mini sandwich cakes,120.0,red velvet cake,120.0,3d cake home,240.0,2.0,Red velvet cookies!,2023-08-07,-328 days
 ginger biscuits,70.96774,2017-10-31,8,10,final,12 small loaves,180.0, ginger biscuits,150.0,large entremet,300.0,2.0,I made biscuits,2023-08-08,-2107 days
red velvet cake,76.92308,2022-09-13,13,1,cake,12 mini sandwich cakes,120.0,red velvet cake,120.0,3d cake home,240.0,2.0,My first red velvet cake,2023-08-08,-329 days
angel food cake,72.22222,2013-08-20,4,1,cake,sandwich cake,120.0,angel food cake,150.0,chocolate cake,240.0,,Vegan Angel Food Cake,2023-08-09,-3641 days
 miniature pineapple upside-down cakes,82.19178,2020-09-22,11,1,cake,battenberg cake,120.0, miniature pineapple upside-down cakes,90.0,celebrity hero cake bust,240.0,2.0,I made a pineapple upside down cake,2023-08-09,-1051 days
 miniature pineapple upside-down cakes,80.0,2020-09-22,11,1,cake,battenberg cake,120.0, miniature pineapple upside-down cakes,90.0,celebrity hero cake bust,240.0,2.0,First pineapple upside down cake,2023-08-10,-1052 days
 white chocolate and blackberry cheesecakes,75.94936,2023-10-18,14,4,chocolate,chocolate torte,, white chocolate and blackberry cheesecakes,,edible chocolate box cake,,2.0,White Chocolate Raspberry Cheesecake,2023-08-10,69 days
red velvet cake,75.0,2022-09-13,13,1,cake,12 mini sandwich cakes,120.0,red velvet cake,120.0,3d cake home,240.0,2.0,I made a red velvet cake!,2023-08-12,-333 days
hazelnut dacquoise,72.72727,2013-10-08,4,8,alternative ingredients,wheat-free loaf,180.0,hazelnut dacquoise,165.0,dairy-free vegetable cake,240.0,,My first hazelnut daquiose,2023-08-12,-3595 days
tennis cake,72.0,2015-09-16,6,7,victorian,raised game pie,180.0,tennis cake,180.0,charlotte russe,330.0,,Rate this cake,2023-08-13,-2888 days
lemon meringue pie,73.17073,2022-10-11,13,5,desserts,8 steamed puddings,120.0,lemon meringue pie,120.0,hidden surprise mousse dessert,270.0,2.0,Lemon Meringue Cupcakes,2023-08-13,-306 days
lemon meringue pie,81.08108,2022-10-11,13,5,desserts,8 steamed puddings,120.0,lemon meringue pie,120.0,hidden surprise mousse dessert,270.0,2.0,Lemon meringue cake,2023-08-15,-308 days
 chocolate teacakes,73.68421,2012-10-02,3,8,biscuit,48 crackers,120.0, chocolate teacakes,120.0,gingerbread structure,240.0,2.0,chocolate cake 🤎 :),2023-08-15,-3969 days
 baguettes,72.0,2015-08-19,6,3,bread,2 quick breads,90.0, baguettes,150.0,3d bread sculpture,300.0,,French baguette,2023-08-16,-2919 days
 chocolate mini rolls,75.55556,2017-08-29,8,1,cake,fruity cake,120.0, chocolate mini rolls,120.0,illusion cake,240.0,2.0,Chocolate cinnamon rolls,2023-08-18,-2180 days
bakewell tart,74.28571,2016-09-21,7,5,pastry,24 breakfast pastries,210.0,bakewell tart,150.0,48 filo amuse-bouche,240.0,,I made a bakewell tart,2023-08-19,-2523 days
 english muffins,90.32258,2013-08-27,4,2,bread,36 breadsticks,120.0, english muffins,165.0,decorative loaf,240.0,,English muffins,2023-08-20,-3645 days
 white chocolate and blackberry cheesecakes,72.46377,2023-10-18,14,4,chocolate,chocolate torte,, white chocolate and blackberry cheesecakes,,edible chocolate box cake,,2.0,White chocolate cheesecake,2023-08-20,59 days
red velvet cake,81.25,2022-09-13,13,1,cake,12 mini sandwich cakes,120.0,red velvet cake,120.0,3d cake home,240.0,2.0,Red velvet cookie,2023-08-21,-342 days
 chocolate teacakes,71.42857,2012-10-02,3,8,biscuit,48 crackers,120.0, chocolate teacakes,120.0,gingerbread structure,240.0,2.0,Chocolate birthday cake,2023-08-21,-3975 days
 chocolate teacakes,71.79487,2012-10-02,3,8,biscuit,48 crackers,120.0, chocolate teacakes,120.0,gingerbread structure,240.0,2.0,Chocolate loaf cake!,2023-08-22,-3976 days
lemon meringue pie,75.0,2022-10-11,13,5,desserts,8 steamed puddings,120.0,lemon meringue pie,120.0,hidden surprise mousse dessert,270.0,2.0,Bravetart’s lemon meringue pie,2023-08-23,-316 days
 fortune cookies,70.96774,2017-09-05,8,2,biscuit,24 sandwich biscuits,135.0, fortune cookies,120.0,biscuit board games,210.0,2.0,S'mores cookies,2023-08-24,-2179 days
chocolate roulade,74.28571,2011-09-20,2,6,desserts,baked cheesecake,150.0,chocolate roulade,105.0,croquembouche,300.0,,Chocolate Granola ,2023-08-25,-4357 days
focaccia,87.5,2011-08-30,2,3,bread,free form loaf,195.0,focaccia,210.0,12 sweet and 12 savoury rolls,300.0,,Focaccia,2023-08-26,-4379 days
cherry cake,90.90909,2014-08-06,5,1,cake,swiss roll,150.0,cherry cake,120.0,36 classic miniature british cakes,210.0,,Cherry cake,2023-08-29,-3310 days
crème caramel,76.92308,2012-09-04,3,4,desserts,wheat-free torte cake,180.0,crème caramel,165.0,4 layered meringue dessert,,,Creme Caramel,2023-08-30,-4012 days
angel food cake,80.0,2013-08-20,4,1,cake,sandwich cake,120.0,angel food cake,150.0,chocolate cake,240.0,,Angel Food Cake,2023-09-01,-3664 days
 chocolate mini rolls,71.42857,2017-08-29,8,1,cake,fruity cake,120.0, chocolate mini rolls,120.0,illusion cake,240.0,2.0,Chocolate Swiss roll🤎,2023-09-01,-2194 days
 gluten-free pita bread,72.34042,2015-09-02,6,5,alternative ingredients,sugar-free cake,150.0, gluten-free pita bread,120.0,dairy-free ice cream roll,270.0,,Gluten free banana bread,2023-09-04,-2924 days
angel food cake,82.35294,2013-08-20,4,1,cake,sandwich cake,120.0,angel food cake,150.0,chocolate cake,240.0,,Angel food cake pan,2023-09-07,-3670 days
chocolate babka,75.86207,2020-10-13,11,4,chocolate,18 chocolate brownies,90.0,chocolate babka,150.0,white chocolate celebration cake,240.0,2.0,Chocolate Cake,2023-09-08,-1060 days
 jam doughnuts,70.588234,2012-09-25,3,7,sweet dough,24 sweet buns,180.0, jam doughnuts,150.0,celebratory loaf,,,Made some doughnuts!,2023-09-08,-4000 days
 hand-shaped coconut macaroons,75.86207,2020-09-29,11,2,biscuit,36 chocolate florentines,120.0, hand-shaped coconut macaroons,105.0,3d biscuit table setting,240.0,1.0,Made some coconut macaroons!,2023-09-09,-1075 days
 white chocolate and blackberry cheesecakes,72.093025,2023-10-18,14,4,chocolate,chocolate torte,, white chocolate and blackberry cheesecakes,,edible chocolate box cake,,2.0,I made White Chocolate Raspberry Cheesecake,2023-09-10,38 days
focaccia,73.68421,2011-08-30,2,3,bread,free form loaf,195.0,focaccia,210.0,12 sweet and 12 savoury rolls,300.0,,Focaccia ❤️,2023-09-11,-4395 days
 chocolate teacakes,78.78788,2012-10-02,3,8,biscuit,48 crackers,120.0, chocolate teacakes,120.0,gingerbread structure,240.0,2.0,Chocolate cake,2023-09-11,-3996 days
 baguettes,84.210526,2015-08-19,6,3,bread,2 quick breads,90.0, baguettes,150.0,3d bread sculpture,300.0,,Baguettes,2023-09-11,-2945 days
 miniature pineapple upside-down cakes,73.84615,2020-09-22,11,1,cake,battenberg cake,120.0, miniature pineapple upside-down cakes,90.0,celebrity hero cake bust,240.0,2.0,Pineapple upside down cake!,2023-09-12,-1085 days
frasier cake,72.72727,2012-10-09,3,9,pâtisserie,3 types of petits fours,,frasier cake,150.0,choux pastry gâteau,,,first cake,2023-09-12,-3990 days
focaccia,72.72727,2011-08-30,2,3,bread,free form loaf,195.0,focaccia,210.0,12 sweet and 12 savoury rolls,300.0,,First focaccia,2023-09-13,-4397 days
mille-feuille,81.48148,2015-10-07,6,10,final,16 iced buns,180.0,mille-feuille,120.0,classic british cake,240.0,2.0,Mille feuilles,2023-09-13,-2898 days
lemon meringue pie,75.675674,2022-10-11,13,5,desserts,8 steamed puddings,120.0,lemon meringue pie,120.0,hidden surprise mousse dessert,270.0,2.0,Lemon meringue tart,2023-09-14,-338 days
mini pear pies,72.0,2014-09-03,5,5,pies and tarts,custard tart,150.0,mini pear pies,120.0,three-tiered pie,270.0,,Vinegar pie,2023-09-15,-3299 days
 lardy cake slices,70.27027,2023-11-28,14,10,final,8 éclairs,135.0, lardy cake slices,180.0,tiered celebration cake,270.0,2.0,Lardy cake - advice,2023-09-16,73 days
 molten chocolate puddings,72.0,2017-09-26,8,5,pudding,steamed school pudding,180.0, molten chocolate puddings,60.0,ornamental trifle terrine,270.0,1.0,Double chocolate muffins,2023-09-16,-2181 days
 molten chocolate puddings,72.0,2017-09-26,8,5,pudding,steamed school pudding,180.0, molten chocolate puddings,60.0,ornamental trifle terrine,270.0,1.0,Double chocolate muffins,2023-09-16,-2181 days
 chocolate teacakes,75.0,2012-10-02,3,8,biscuit,48 crackers,120.0, chocolate teacakes,120.0,gingerbread structure,240.0,2.0,German chocolate cake,2023-09-17,-4002 days
lemon and thyme drizzle cake,73.91304,2023-10-31,14,6,botanical,12 individual spiced buns,165.0,lemon and thyme drizzle cake,90.0,floral dessert,240.0,,Lemon drizzle cake,2023-09-17,44 days
angel food cake,73.333336,2013-08-20,4,1,cake,sandwich cake,120.0,angel food cake,150.0,chocolate cake,240.0,,angel tear cake,2023-09-17,-3680 days
mille-feuille,84.61539,2015-10-07,6,10,final,16 iced buns,180.0,mille-feuille,120.0,classic british cake,240.0,2.0,Mille feuille,2023-09-17,-2902 days
focaccia,100.0,2011-08-30,2,3,bread,free form loaf,195.0,focaccia,210.0,12 sweet and 12 savoury rolls,300.0,,focaccia,2023-09-18,-4402 days
 ginger biscuits,71.42857,2017-10-31,8,10,final,12 small loaves,180.0, ginger biscuits,150.0,large entremet,300.0,2.0,Dog biscuits,2023-09-18,-2148 days
 chocolate teacakes,75.0,2012-10-02,3,8,biscuit,48 crackers,120.0, chocolate teacakes,120.0,gingerbread structure,240.0,2.0,Chocolate bento cakes,2023-09-20,-4005 days
 chocolate teacakes,73.68421,2012-10-02,3,8,biscuit,48 crackers,120.0, chocolate teacakes,120.0,gingerbread structure,240.0,2.0,Chocolate flan cake,2023-09-20,-4005 days
cornish pasties,78.57143,2010-09-14,1,5,pastry,savoury pie,150.0,cornish pasties,90.0,savory canapés and sweet tartlets,300.0,,Irish Pasties,2023-09-22,-4756 days
cornish pasties,78.57143,2010-09-14,1,5,pastry,savoury pie,150.0,cornish pasties,90.0,savory canapés and sweet tartlets,300.0,,Irish Pasties,2023-09-22,-4756 days
 chocolate teacakes,70.27027,2012-10-02,3,8,biscuit,48 crackers,120.0, chocolate teacakes,120.0,gingerbread structure,240.0,2.0,Sad Chocolate Cake,2023-09-23,-4008 days
 chocolate teacakes,73.17073,2012-10-02,3,8,biscuit,48 crackers,120.0, chocolate teacakes,120.0,gingerbread structure,240.0,2.0,Daim chocolate eclairs,2023-09-24,-4009 days
 chocolate teacakes,78.78788,2012-10-02,3,8,biscuit,48 crackers,120.0, chocolate teacakes,120.0,gingerbread structure,240.0,2.0,Chocolate cake,2023-09-26,-4011 days
lemon meringue pie,89.47369,2022-10-11,13,5,desserts,8 steamed puddings,120.0,lemon meringue pie,120.0,hidden surprise mousse dessert,270.0,2.0,Lemon meringue pie 🥧,2023-09-28,-352 days
 chocolate mini rolls,71.111115,2017-08-29,8,1,cake,fruity cake,120.0, chocolate mini rolls,120.0,illusion cake,240.0,2.0,Chocolate Cinnamon Rolls,2023-09-29,-2222 days
 chocolate teacakes,72.72727,2012-10-02,3,8,biscuit,48 crackers,120.0, chocolate teacakes,120.0,gingerbread structure,240.0,2.0,Made chocolate cheesecake,2023-09-30,-4015 days
 vegan sausage rolls,78.78788,2021-11-09,12,8,free-from,8 dairy-free ice cream sandwiches,180.0, vegan sausage rolls,120.0,gluten-free celebration cake,270.0,2.0,sausage rolls,2023-09-30,-690 days
 sticky toffee puddings,81.818184,2021-10-12,12,4,desserts,pavlova,165.0, sticky toffee puddings,90.0,joconde imprime dessert,270.0,2.0,Sticky Toffee Pudding,2023-10-02,-720 days
 chocolate teacakes,71.42857,2012-10-02,3,8,biscuit,48 crackers,120.0, chocolate teacakes,120.0,gingerbread structure,240.0,2.0,Mint Chocolate Cupcakes,2023-10-03,-4018 days
 chocolate teacakes,75.0,2012-10-02,3,8,biscuit,48 crackers,120.0, chocolate teacakes,120.0,gingerbread structure,240.0,2.0,German chocolate cake,2023-10-04,-4019 days
mini pear pies,72.72727,2014-09-03,5,5,pies and tarts,custard tart,150.0,mini pear pies,120.0,three-tiered pie,270.0,,Bat mini apple pies,2023-10-05,-3319 days
scones,76.92308,2010-08-24,1,2,biscuit,personality biscuits,120.0,scones,60.0,"meringue, choux, and macaron petits fours",240.0,1.0,Scones🥹,2023-10-05,-4790 days
lemon meringue pie,75.675674,2022-10-11,13,5,desserts,8 steamed puddings,120.0,lemon meringue pie,120.0,hidden surprise mousse dessert,270.0,2.0,Lemon meringue loaf,2023-10-08,-362 days
tiramisu cake,72.0,2014-08-27,5,4,dessert,8 self-saucing puddings,120.0,tiramisu cake,150.0,baked alaska,270.0,,Pyramid cake,2023-10-10,-3331 days
 fondant fancies,71.111115,2012-10-16,3,10,final,pithivier,150.0, fondant fancies,150.0,chiffon cake,240.0,2.0,My attempt at fondant fancies,2023-10-11,-4012 days
 chocolate teacakes,78.947365,2012-10-02,3,8,biscuit,48 crackers,120.0, chocolate teacakes,120.0,gingerbread structure,240.0,2.0,Soft chocolate cake,2023-10-11,-4026 days
 pastéis de nata,90.32258,2017-10-03,8,6,pastry,4 shortcrust savoury pies,150.0, pastéis de nata,120.0,family-sized hand-raised pie,240.0,2.0,pasteis de nata,2023-10-13,-2201 days
 miniature pineapple upside-down cakes,70.32967,2020-09-22,11,1,cake,battenberg cake,120.0, miniature pineapple upside-down cakes,90.0,celebrity hero cake bust,240.0,2.0,First time sharing! Mini pineapple upside down cakes!,2023-10-15,-1118 days
 white chocolate and blackberry cheesecakes,72.97298,2023-10-18,14,4,chocolate,chocolate torte,, white chocolate and blackberry cheesecakes,,edible chocolate box cake,,2.0,Nans white chocolate cheesecake,2023-10-17,1 days
 chocolate teacakes,73.17073,2012-10-02,3,8,biscuit,48 crackers,120.0, chocolate teacakes,120.0,gingerbread structure,240.0,2.0,Forest chocolate cake!,2023-10-18,-4033 days
 devonshire splits,78.04878,2023-10-10,14,3,bread,cottage loaf,120.0, devonshire splits,,plaited centrepiece loaf,,2.0,My Devonshire Splits ❤️,2023-10-20,-10 days
lemon meringue pie,94.44444,2022-10-11,13,5,desserts,8 steamed puddings,120.0,lemon meringue pie,120.0,hidden surprise mousse dessert,270.0,2.0,Lemon meringue pie,2023-10-21,-375 days
mini pear pies,70.96774,2014-09-03,5,5,pies and tarts,custard tart,150.0,mini pear pies,120.0,three-tiered pie,270.0,,Mini apple pies 🥧,2023-10-21,-3335 days
 chocolate teacakes,71.42857,2012-10-02,3,8,biscuit,48 crackers,120.0, chocolate teacakes,120.0,gingerbread structure,240.0,2.0,Homemade chocolate cake,2023-10-22,-4037 days
 chocolate teacakes,78.78788,2012-10-02,3,8,biscuit,48 crackers,120.0, chocolate teacakes,120.0,gingerbread structure,240.0,2.0,Chocolate cake,2023-10-22,-4037 days
focaccia,87.5,2011-08-30,2,3,bread,free form loaf,195.0,focaccia,210.0,12 sweet and 12 savoury rolls,300.0,,Focaccia,2023-10-22,-4436 days
angel food cake,80.0,2013-08-20,4,1,cake,sandwich cake,120.0,angel food cake,150.0,chocolate cake,240.0,,Angel food cake fail,2023-10-25,-3718 days
 chocolate teacakes,71.79487,2012-10-02,3,8,biscuit,48 crackers,120.0, chocolate teacakes,120.0,gingerbread structure,240.0,2.0,Chocolate fucge cake,2023-10-25,-4040 days
 chocolate teacakes,71.111115,2012-10-02,3,8,biscuit,48 crackers,120.0, chocolate teacakes,120.0,gingerbread structure,240.0,2.0,Quick chocolate fudge cake,2023-10-25,-4040 days
kougin-amann,80.0,2014-09-17,5,7,pastry,12 savoury parcels,105.0,kougin-amann,210.0,24 éclairs,240.0,,Kouign-amann!,2023-10-26,-3326 days
mini pear pies,70.96774,2014-09-03,5,5,pies and tarts,custard tart,150.0,mini pear pies,120.0,three-tiered pie,270.0,,mini lemon pies !,2023-10-26,-3340 days
chocolate babka,86.666664,2020-10-13,11,4,chocolate,18 chocolate brownies,90.0,chocolate babka,150.0,white chocolate celebration cake,240.0,2.0,Chocolate Babka,2023-10-26,-1108 days
 white chocolate and blackberry cheesecakes,76.92308,2023-10-18,14,4,chocolate,chocolate torte,, white chocolate and blackberry cheesecakes,,edible chocolate box cake,,2.0,White chocolate and strawberry cake,2023-10-27,-9 days
scones,83.333336,2010-08-24,1,2,biscuit,personality biscuits,120.0,scones,60.0,"meringue, choux, and macaron petits fours",240.0,1.0,Scones,2023-10-28,-4813 days
tiramisu cake,80.0,2014-08-27,5,4,dessert,8 self-saucing puddings,120.0,tiramisu cake,150.0,baked alaska,270.0,,Tiramisu Cupcakes,2023-10-28,-3349 days
angel food cake,72.72727,2013-08-20,4,1,cake,sandwich cake,120.0,angel food cake,150.0,chocolate cake,240.0,,Orange-almond cake,2023-10-29,-3722 days
chocolate babka,75.86207,2020-10-13,11,4,chocolate,18 chocolate brownies,90.0,chocolate babka,150.0,white chocolate celebration cake,240.0,2.0,Chocolate Cake,2023-10-29,-1111 days
tiramisu cake,72.72727,2014-08-27,5,4,dessert,8 self-saucing puddings,120.0,tiramisu cake,150.0,baked alaska,270.0,,Tiramisu Cheesecake!,2023-10-29,-3350 days
focaccia,87.5,2011-08-30,2,3,bread,free form loaf,195.0,focaccia,210.0,12 sweet and 12 savoury rolls,300.0,,Focaccia,2023-10-30,-4444 days
tiramisu cake,75.0,2014-08-27,5,4,dessert,8 self-saucing puddings,120.0,tiramisu cake,150.0,baked alaska,270.0,,tiramisu ..,2023-10-30,-3351 days
tarte au citron,86.666664,2011-08-23,2,2,tarts,quiche,120.0,tarte au citron,90.0,24 miniature sweet tarts,,,Tarte au Citron,2023-10-31,-4452 days
pain aux raisins,75.0,2022-09-27,13,3,bread,2 pizzas,120.0,pain aux raisins,165.0,smörgåstårta,270.0,2.0,Pain aux raisins recipe!,2023-11-01,-400 days
red velvet cake,77.77778,2022-09-13,13,1,cake,12 mini sandwich cakes,120.0,red velvet cake,120.0,3d cake home,240.0,2.0,red velvet cookies ..,2023-11-02,-415 days
 chocolate teacakes,72.72727,2012-10-02,3,8,biscuit,48 crackers,120.0, chocolate teacakes,120.0,gingerbread structure,240.0,2.0,Double chocolate cupcakes,2023-11-03,-4049 days
 fondant fancies,75.675674,2012-10-16,3,10,final,pithivier,150.0, fondant fancies,150.0,chiffon cake,240.0,2.0,Lemon Fondant Fancies,2023-11-03,-4035 days
 fondant fancies,83.870964,2012-10-16,3,10,final,pithivier,150.0, fondant fancies,150.0,chiffon cake,240.0,2.0,Fondant Fancies,2023-11-03,-4035 days
chocolate soufflé,70.588234,2015-09-30,6,9,chocolate,chocolate tart,150.0,chocolate soufflé,75.0,chocolate centrepieces,240.0,,Chocolate muffins,2023-11-04,-2957 days
frasier cake,72.0,2012-10-09,3,9,pâtisserie,3 types of petits fours,,frasier cake,150.0,choux pastry gâteau,,,frosting cake,2023-11-06,-4045 days
bakewell tart,84.61539,2016-09-21,7,5,pastry,24 breakfast pastries,210.0,bakewell tart,150.0,48 filo amuse-bouche,240.0,,Bakewell Tart,2023-11-07,-2603 days
cherry cake,71.42857,2014-08-06,5,1,cake,swiss roll,150.0,cherry cake,120.0,36 classic miniature british cakes,210.0,,Cherry cheesecake,2023-11-09,-3382 days
chocolate babka,83.333336,2020-10-13,11,4,chocolate,18 chocolate brownies,90.0,chocolate babka,150.0,white chocolate celebration cake,240.0,2.0,chocolate babka is <3,2023-11-09,-1122 days
the signature chocolate cake with fresh raspberries,70.833336,2023-09-26,14,1,cake,vertical layer cake,,the signature chocolate cake with fresh raspberries,120.0,3d shaped animal cake,240.0,2.0,Chocolate ganache tart with fresh raspberries,2023-11-11,-46 days
 chocolate mini rolls,71.42857,2017-08-29,8,1,cake,fruity cake,120.0, chocolate mini rolls,120.0,illusion cake,240.0,2.0,Chocolate sweet rolls,2023-11-12,-2266 days
 pastéis de nata,72.22222,2017-10-03,8,6,pastry,4 shortcrust savoury pies,150.0, pastéis de nata,120.0,family-sized hand-raised pie,240.0,2.0,GBBO Pastéis De Nata,2023-11-13,-2232 days
 miniature pineapple upside-down cakes,73.84615,2020-09-22,11,1,cake,battenberg cake,120.0, miniature pineapple upside-down cakes,90.0,celebrity hero cake bust,240.0,2.0,Pineapple upside down cake!,2023-11-13,-1147 days
lemon meringue pie,80.0,2022-10-11,13,5,desserts,8 steamed puddings,120.0,lemon meringue pie,120.0,hidden surprise mousse dessert,270.0,2.0,First lemon meringue pie! 🍋,2023-11-14,-399 days
tart aux pommes,96.77419,2023-11-21,14,9,patisserie,24 financiers,120.0,tart aux pommes,150.0,millefoglie,240.0,2.0,tarte aux pommes,2023-11-17,4 days
 english muffins,75.86207,2013-08-27,4,2,bread,36 breadsticks,120.0, english muffins,165.0,decorative loaf,240.0,,dense muffins,2023-11-17,-3734 days
 english muffins,75.86207,2013-08-27,4,2,bread,36 breadsticks,120.0, english muffins,165.0,decorative loaf,240.0,,dense muffins,2023-11-17,-3734 days
red velvet cake,100.0,2022-09-13,13,1,cake,12 mini sandwich cakes,120.0,red velvet cake,120.0,3d cake home,240.0,2.0,red velvet cake,2023-11-17,-430 days
 chocolate teacakes,76.92308,2012-10-02,3,8,biscuit,48 crackers,120.0, chocolate teacakes,120.0,gingerbread structure,240.0,2.0,chocolate fudge cake,2023-11-18,-4064 days
 molten chocolate puddings,72.0,2017-09-26,8,5,pudding,steamed school pudding,180.0, molten chocolate puddings,60.0,ornamental trifle terrine,270.0,1.0,double chocolate muffins,2023-11-18,-2244 days
 chocolate teacakes,72.72727,2012-10-02,3,8,biscuit,48 crackers,120.0, chocolate teacakes,120.0,gingerbread structure,240.0,2.0,Tasty chocolate pancake 🤤,2023-11-24,-4070 days
 chocolate teacakes,78.78788,2012-10-02,3,8,biscuit,48 crackers,120.0, chocolate teacakes,120.0,gingerbread structure,240.0,2.0,Chocolate cake,2023-11-24,-4070 days
tiramisu cake,73.333336,2014-08-27,5,4,dessert,8 self-saucing puddings,120.0,tiramisu cake,150.0,baked alaska,270.0,,Tiramisu cookies!,2023-11-25,-3377 days
charlotte royale,73.333336,2013-10-15,4,9,french week,36 canapés,150.0,charlotte royale,150.0,opera cake,150.0,2.0,Charlotte cake,2023-11-25,-3693 days
red velvet cake,80.0,2022-09-13,13,1,cake,12 mini sandwich cakes,120.0,red velvet cake,120.0,3d cake home,240.0,2.0,Red Velvet Cake,2023-11-25,-438 days
lemon meringue pie,70.27027,2022-10-11,13,5,desserts,8 steamed puddings,120.0,lemon meringue pie,120.0,hidden surprise mousse dessert,270.0,2.0,Lemon Meringue Tart,2023-11-25,-410 days
 chocolate teacakes,75.0,2012-10-02,3,8,biscuit,48 crackers,120.0, chocolate teacakes,120.0,gingerbread structure,240.0,2.0,chocolate banana cake,2023-11-25,-4071 days
 ciabattas,77.77778,2014-08-20,5,3,bread,12 rye bread rolls,210.0, ciabattas,180.0,filled centrepiece loaf,240.0,2.0,Ciabatta,2023-11-27,-3386 days
 ciabattas,77.77778,2014-08-20,5,3,bread,12 rye bread rolls,210.0, ciabattas,180.0,filled centrepiece loaf,240.0,2.0,Ciabatta,2023-11-27,-3386 days
 gluten-free pita bread,73.91304,2015-09-02,6,5,alternative ingredients,sugar-free cake,150.0, gluten-free pita bread,120.0,dairy-free ice cream roll,270.0,,gluten-free pizza dough,2023-11-27,-3008 days
lemon meringue pie,73.91304,2022-10-11,13,5,desserts,8 steamed puddings,120.0,lemon meringue pie,120.0,hidden surprise mousse dessert,270.0,2.0,Lemon cranberry meringue pie,2023-11-27,-412 days
 chocolate teacakes,78.78788,2012-10-02,3,8,biscuit,48 crackers,120.0, chocolate teacakes,120.0,gingerbread structure,240.0,2.0,Chocolate cake,2023-11-28,-4074 days
 chocolate teacakes,78.947365,2012-10-02,3,8,biscuit,48 crackers,120.0, chocolate teacakes,120.0,gingerbread structure,240.0,2.0,Mini chocolate cake,2023-12-01,-4077 days
 chocolate teacakes,84.84849,2012-10-02,3,8,biscuit,48 crackers,120.0, chocolate teacakes,120.0,gingerbread structure,240.0,2.0,chocolate cake,2023-12-02,-4078 days
tiramisu cake,75.0,2014-08-27,5,4,dessert,8 self-saucing puddings,120.0,tiramisu cake,150.0,baked alaska,270.0,,Tiramisu Cheesecake,2023-12-03,-3385 days
 fortune cookies,70.96774,2017-09-05,8,2,biscuit,24 sandwich biscuits,135.0, fortune cookies,120.0,biscuit board games,210.0,2.0,Crinkle cookies,2023-12-04,-2281 days
chocolate soufflé,72.22222,2015-09-30,6,9,chocolate,chocolate tart,150.0,chocolate soufflé,75.0,chocolate centrepieces,240.0,,chocolate muffins..,2023-12-05,-2988 days
lemon meringue pie,85.71429,2022-10-11,13,5,desserts,8 steamed puddings,120.0,lemon meringue pie,120.0,hidden surprise mousse dessert,270.0,2.0,Sad lemon meringue pie 🥲,2023-12-07,-422 days
chocolate babka,78.947365,2020-10-13,11,4,chocolate,18 chocolate brownies,90.0,chocolate babka,150.0,white chocolate celebration cake,240.0,2.0,Pumpkin chocolate babka,2023-12-08,-1151 days
 english muffins,71.42857,2013-08-27,4,2,bread,36 breadsticks,120.0, english muffins,165.0,decorative loaf,240.0,,Made some English Muffins!,2023-12-08,-3755 days
chocolate roulade,71.79487,2011-09-20,2,6,desserts,baked cheesecake,150.0,chocolate roulade,105.0,croquembouche,300.0,,Chocolate Truffle Cake,2023-12-09,-4463 days
 fortune cookies,75.0,2017-09-05,8,2,biscuit,24 sandwich biscuits,135.0, fortune cookies,120.0,biscuit board games,210.0,2.0,Favorite cookies,2023-12-11,-2288 days
bakewell tart,84.61539,2016-09-21,7,5,pastry,24 breakfast pastries,210.0,bakewell tart,150.0,48 filo amuse-bouche,240.0,,Bakewell Tart,2023-12-12,-2638 days
tart aux pommes,77.41936,2023-11-21,14,9,patisserie,24 financiers,120.0,tart aux pommes,150.0,millefoglie,240.0,2.0,Tarte Aux Pommes,2023-12-12,-21 days
red velvet cake,75.0,2022-09-13,13,1,cake,12 mini sandwich cakes,120.0,red velvet cake,120.0,3d cake home,240.0,2.0,Homemade red velvet cake!,2023-12-15,-458 days
 chocolate teacakes,71.42857,2012-10-02,3,8,biscuit,48 crackers,120.0, chocolate teacakes,120.0,gingerbread structure,240.0,2.0,cherry chocolate cake!!,2023-12-15,-4091 days
 vegan sausage rolls,71.111115,2021-11-09,12,8,free-from,8 dairy-free ice cream sandwiches,180.0, vegan sausage rolls,120.0,gluten-free celebration cake,270.0,2.0,Traditional sausage rolls,2023-12-15,-766 days
chocolate babka,93.333336,2020-10-13,11,4,chocolate,18 chocolate brownies,90.0,chocolate babka,150.0,white chocolate celebration cake,240.0,2.0,Chocolate babka,2023-12-15,-1158 days
chocolate babka,93.333336,2020-10-13,11,4,chocolate,18 chocolate brownies,90.0,chocolate babka,150.0,white chocolate celebration cake,240.0,2.0,Chocolate babka,2023-12-15,-1158 days
focaccia,87.5,2011-08-30,2,3,bread,free form loaf,195.0,focaccia,210.0,12 sweet and 12 savoury rolls,300.0,,Focaccia,2023-12-16,-4491 days
 florentines,83.333336,2014-08-13,5,2,biscuit,36 savoury biscuits,120.0, florentines,105.0,3d biscuit scene,240.0,,Florentines!,2023-12-17,-3413 days
cherry cake,76.92308,2014-08-06,5,1,cake,swiss roll,150.0,cherry cake,120.0,36 classic miniature british cakes,210.0,,Blackberry cake,2023-12-18,-3421 days
 chocolate teacakes,71.111115,2012-10-02,3,8,biscuit,48 crackers,120.0, chocolate teacakes,120.0,gingerbread structure,240.0,2.0,moist chocolate cheesecake,2023-12-19,-4095 days
red velvet cake,71.42857,2022-09-13,13,1,cake,12 mini sandwich cakes,120.0,red velvet cake,120.0,3d cake home,240.0,2.0,Red velvet UK,2023-12-20,-463 days
 miniature pineapple upside-down cakes,74.35897,2020-09-22,11,1,cake,battenberg cake,120.0, miniature pineapple upside-down cakes,90.0,celebrity hero cake bust,240.0,2.0,Can I freeze pineapple upside down cake?,2023-12-24,-1188 days
 fortune cookies,70.96774,2017-09-05,8,2,biscuit,24 sandwich biscuits,135.0, fortune cookies,120.0,biscuit board games,210.0,2.0,S’mores cookies,2023-12-24,-2301 days
 ginger biscuits,70.96774,2017-10-31,8,10,final,12 small loaves,180.0, ginger biscuits,150.0,large entremet,300.0,2.0,German biscuits,2023-12-24,-2245 days
 vegan sausage rolls,72.34042,2021-11-09,12,8,free-from,8 dairy-free ice cream sandwiches,180.0, vegan sausage rolls,120.0,gluten-free celebration cake,270.0,2.0,First ever sausage rolls!!!,2023-12-25,-776 days
red velvet cake,72.22222,2022-09-13,13,1,cake,12 mini sandwich cakes,120.0,red velvet cake,120.0,3d cake home,240.0,2.0,Red Velvet Cheesecake,2023-12-26,-469 days
 white chocolate and blackberry cheesecakes,72.97298,2023-10-18,14,4,chocolate,chocolate torte,, white chocolate and blackberry cheesecakes,,edible chocolate box cake,,2.0,White chocolate and berry tarte,2023-12-26,-69 days
 chocolate teacakes,78.78788,2012-10-02,3,8,biscuit,48 crackers,120.0, chocolate teacakes,120.0,gingerbread structure,240.0,2.0,Chocolate cake,2023-12-26,-4102 days
chocolate babka,78.57143,2020-10-13,11,4,chocolate,18 chocolate brownies,90.0,chocolate babka,150.0,white chocolate celebration cake,240.0,2.0,chocolate bow,2023-12-27,-1170 days
chocolate roulade,70.27027,2011-09-20,2,6,desserts,baked cheesecake,150.0,chocolate roulade,105.0,croquembouche,300.0,,3 chocolate Yule log,2023-12-29,-4483 days
 ciabattas,73.68421,2014-08-20,5,3,bread,12 rye bread rolls,210.0, ciabattas,180.0,filled centrepiece loaf,240.0,2.0,Ciabatta!,2023-12-29,-3418 days
 chocolate teacakes,71.42857,2012-10-02,3,8,biscuit,48 crackers,120.0, chocolate teacakes,120.0,gingerbread structure,240.0,2.0,chocolate coconut cake!,2023-12-30,-4106 days
large baklava,74.07407,2021-10-26,12,6,pastry,chouxnuts,,large baklava,165.0,terrine pie,270.0,3.0,I made baklava,2023-12-30,-795 days
red velvet cake,80.0,2022-09-13,13,1,cake,12 mini sandwich cakes,120.0,red velvet cake,120.0,3d cake home,240.0,2.0,Red Velvet Cake,2023-12-31,-474 days
 sticky toffee puddings,88.888885,2021-10-12,12,4,desserts,pavlova,165.0, sticky toffee puddings,90.0,joconde imprime dessert,270.0,2.0,Sticky toffee pudding!,2024-01-01,-811 days
caterpiller cake,78.78788,2023-11-14,14,8,party,12 sausage rolls,150.0,caterpiller cake,150.0,anything but beige buffet,270.0,2.0,Caterpillar Cake!,2024-01-01,-48 days
matcha crepe cake,72.22222,2020-10-27,11,6,japanese,8 steamed buns,150.0,matcha crepe cake,120.0,kawaii cake,240.0,,matcha oreo cookies,2024-01-02,-1162 days
 religieuses,75.0,2013-10-01,4,7,pastry,suet pudding,180.0, religieuses,120.0,36 sweet puffed pastries,240.0,2.0,Tiramisu religieuses,2024-01-02,-3745 days
lemon meringue pie,91.89189,2022-10-11,13,5,desserts,8 steamed puddings,120.0,lemon meringue pie,120.0,hidden surprise mousse dessert,270.0,2.0,Lemon meringue pie!,2024-01-02,-448 days
chocolate babka,86.666664,2020-10-13,11,4,chocolate,18 chocolate brownies,90.0,chocolate babka,150.0,white chocolate celebration cake,240.0,2.0,Chocolate Babka,2024-01-02,-1176 days
tarte au citron,75.0,2011-08-23,2,2,tarts,quiche,120.0,tarte au citron,90.0,24 miniature sweet tarts,,,Husband's tarte au citron,2024-01-02,-4515 days
lemon meringue pie,81.08108,2022-10-11,13,5,desserts,8 steamed puddings,120.0,lemon meringue pie,120.0,hidden surprise mousse dessert,270.0,2.0,Lemon meringue cake,2024-01-03,-449 days
 baguettes,73.68421,2015-08-19,6,3,bread,2 quick breads,90.0, baguettes,150.0,3d bread sculpture,300.0,,Baguette!,2024-01-04,-3060 days
 chocolate teacakes,78.78788,2012-10-02,3,8,biscuit,48 crackers,120.0, chocolate teacakes,120.0,gingerbread structure,240.0,2.0,Chocolate cake,2024-01-04,-4111 days
tennis cake,76.190475,2015-09-16,6,7,victorian,raised game pie,180.0,tennis cake,180.0,charlotte russe,330.0,,Dense cake,2024-01-05,-3033 days
 fortune cookies,73.333336,2017-09-05,8,2,biscuit,24 sandwich biscuits,135.0, fortune cookies,120.0,biscuit board games,210.0,2.0,More cookies!!,2024-01-05,-2313 days
 sticky toffee puddings,92.0,2021-10-12,12,4,desserts,pavlova,165.0, sticky toffee puddings,90.0,joconde imprime dessert,270.0,2.0,Mini sticky toffee puddings,2024-01-06,-816 days
angel food cake,93.333336,2013-08-20,4,1,cake,sandwich cake,120.0,angel food cake,150.0,chocolate cake,240.0,,Angel food cake,2024-01-07,-3792 days
focaccia,82.35294,2011-08-30,2,3,bread,free form loaf,195.0,focaccia,210.0,12 sweet and 12 savoury rolls,300.0,,Focaccia ,2024-01-08,-4514 days
red velvet cake,73.17073,2022-09-13,13,1,cake,12 mini sandwich cakes,120.0,red velvet cake,120.0,3d cake home,240.0,2.0,Here is my red velvet cake,2024-01-14,-488 days
chocolate babka,93.333336,2020-10-13,11,4,chocolate,18 chocolate brownies,90.0,chocolate babka,150.0,white chocolate celebration cake,240.0,2.0,Chocolate babka,2024-01-14,-1188 days
focaccia,73.68421,2011-08-30,2,3,bread,free form loaf,195.0,focaccia,210.0,12 sweet and 12 savoury rolls,300.0,,Focaccia #2,2024-01-14,-4520 days
 chocolate teacakes,71.42857,2012-10-02,3,8,biscuit,48 crackers,120.0, chocolate teacakes,120.0,gingerbread structure,240.0,2.0,A chocolate cake I made,2024-01-14,-4121 days
chocolate babka,87.5,2020-10-13,11,4,chocolate,18 chocolate brownies,90.0,chocolate babka,150.0,white chocolate celebration cake,240.0,2.0,Chocolate babka 😋,2024-01-15,-1189 days
 molten chocolate puddings,72.0,2017-09-26,8,5,pudding,steamed school pudding,180.0, molten chocolate puddings,60.0,ornamental trifle terrine,270.0,1.0,Double chocolate muffins,2024-01-18,-2305 days
 chocolate teacakes,72.72727,2012-10-02,3,8,biscuit,48 crackers,120.0, chocolate teacakes,120.0,gingerbread structure,240.0,2.0,Chocolate recs,2024-01-20,-4127 days
 hand-shaped coconut macaroons,72.34042,2020-09-29,11,2,biscuit,36 chocolate florentines,120.0, hand-shaped coconut macaroons,105.0,3d biscuit table setting,240.0,1.0,coconut macaroons,2024-01-20,-1208 days
chocolate roulade,74.28571,2011-09-20,2,6,desserts,baked cheesecake,150.0,chocolate roulade,105.0,croquembouche,300.0,,Chocolate rum cake,2024-01-21,-4506 days
 chocolate teacakes,71.79487,2012-10-02,3,8,biscuit,48 crackers,120.0, chocolate teacakes,120.0,gingerbread structure,240.0,2.0,Chocolate Cheesecake,2024-01-21,-4128 days
 chocolate teacakes,73.68421,2012-10-02,3,8,biscuit,48 crackers,120.0, chocolate teacakes,120.0,gingerbread structure,240.0,2.0,Chocolate mint cake,2024-01-21,-4128 days
 sticky toffee puddings,81.63265,2021-10-12,12,4,desserts,pavlova,165.0, sticky toffee puddings,90.0,joconde imprime dessert,270.0,2.0,Sticky toffee pudding cake,2024-01-22,-832 days
chocolate babka,77.77778,2020-10-13,11,4,chocolate,18 chocolate brownies,90.0,chocolate babka,150.0,white chocolate celebration cake,240.0,2.0,Chocolate babka Buns!,2024-01-22,-1196 days
 fortune cookies,70.96774,2017-09-05,8,2,biscuit,24 sandwich biscuits,135.0, fortune cookies,120.0,biscuit board games,210.0,2.0,Brownie cookies,2024-01-22,-2330 days
 chocolate mini rolls,70.588234,2017-08-29,8,1,cake,fruity cake,120.0, chocolate mini rolls,120.0,illusion cake,240.0,2.0,chocolate glaze cinnamon rolls,2024-01-24,-2339 days
chocolate babka,75.86207,2020-10-13,11,4,chocolate,18 chocolate brownies,90.0,chocolate babka,150.0,white chocolate celebration cake,240.0,2.0,Chocolate Cake,2024-01-26,-1200 days
matcha crepe cake,74.28571,2020-10-27,11,6,japanese,8 steamed buns,150.0,matcha crepe cake,120.0,kawaii cake,240.0,,matcha mousse cake,2024-01-27,-1187 days
 chocolate teacakes,73.17073,2012-10-02,3,8,biscuit,48 crackers,120.0, chocolate teacakes,120.0,gingerbread structure,240.0,2.0,Matilda chocolate cake,2024-01-28,-4135 days
 miniature pineapple upside-down cakes,73.52941,2020-09-22,11,1,cake,battenberg cake,120.0, miniature pineapple upside-down cakes,90.0,celebrity hero cake bust,240.0,2.0,Caramel apple upside down cake,2024-01-28,-1223 days
sachertorte,78.26087,2011-10-04,2,8,final,12 mille-feuille,150.0,sachertorte,160.0,3 types of petits fours,240.0,,Sacher Torte,2024-01-28,-4499 days
lemon meringue pie,75.55556,2022-10-11,13,5,desserts,8 steamed puddings,120.0,lemon meringue pie,120.0,hidden surprise mousse dessert,270.0,2.0,Lemon meringue/key lime pie,2024-01-28,-474 days
 chocolate teacakes,71.42857,2012-10-02,3,8,biscuit,48 crackers,120.0, chocolate teacakes,120.0,gingerbread structure,240.0,2.0,Chocolate birthday cake,2024-01-28,-4135 days
 chocolate teacakes,70.27027,2012-10-02,3,8,biscuit,48 crackers,120.0, chocolate teacakes,120.0,gingerbread structure,240.0,2.0,Chocolate mug cake,2024-01-29,-4136 days
 molten chocolate puddings,77.55102,2017-09-26,8,5,pudding,steamed school pudding,180.0, molten chocolate puddings,60.0,ornamental trifle terrine,270.0,1.0,Burnt chocolate pudding,2024-01-30,-2317 days
pistachio and praline ice cream,72.72727,2022-10-25,13,7,custard,floating islands,90.0,pistachio and praline ice cream,165.0,custard gâteau,240.0,2.0,Pistachio praline recipe,2024-01-31,-463 days
red velvet cake,93.333336,2022-09-13,13,1,cake,12 mini sandwich cakes,120.0,red velvet cake,120.0,3d cake home,240.0,2.0,Red velvet cake,2024-02-01,-506 days
 gluten-free pita bread,75.0,2015-09-02,6,5,alternative ingredients,sugar-free cake,150.0, gluten-free pita bread,120.0,dairy-free ice cream roll,270.0,,Gluten free bread,2024-02-01,-3074 days
 fortune cookies,70.96774,2017-09-05,8,2,biscuit,24 sandwich biscuits,135.0, fortune cookies,120.0,biscuit board games,210.0,2.0,more cookies !!,2024-02-03,-2342 days
 chocolate teacakes,76.92308,2012-10-02,3,8,biscuit,48 crackers,120.0, chocolate teacakes,120.0,gingerbread structure,240.0,2.0,Bento chocolate cake,2024-02-04,-4142 days
 chocolate mini rolls,72.22222,2017-08-29,8,1,cake,fruity cake,120.0, chocolate mini rolls,120.0,illusion cake,240.0,2.0,chocolate moist,2024-02-04,-2350 days
chocolate babka,75.0,2020-10-13,11,4,chocolate,18 chocolate brownies,90.0,chocolate babka,150.0,white chocolate celebration cake,240.0,2.0,Raspberry chocolate babka,2024-02-04,-1209 days
red velvet cake,75.0,2022-09-13,13,1,cake,12 mini sandwich cakes,120.0,red velvet cake,120.0,3d cake home,240.0,2.0,My first red velvet cake!,2024-02-04,-509 days
lemon meringue pie,81.08108,2022-10-11,13,5,desserts,8 steamed puddings,120.0,lemon meringue pie,120.0,hidden surprise mousse dessert,270.0,2.0,Lemon meringue cake,2024-02-04,-481 days
lemon meringue pie,81.08108,2022-10-11,13,5,desserts,8 steamed puddings,120.0,lemon meringue pie,120.0,hidden surprise mousse dessert,270.0,2.0,Lemon meringue cake,2024-02-04,-481 days
 sticky toffee puddings,81.818184,2021-10-12,12,4,desserts,pavlova,165.0, sticky toffee puddings,90.0,joconde imprime dessert,270.0,2.0,Sticky Toffee Pudding,2024-02-05,-846 days
 miniature pineapple upside-down cakes,78.37838,2020-09-22,11,1,cake,battenberg cake,120.0, miniature pineapple upside-down cakes,90.0,celebrity hero cake bust,240.0,2.0,My first pineapple upside down cake.,2024-02-05,-1231 days
red velvet cake,75.0,2022-09-13,13,1,cake,12 mini sandwich cakes,120.0,red velvet cake,120.0,3d cake home,240.0,2.0,My first red velvet cake!,2024-02-05,-510 days
 egg custard tarts,70.96774,2013-09-10,4,4,pies and tarts,double crust fruit pie,120.0, egg custard tarts,120.0,filo pie,240.0,,Custard Tarts,2024-02-06,-3801 days
 chocolate teacakes,75.0,2012-10-02,3,8,biscuit,48 crackers,120.0, chocolate teacakes,120.0,gingerbread structure,240.0,2.0,German chocolate cake,2024-02-06,-4144 days
red velvet cake,76.92308,2022-09-13,13,1,cake,12 mini sandwich cakes,120.0,red velvet cake,120.0,3d cake home,240.0,2.0,I made a red velvet cake,2024-02-06,-511 days
tiramisu cake,75.0,2014-08-27,5,4,dessert,8 self-saucing puddings,120.0,tiramisu cake,150.0,baked alaska,270.0,,Tiramisu Cheesecake,2024-02-07,-3451 days
scones,83.333336,2010-08-24,1,2,biscuit,personality biscuits,120.0,scones,60.0,"meringue, choux, and macaron petits fours",240.0,1.0,Scones,2024-02-07,-4915 days
 miniature pineapple upside-down cakes,75.0,2020-09-22,11,1,cake,battenberg cake,120.0, miniature pineapple upside-down cakes,90.0,celebrity hero cake bust,240.0,2.0,Pineapple upside down cake,2024-02-08,-1234 days
red velvet cake,82.35294,2022-09-13,13,1,cake,12 mini sandwich cakes,120.0,red velvet cake,120.0,3d cake home,240.0,2.0,Red velvet Cupcakes,2024-02-10,-515 days
red velvet cake,72.0,2022-09-13,13,1,cake,12 mini sandwich cakes,120.0,red velvet cake,120.0,3d cake home,240.0,2.0,Red velvet,2024-02-13,-518 days
chocolate soufflé,80.95238,2015-09-30,6,9,chocolate,chocolate tart,150.0,chocolate soufflé,75.0,chocolate centrepieces,240.0,,I made chocolate soufflés,2024-02-13,-3058 days
 baguettes,75.0,2015-08-19,6,3,bread,2 quick breads,90.0, baguettes,150.0,3d bread sculpture,300.0,,Petit baguette,2024-02-14,-3101 days
 chocolate teacakes,71.79487,2012-10-02,3,8,biscuit,48 crackers,120.0, chocolate teacakes,120.0,gingerbread structure,240.0,2.0,Chocolate fudge cake,2024-02-14,-4152 days
red velvet cake,82.35294,2022-09-13,13,1,cake,12 mini sandwich cakes,120.0,red velvet cake,120.0,3d cake home,240.0,2.0,Red velvet cupcakes,2024-02-15,-520 days
red velvet cake,82.35294,2022-09-13,13,1,cake,12 mini sandwich cakes,120.0,red velvet cake,120.0,3d cake home,240.0,2.0,Red velvet cupcakes,2024-02-16,-521 days
chocolate soufflé,82.35294,2015-09-30,6,9,chocolate,chocolate tart,150.0,chocolate soufflé,75.0,chocolate centrepieces,240.0,,Chocolate Souffle,2024-02-17,-3062 days
mini pear pies,75.86207,2014-09-03,5,5,pies and tarts,custard tart,150.0,mini pear pies,120.0,three-tiered pie,270.0,,Mini apple pies,2024-02-18,-3455 days
lemon meringue pie,94.44444,2022-10-11,13,5,desserts,8 steamed puddings,120.0,lemon meringue pie,120.0,hidden surprise mousse dessert,270.0,2.0,Lemon meringue pie,2024-02-18,-495 days
lemon meringue pie,81.25,2022-10-11,13,5,desserts,8 steamed puddings,120.0,lemon meringue pie,120.0,hidden surprise mousse dessert,270.0,2.0,Lemon meringue,2024-02-19,-496 days
 miniature pineapple upside-down cakes,73.84615,2020-09-22,11,1,cake,battenberg cake,120.0, miniature pineapple upside-down cakes,90.0,celebrity hero cake bust,240.0,2.0,Pineapple upside down cake.,2024-02-19,-1245 days
tiramisu cake,72.22222,2014-08-27,5,4,dessert,8 self-saucing puddings,120.0,tiramisu cake,150.0,baked alaska,270.0,,tiramisu cake I made ..,2024-02-22,-3466 days
 florentines,86.95652,2014-08-13,5,2,biscuit,36 savoury biscuits,120.0, florentines,105.0,3d biscuit scene,240.0,,Florentines,2024-02-24,-3482 days
 rum babas,77.77778,2012-08-14,3,1,cake,upside down cake,120.0, rum babas,180.0,hidden design cake,300.0,,Rum baba,2024-02-25,-4212 days
 rum babas,77.77778,2012-08-14,3,1,cake,upside down cake,120.0, rum babas,180.0,hidden design cake,300.0,,Rum baba,2024-02-25,-4212 days
 sticky toffee puddings,77.77778,2021-10-12,12,4,desserts,pavlova,165.0, sticky toffee puddings,90.0,joconde imprime dessert,270.0,2.0,sticky toffee pudding/date cake,2024-02-26,-867 days
focaccia,87.5,2011-08-30,2,3,bread,free form loaf,195.0,focaccia,210.0,12 sweet and 12 savoury rolls,300.0,,Focaccia,2024-02-26,-4563 days
red velvet cake,90.32258,2022-09-13,13,1,cake,12 mini sandwich cakes,120.0,red velvet cake,120.0,3d cake home,240.0,2.0,Red velvet cake ,2024-02-26,-531 days
 chocolate teacakes,75.0,2012-10-02,3,8,biscuit,48 crackers,120.0, chocolate teacakes,120.0,gingerbread structure,240.0,2.0,Double chocolate cake,2024-02-26,-4164 days
 fortune cookies,70.96774,2017-09-05,8,2,biscuit,24 sandwich biscuits,135.0, fortune cookies,120.0,biscuit board games,210.0,2.0,turtle cookies!,2024-02-27,-2366 days
 chocolate teacakes,71.42857,2012-10-02,3,8,biscuit,48 crackers,120.0, chocolate teacakes,120.0,gingerbread structure,240.0,2.0,Guinness chocolate cake,2024-02-28,-4166 days
lemon meringue pie,81.818184,2022-10-11,13,5,desserts,8 steamed puddings,120.0,lemon meringue pie,120.0,hidden surprise mousse dessert,270.0,2.0,A happy lemon meringue pie,2024-03-01,-507 days
 chocolate teacakes,71.111115,2012-10-02,3,8,biscuit,48 crackers,120.0, chocolate teacakes,120.0,gingerbread structure,240.0,2.0,Oreo chocolate cheesecake ,2024-03-01,-4168 days
 fortune cookies,70.96774,2017-09-05,8,2,biscuit,24 sandwich biscuits,135.0, fortune cookies,120.0,biscuit board games,210.0,2.0,s’mores cookies,2024-03-02,-2370 days
lemon meringue pie,83.72093,2022-10-11,13,5,desserts,8 steamed puddings,120.0,lemon meringue pie,120.0,hidden surprise mousse dessert,270.0,2.0,First lemon meringue pie!,2024-03-02,-508 days
chocolate babka,71.79487,2020-10-13,11,4,chocolate,18 chocolate brownies,90.0,chocolate babka,150.0,white chocolate celebration cake,240.0,2.0,Chocolate espresso babka,2024-03-02,-1236 days
cherry cake,100.0,2014-08-06,5,1,cake,swiss roll,150.0,cherry cake,120.0,36 classic miniature british cakes,210.0,,cherry cake,2024-03-03,-3497 days
 chocolate teacakes,78.947365,2012-10-02,3,8,biscuit,48 crackers,120.0, chocolate teacakes,120.0,gingerbread structure,240.0,2.0,Made chocolate cake,2024-03-03,-4170 days
scones,76.92308,2010-08-24,1,2,biscuit,personality biscuits,120.0,scones,60.0,"meringue, choux, and macaron petits fours",240.0,1.0,Scones!,2024-03-03,-4940 days
lemon meringue pie,75.675674,2022-10-11,13,5,desserts,8 steamed puddings,120.0,lemon meringue pie,120.0,hidden surprise mousse dessert,270.0,2.0,Lemon Meringue Cake,2024-03-04,-510 days
 jam doughnuts,75.86207,2012-09-25,3,7,sweet dough,24 sweet buns,180.0, jam doughnuts,150.0,celebratory loaf,,,Cake doughnuts ,2024-03-05,-4179 days
lemon meringue pie,80.0,2022-10-11,13,5,desserts,8 steamed puddings,120.0,lemon meringue pie,120.0,hidden surprise mousse dessert,270.0,2.0,Lemon meringue cookies,2024-03-06,-512 days
 chocolate teacakes,71.42857,2012-10-02,3,8,biscuit,48 crackers,120.0, chocolate teacakes,120.0,gingerbread structure,240.0,2.0,White chocolate recipes,2024-03-09,-4176 days
 chocolate teacakes,78.78788,2012-10-02,3,8,biscuit,48 crackers,120.0, chocolate teacakes,120.0,gingerbread structure,240.0,2.0,Chocolate cake,2024-03-10,-4177 days
cherry cake,72.0,2014-08-06,5,1,cake,swiss roll,150.0,cherry cake,120.0,36 classic miniature british cakes,210.0,,Cranberry cake,2024-03-11,-3505 days
 chocolate teacakes,72.72727,2012-10-02,3,8,biscuit,48 crackers,120.0, chocolate teacakes,120.0,gingerbread structure,240.0,2.0,Dark chocolate lemon cake,2024-03-14,-4181 days
mille-feuille,75.0,2015-10-07,6,10,final,16 iced buns,180.0,mille-feuille,120.0,classic british cake,240.0,2.0,Lemon Mille-Feuille,2024-03-16,-3083 days
red velvet cake,87.5,2022-09-13,13,1,cake,12 mini sandwich cakes,120.0,red velvet cake,120.0,3d cake home,240.0,2.0,Green velvet cake,2024-03-16,-550 days
 vegan sausage rolls,70.588234,2021-11-09,12,8,free-from,8 dairy-free ice cream sandwiches,180.0, vegan sausage rolls,120.0,gluten-free celebration cake,270.0,2.0,First time making sausage rolls,2024-03-18,-860 days
 baguettes,73.68421,2015-08-19,6,3,bread,2 quick breads,90.0, baguettes,150.0,3d bread sculpture,300.0,,Baguette!,2024-03-18,-3134 days
chocolate babka,84.61539,2020-10-13,11,4,chocolate,18 chocolate brownies,90.0,chocolate babka,150.0,white chocolate celebration cake,240.0,2.0,choco babka,2024-03-19,-1253 days
scones,76.92308,2010-08-24,1,2,biscuit,personality biscuits,120.0,scones,60.0,"meringue, choux, and macaron petits fours",240.0,1.0,Scones!,2024-03-19,-4956 days
lemon meringue pie,94.44444,2022-10-11,13,5,desserts,8 steamed puddings,120.0,lemon meringue pie,120.0,hidden surprise mousse dessert,270.0,2.0,Lemon meringue pie,2024-03-19,-525 days
 chocolate mini rolls,80.0,2017-08-29,8,1,cake,fruity cake,120.0, chocolate mini rolls,120.0,illusion cake,240.0,2.0,My chocolate rolls🤗,2024-03-21,-2396 days
 chocolate teacakes,71.79487,2012-10-02,3,8,biscuit,48 crackers,120.0, chocolate teacakes,120.0,gingerbread structure,240.0,2.0,Chocolate Lava Cakes,2024-03-21,-4188 days
 fortune cookies,73.333336,2017-09-05,8,2,biscuit,24 sandwich biscuits,135.0, fortune cookies,120.0,biscuit board games,210.0,2.0,S’more cookies,2024-03-23,-2391 days
red velvet cake,78.78788,2022-09-13,13,1,cake,12 mini sandwich cakes,120.0,red velvet cake,120.0,3d cake home,240.0,2.0,Red velvet cookies,2024-03-23,-557 days
chocolate babka,75.0,2020-10-13,11,4,chocolate,18 chocolate brownies,90.0,chocolate babka,150.0,white chocolate celebration cake,240.0,2.0,chocolate babka attempt 2,2024-03-23,-1257 days
crème caramel,84.61539,2012-09-04,3,4,desserts,wheat-free torte cake,180.0,crème caramel,165.0,4 layered meringue dessert,,,Creme caramel,2024-03-26,-4221 days
focaccia,72.72727,2011-08-30,2,3,bread,free form loaf,195.0,focaccia,210.0,12 sweet and 12 savoury rolls,300.0,,First focaccia,2024-03-26,-4592 days
 chocolate teacakes,75.0,2012-10-02,3,8,biscuit,48 crackers,120.0, chocolate teacakes,120.0,gingerbread structure,240.0,2.0,I made chocolate cake,2024-03-27,-4194 days
red velvet cake,72.22222,2022-09-13,13,1,cake,12 mini sandwich cakes,120.0,red velvet cake,120.0,3d cake home,240.0,2.0,Purple velvet cookies,2024-03-28,-562 days
 stroopwafels,88.0,2017-09-19,8,4,caramel,18 millionaire shortbreads,135.0, stroopwafels,105.0,caramel cake,210.0,2.0,Stroopwafels,2024-03-30,-2384 days
frasier cake,75.0,2012-10-09,3,9,pâtisserie,3 types of petits fours,,frasier cake,150.0,choux pastry gâteau,,,Easter cakes,2024-03-30,-4190 days
lemon meringue pie,100.0,2022-10-11,13,5,desserts,8 steamed puddings,120.0,lemon meringue pie,120.0,hidden surprise mousse dessert,270.0,2.0,lemon meringue pie,2024-03-30,-536 days
chocolate babka,75.0,2020-10-13,11,4,chocolate,18 chocolate brownies,90.0,chocolate babka,150.0,white chocolate celebration cake,240.0,2.0,I made a chocolate babka!,2024-03-31,-1265 days
 fortune cookies,72.72727,2017-09-05,8,2,biscuit,24 sandwich biscuits,135.0, fortune cookies,120.0,biscuit board games,210.0,2.0,air fryer cookies,2024-03-31,-2399 days
frasier cake,72.0,2012-10-09,3,9,pâtisserie,3 types of petits fours,,frasier cake,150.0,choux pastry gâteau,,,Easter cake 💕,2024-03-31,-4191 days
 baguettes,80.0,2015-08-19,6,3,bread,2 quick breads,90.0, baguettes,150.0,3d bread sculpture,300.0,,Baguettes!,2024-03-31,-3147 days
chocolate babka,75.86207,2020-10-13,11,4,chocolate,18 chocolate brownies,90.0,chocolate babka,150.0,white chocolate celebration cake,240.0,2.0,Chocolate Cake,2024-03-31,-1265 days
frasier cake,78.26087,2012-10-09,3,9,pâtisserie,3 types of petits fours,,frasier cake,150.0,choux pastry gâteau,,,Easter cake,2024-03-31,-4191 days
tiramisu cake,74.07407,2014-08-27,5,4,dessert,8 self-saucing puddings,120.0,tiramisu cake,150.0,baked alaska,270.0,,Tiramisu cream,2024-03-31,-3504 days
frasier cake,75.0,2012-10-09,3,9,pâtisserie,3 types of petits fours,,frasier cake,150.0,choux pastry gâteau,,,Easter cake ,2024-04-02,-4193 days
 angel cake slices,70.27027,2019-08-27,10,1,cake,fruit cake,150.0, angel cake slices,105.0,birthday cake,240.0,3.0,Canned apple slices,2024-04-02,-1680 days
 english muffins,90.32258,2013-08-27,4,2,bread,36 breadsticks,120.0, english muffins,165.0,decorative loaf,240.0,,English muffins,2024-04-02,-3871 days
chocolate babka,86.666664,2020-10-13,11,4,chocolate,18 chocolate brownies,90.0,chocolate babka,150.0,white chocolate celebration cake,240.0,2.0,Chocolate Babka,2024-04-03,-1268 days
chocolate babka,86.666664,2020-10-13,11,4,chocolate,18 chocolate brownies,90.0,chocolate babka,150.0,white chocolate celebration cake,240.0,2.0,Chocolate Babka,2024-04-03,-1268 days
chocolate babka,93.333336,2020-10-13,11,4,chocolate,18 chocolate brownies,90.0,chocolate babka,150.0,white chocolate celebration cake,240.0,2.0,Chocolate babka,2024-04-04,-1269 days
chocolate babka,78.947365,2020-10-13,11,4,chocolate,18 chocolate brownies,90.0,chocolate babka,150.0,white chocolate celebration cake,240.0,2.0,Pumpkin-chocolate babka,2024-04-04,-1269 days
lemon meringue pie,76.59574,2022-10-11,13,5,desserts,8 steamed puddings,120.0,lemon meringue pie,120.0,hidden surprise mousse dessert,270.0,2.0,Freezing lemon meringue pie? ,2024-04-06,-543 days
red velvet cake,93.333336,2022-09-13,13,1,cake,12 mini sandwich cakes,120.0,red velvet cake,120.0,3d cake home,240.0,2.0,Red velvet cake,2024-04-06,-571 days
red velvet cake,70.588234,2022-09-13,13,1,cake,12 mini sandwich cakes,120.0,red velvet cake,120.0,3d cake home,240.0,2.0,Red velvet Crinkles,2024-04-07,-572 days
focaccia,77.77778,2011-08-30,2,3,bread,free form loaf,195.0,focaccia,210.0,12 sweet and 12 savoury rolls,300.0,,Focaccia 🫒,2024-04-07,-4604 days
chocolate babka,75.86207,2020-10-13,11,4,chocolate,18 chocolate brownies,90.0,chocolate babka,150.0,white chocolate celebration cake,240.0,2.0,Chocolate Cake,2024-04-08,-1273 days
frasier cake,78.26087,2012-10-09,3,9,pâtisserie,3 types of petits fours,,frasier cake,150.0,choux pastry gâteau,,,Easter cake,2024-04-09,-4200 days
lemon meringue pie,85.71429,2022-10-11,13,5,desserts,8 steamed puddings,120.0,lemon meringue pie,120.0,hidden surprise mousse dessert,270.0,2.0,First lemon meringue pie,2024-04-09,-546 days
 chocolate teacakes,73.68421,2012-10-02,3,8,biscuit,48 crackers,120.0, chocolate teacakes,120.0,gingerbread structure,240.0,2.0,Chocolate Cupcakes!,2024-04-09,-4207 days
angel food cake,72.0,2013-08-20,4,1,cake,sandwich cake,120.0,angel food cake,150.0,chocolate cake,240.0,,mango cake,2024-04-10,-3886 days
 english muffins,83.870964,2013-08-27,4,2,bread,36 breadsticks,120.0, english muffins,165.0,decorative loaf,240.0,,English Muffins,2024-04-10,-3879 days
tart aux pommes,70.27027,2023-11-21,14,9,patisserie,24 financiers,120.0,tart aux pommes,150.0,millefoglie,240.0,2.0,Tarte Tatin Aux Pommes,2024-04-11,-142 days
tiramisu cake,84.61539,2014-08-27,5,4,dessert,8 self-saucing puddings,120.0,tiramisu cake,150.0,baked alaska,270.0,,Tiramisu Cake,2024-04-11,-3515 days
kougin-amann,72.0,2014-09-17,5,7,pastry,12 savoury parcels,105.0,kougin-amann,210.0,24 éclairs,240.0,,Kouign-Amann!,2024-04-12,-3495 days
chocolate babka,83.333336,2020-10-13,11,4,chocolate,18 chocolate brownies,90.0,chocolate babka,150.0,white chocolate celebration cake,240.0,2.0,Vegan chocolate babka,2024-04-12,-1277 days
angel food cake,74.28571,2013-08-20,4,1,cake,sandwich cake,120.0,angel food cake,150.0,chocolate cake,240.0,,Angel Food cake help,2024-04-14,-3890 days
lemon meringue pie,81.818184,2022-10-11,13,5,desserts,8 steamed puddings,120.0,lemon meringue pie,120.0,hidden surprise mousse dessert,270.0,2.0,lemon meringue pie fail :(,2024-04-14,-551 days
lemon meringue pie,75.0,2022-10-11,13,5,desserts,8 steamed puddings,120.0,lemon meringue pie,120.0,hidden surprise mousse dessert,270.0,2.0,Lemon Meringue Cookies,2024-04-14,-551 days
tiramisu cake,72.72727,2014-08-27,5,4,dessert,8 self-saucing puddings,120.0,tiramisu cake,150.0,baked alaska,270.0,,Tiramisue,2024-04-14,-3518 days
 chocolate teacakes,72.22222,2012-10-02,3,8,biscuit,48 crackers,120.0, chocolate teacakes,120.0,gingerbread structure,240.0,2.0,Chocolate Cupcake,2024-04-15,-4213 days
lemon meringue pie,87.17949,2022-10-11,13,5,desserts,8 steamed puddings,120.0,lemon meringue pie,120.0,hidden surprise mousse dessert,270.0,2.0,2 Lemon meringue pies,2024-04-16,-553 days
lemon meringue pie,92.30769,2022-10-11,13,5,desserts,8 steamed puddings,120.0,lemon meringue pie,120.0,hidden surprise mousse dessert,270.0,2.0,2 lemon meringue pies,2024-04-16,-553 days
 egg custard tarts,71.42857,2013-09-10,4,4,pies and tarts,double crust fruit pie,120.0, egg custard tarts,120.0,filo pie,240.0,,Miso toffee custard tart,2024-04-16,-3871 days
 white chocolate and blackberry cheesecakes,72.093025,2023-10-18,14,4,chocolate,chocolate torte,, white chocolate and blackberry cheesecakes,,edible chocolate box cake,,2.0,White Chocolate Raspberry-Swirl cheesecake ,2024-04-16,-181 days
 chocolate teacakes,78.78788,2012-10-02,3,8,biscuit,48 crackers,120.0, chocolate teacakes,120.0,gingerbread structure,240.0,2.0,Chocolate cake,2024-04-17,-4215 days
focaccia,87.5,2011-08-30,2,3,bread,free form loaf,195.0,focaccia,210.0,12 sweet and 12 savoury rolls,300.0,,Focaccia,2024-04-17,-4614 days
tiramisu cake,75.0,2014-08-27,5,4,dessert,8 self-saucing puddings,120.0,tiramisu cake,150.0,baked alaska,270.0,,Tiramisu cheesecake,2024-04-17,-3521 days
 sticky toffee puddings,71.42857,2021-10-12,12,4,desserts,pavlova,165.0, sticky toffee puddings,90.0,joconde imprime dessert,270.0,2.0,Sticky toffee pudding! SOOO good!,2024-04-17,-918 days
 miniature pineapple upside-down cakes,70.27027,2020-09-22,11,1,cake,battenberg cake,120.0, miniature pineapple upside-down cakes,90.0,celebrity hero cake bust,240.0,2.0,Made my first pineapple upside cake.,2024-04-18,-1304 days
 chocolate teacakes,72.72727,2012-10-02,3,8,biscuit,48 crackers,120.0, chocolate teacakes,120.0,gingerbread structure,240.0,2.0,Chocolate Macs,2024-04-18,-4216 days
red velvet cake,74.28571,2022-09-13,13,1,cake,12 mini sandwich cakes,120.0,red velvet cake,120.0,3d cake home,240.0,2.0,Red Velvet Cupcakes!,2024-04-19,-584 days
red velvet cake,78.78788,2022-09-13,13,1,cake,12 mini sandwich cakes,120.0,red velvet cake,120.0,3d cake home,240.0,2.0,Red velvet cookies,2024-04-19,-584 days
 chocolate teacakes,78.78788,2012-10-02,3,8,biscuit,48 crackers,120.0, chocolate teacakes,120.0,gingerbread structure,240.0,2.0,Chocolate cake,2024-04-20,-4218 days
 sticky toffee puddings,78.43137,2021-10-12,12,4,desserts,pavlova,165.0, sticky toffee puddings,90.0,joconde imprime dessert,270.0,2.0,Sticky toffee pudding recipe,2024-04-21,-922 days
red velvet cake,93.333336,2022-09-13,13,1,cake,12 mini sandwich cakes,120.0,red velvet cake,120.0,3d cake home,240.0,2.0,Red velvet cake,2024-04-25,-590 days
 chocolate teacakes,73.68421,2012-10-02,3,8,biscuit,48 crackers,120.0, chocolate teacakes,120.0,gingerbread structure,240.0,2.0,Chocolate Cupcakes!,2024-04-26,-4224 days
 miniature pineapple upside-down cakes,71.604935,2020-09-22,11,1,cake,battenberg cake,120.0, miniature pineapple upside-down cakes,90.0,celebrity hero cake bust,240.0,2.0,Claire Saffitz’s pineapple upside down cake,2024-04-28,-1314 days
focaccia,77.77778,2011-08-30,2,3,bread,free form loaf,195.0,focaccia,210.0,12 sweet and 12 savoury rolls,300.0,,Focaccia! ,2024-04-29,-4626 days
lemon meringue pie,79.06977,2022-10-11,13,5,desserts,8 steamed puddings,120.0,lemon meringue pie,120.0,hidden surprise mousse dessert,270.0,2.0,Lemon meringue pie for 15,2024-05-02,-569 days
tiramisu cake,72.72727,2014-08-27,5,4,dessert,8 self-saucing puddings,120.0,tiramisu cake,150.0,baked alaska,270.0,,Tiramisu crepe cake!,2024-05-02,-3536 days
lemon meringue pie,70.27027,2022-10-11,13,5,desserts,8 steamed puddings,120.0,lemon meringue pie,120.0,hidden surprise mousse dessert,270.0,2.0,Lemon Meringue Tart,2024-05-03,-570 days
 miniature pineapple upside-down cakes,78.125,2020-09-22,11,1,cake,battenberg cake,120.0, miniature pineapple upside-down cakes,90.0,celebrity hero cake bust,240.0,2.0,Pineapple upside-down cake,2024-05-03,-1319 days
 miniature pineapple upside-down cakes,78.125,2020-09-22,11,1,cake,battenberg cake,120.0, miniature pineapple upside-down cakes,90.0,celebrity hero cake bust,240.0,2.0,Pineapple upside-down cake,2024-05-03,-1319 days
 miniature pineapple upside-down cakes,78.37838,2020-09-22,11,1,cake,battenberg cake,120.0, miniature pineapple upside-down cakes,90.0,celebrity hero cake bust,240.0,2.0,My first pineapple upside down cake!,2024-05-05,-1321 days
red velvet cake,70.96774,2022-09-13,13,1,cake,12 mini sandwich cakes,120.0,red velvet cake,120.0,3d cake home,240.0,2.0,Mini red velvet ,2024-05-07,-602 days
focaccia,87.5,2011-08-30,2,3,bread,free form loaf,195.0,focaccia,210.0,12 sweet and 12 savoury rolls,300.0,,Focaccia,2024-05-09,-4636 days
focaccia,87.5,2011-08-30,2,3,bread,free form loaf,195.0,focaccia,210.0,12 sweet and 12 savoury rolls,300.0,,Focaccia,2024-05-10,-4637 days
cherry cake,81.818184,2014-08-06,5,1,cake,swiss roll,150.0,cherry cake,120.0,36 classic miniature british cakes,210.0,,Sacher cake,2024-05-11,-3566 days
 chocolate teacakes,71.79487,2012-10-02,3,8,biscuit,48 crackers,120.0, chocolate teacakes,120.0,gingerbread structure,240.0,2.0,Chocolate fudge cake,2024-05-11,-4239 days
frasier cake,75.0,2012-10-09,3,9,pâtisserie,3 types of petits fours,,frasier cake,150.0,choux pastry gâteau,,,Easter cake!,2024-05-12,-4233 days
angel food cake,93.333336,2013-08-20,4,1,cake,sandwich cake,120.0,angel food cake,150.0,chocolate cake,240.0,,Angel food cake,2024-05-12,-3918 days
 white chocolate and blackberry cheesecakes,79.012344,2023-10-18,14,4,chocolate,chocolate torte,, white chocolate and blackberry cheesecakes,,edible chocolate box cake,,2.0,White chocolate raspberry cheesecake 🩷,2024-05-13,-208 days
chocolate babka,83.333336,2020-10-13,11,4,chocolate,18 chocolate brownies,90.0,chocolate babka,150.0,white chocolate celebration cake,240.0,2.0,Some chocolate babka😍,2024-05-14,-1309 days
red velvet cake,77.41936,2022-09-13,13,1,cake,12 mini sandwich cakes,120.0,red velvet cake,120.0,3d cake home,240.0,2.0,Red Velvet Cake?,2024-05-14,-609 days
chocolate babka,72.22222,2020-10-13,11,4,chocolate,18 chocolate brownies,90.0,chocolate babka,150.0,white chocolate celebration cake,240.0,2.0,50 Chocolate Babkas 🤤,2024-05-15,-1310 days
 chocolate teacakes,75.675674,2012-10-02,3,8,biscuit,48 crackers,120.0, chocolate teacakes,120.0,gingerbread structure,240.0,2.0,Chocolate cupcakes,2024-05-15,-4243 days
the signature chocolate cake with fresh raspberries,72.916664,2023-09-26,14,1,cake,vertical layer cake,,the signature chocolate cake with fresh raspberries,120.0,3d shaped animal cake,240.0,2.0,w20: chocolate cake with coffee & raspberries,2024-05-16,-233 days
 miniature pineapple upside-down cakes,75.0,2020-09-22,11,1,cake,battenberg cake,120.0, miniature pineapple upside-down cakes,90.0,celebrity hero cake bust,240.0,2.0,Pineapple upside down cake,2024-05-17,-1333 days
 miniature pineapple upside-down cakes,73.84615,2020-09-22,11,1,cake,battenberg cake,120.0, miniature pineapple upside-down cakes,90.0,celebrity hero cake bust,240.0,2.0,Pineapple upside down cake!,2024-05-17,-1333 days
 miniature pineapple upside-down cakes,70.32967,2020-09-22,11,1,cake,battenberg cake,120.0, miniature pineapple upside-down cakes,90.0,celebrity hero cake bust,240.0,2.0,Gluten-free mini pineapple upside down cakes and loaf,2024-05-18,-1334 days
tiramisu cake,76.47059,2014-08-27,5,4,dessert,8 self-saucing puddings,120.0,tiramisu cake,150.0,baked alaska,270.0,,Lemon tiramisu cake!!,2024-05-18,-3552 days
chocolate roulade,75.0,2011-09-20,2,6,desserts,baked cheesecake,150.0,chocolate roulade,105.0,croquembouche,300.0,,Chocolate fudge,2024-05-18,-4624 days
frasier cake,75.0,2012-10-09,3,9,pâtisserie,3 types of petits fours,,frasier cake,150.0,choux pastry gâteau,,,Painter cake,2024-05-19,-4240 days
 chocolate teacakes,78.78788,2012-10-02,3,8,biscuit,48 crackers,120.0, chocolate teacakes,120.0,gingerbread structure,240.0,2.0,Chocolate cake,2024-05-22,-4250 days
chocolate babka,75.86207,2020-10-13,11,4,chocolate,18 chocolate brownies,90.0,chocolate babka,150.0,white chocolate celebration cake,240.0,2.0,Chocolate cajk,2024-05-24,-1319 days
 fortune cookies,71.42857,2017-09-05,8,2,biscuit,24 sandwich biscuits,135.0, fortune cookies,120.0,biscuit board games,210.0,2.0,Oreo cookies,2024-05-26,-2455 days
 chocolate teacakes,84.84849,2012-10-02,3,8,biscuit,48 crackers,120.0, chocolate teacakes,120.0,gingerbread structure,240.0,2.0,chocolate cake,2024-05-26,-4254 days
 chocolate teacakes,70.27027,2012-10-02,3,8,biscuit,48 crackers,120.0, chocolate teacakes,120.0,gingerbread structure,240.0,2.0,Chocolate cupcake ,2024-05-28,-4256 days
large baklava,71.42857,2021-10-26,12,6,pastry,chouxnuts,,large baklava,165.0,terrine pie,270.0,3.0,Pistage Baklava,2024-05-28,-945 days
focaccia,87.5,2011-08-30,2,3,bread,free form loaf,195.0,focaccia,210.0,12 sweet and 12 savoury rolls,300.0,,Focaccia,2024-05-28,-4655 days
tiramisu cake,71.42857,2014-08-27,5,4,dessert,8 self-saucing puddings,120.0,tiramisu cake,150.0,baked alaska,270.0,,Tiramisu update,2024-05-29,-3563 days
 chocolate teacakes,76.92308,2012-10-02,3,8,biscuit,48 crackers,120.0, chocolate teacakes,120.0,gingerbread structure,240.0,2.0,Mini chocolate cake ,2024-05-29,-4257 days
bakewell tart,84.61539,2016-09-21,7,5,pastry,24 breakfast pastries,210.0,bakewell tart,150.0,48 filo amuse-bouche,240.0,,Bakewell Tart,2024-05-31,-2809 days
focaccia,70.588234,2011-08-30,2,3,bread,free form loaf,195.0,focaccia,210.0,12 sweet and 12 savoury rolls,300.0,,Foccacia ,2024-05-31,-4658 days
focaccia,82.35294,2011-08-30,2,3,bread,free form loaf,195.0,focaccia,210.0,12 sweet and 12 savoury rolls,300.0,,Focaccia ,2024-06-01,-4659 days
chocolate roulade,75.0,2011-09-20,2,6,desserts,baked cheesecake,150.0,chocolate roulade,105.0,croquembouche,300.0,,Chocolate molds,2024-06-03,-4640 days
 white chocolate and blackberry cheesecakes,75.94936,2023-10-18,14,4,chocolate,chocolate torte,, white chocolate and blackberry cheesecakes,,edible chocolate box cake,,2.0,White Chocolate Raspberry Cheesecake,2024-06-04,-230 days
 chocolate teacakes,71.79487,2012-10-02,3,8,biscuit,48 crackers,120.0, chocolate teacakes,120.0,gingerbread structure,240.0,2.0,Chocolate cheesecake,2024-06-05,-4264 days
focaccia,82.35294,2011-08-30,2,3,bread,free form loaf,195.0,focaccia,210.0,12 sweet and 12 savoury rolls,300.0,,Focaccia ,2024-06-05,-4663 days
focaccia,87.5,2011-08-30,2,3,bread,free form loaf,195.0,focaccia,210.0,12 sweet and 12 savoury rolls,300.0,,Focaccia,2024-06-07,-4665 days
lemon meringue pie,83.333336,2022-10-11,13,5,desserts,8 steamed puddings,120.0,lemon meringue pie,120.0,hidden surprise mousse dessert,270.0,2.0,Lemon Meringue Pie,2024-06-07,-605 days
bakewell tart,92.30769,2016-09-21,7,5,pastry,24 breakfast pastries,210.0,bakewell tart,150.0,48 filo amuse-bouche,240.0,,Bakewell tart,2024-06-10,-2819 days
angel food cake,93.333336,2013-08-20,4,1,cake,sandwich cake,120.0,angel food cake,150.0,chocolate cake,240.0,,Angel food cake,2024-06-10,-3947 days
angel food cake,80.0,2013-08-20,4,1,cake,sandwich cake,120.0,angel food cake,150.0,chocolate cake,240.0,,Angel Food Cake,2024-06-10,-3947 days
cornish pasties,77.41936,2010-09-14,1,5,pastry,savoury pie,150.0,cornish pasties,90.0,savory canapés and sweet tartlets,300.0,,danish pastries ,2024-06-11,-5019 days
 fortune cookies,70.96774,2017-09-05,8,2,biscuit,24 sandwich biscuits,135.0, fortune cookies,120.0,biscuit board games,210.0,2.0,S’mores cookies,2024-06-11,-2471 days
angel food cake,81.08108,2013-08-20,4,1,cake,sandwich cake,120.0,angel food cake,150.0,chocolate cake,240.0,,Mini angel food cakes ,2024-06-11,-3948 days
focaccia,100.0,2011-08-30,2,3,bread,free form loaf,195.0,focaccia,210.0,12 sweet and 12 savoury rolls,300.0,,focaccia,2024-06-12,-4670 days
 english muffins,86.666664,2013-08-27,4,2,bread,36 breadsticks,120.0, english muffins,165.0,decorative loaf,240.0,,English muffin,2024-06-12,-3942 days
 chocolate teacakes,75.0,2012-10-02,3,8,biscuit,48 crackers,120.0, chocolate teacakes,120.0,gingerbread structure,240.0,2.0,Triple chocolate cake,2024-06-13,-4272 days
matcha crepe cake,74.28571,2020-10-27,11,6,japanese,8 steamed buns,150.0,matcha crepe cake,120.0,kawaii cake,240.0,,Matcha sponge cake,2024-06-14,-1326 days
lemon meringue pie,89.47369,2022-10-11,13,5,desserts,8 steamed puddings,120.0,lemon meringue pie,120.0,hidden surprise mousse dessert,270.0,2.0,Lemon meringue pie 🍋,2024-06-14,-612 days
 chocolate teacakes,76.190475,2012-10-02,3,8,biscuit,48 crackers,120.0, chocolate teacakes,120.0,gingerbread structure,240.0,2.0,Mini chocolate cupcakes,2024-06-14,-4273 days
 chocolate teacakes,76.92308,2012-10-02,3,8,biscuit,48 crackers,120.0, chocolate teacakes,120.0,gingerbread structure,240.0,2.0,Candy chocolate cake,2024-06-14,-4273 days
 fortune cookies,70.96774,2017-09-05,8,2,biscuit,24 sandwich biscuits,135.0, fortune cookies,120.0,biscuit board games,210.0,2.0,Smores cookies ,2024-06-14,-2474 days
 miniature pineapple upside-down cakes,72.289154,2020-09-22,11,1,cake,battenberg cake,120.0, miniature pineapple upside-down cakes,90.0,celebrity hero cake bust,240.0,2.0,First time making pineapple upside down cake.,2024-06-16,-1363 days
cherry cake,72.0,2014-08-06,5,1,cake,swiss roll,150.0,cherry cake,120.0,36 classic miniature british cakes,210.0,,Blueberry cake,2024-06-16,-3602 days
 chocolate teacakes,76.47059,2012-10-02,3,8,biscuit,48 crackers,120.0, chocolate teacakes,120.0,gingerbread structure,240.0,2.0,Chocolate cake ,2024-06-17,-4276 days
scones,71.42857,2010-08-24,1,2,biscuit,personality biscuits,120.0,scones,60.0,"meringue, choux, and macaron petits fours",240.0,1.0,Scones! ,2024-06-17,-5046 days
 white chocolate and blackberry cheesecakes,80.0,2023-10-18,14,4,chocolate,chocolate torte,, white chocolate and blackberry cheesecakes,,edible chocolate box cake,,2.0,Dark chocolate blackberry cheesecake ,2024-06-17,-243 days
 garibaldi biscuits,70.588234,2022-09-20,13,2,biscuit,18 decorative macarons,120.0, garibaldi biscuits,105.0,3d biscuit mask,240.0,1.0,almond biscuits,2024-06-17,-636 days
 chocolate teacakes,71.42857,2012-10-02,3,8,biscuit,48 crackers,120.0, chocolate teacakes,120.0,gingerbread structure,240.0,2.0,Chocolate Birthday cake,2024-06-17,-4276 days
lemon meringue pie,89.47369,2022-10-11,13,5,desserts,8 steamed puddings,120.0,lemon meringue pie,120.0,hidden surprise mousse dessert,270.0,2.0,Lemon meringue pie 🍋,2024-06-17,-615 days
 chocolate teacakes,71.79487,2012-10-02,3,8,biscuit,48 crackers,120.0, chocolate teacakes,120.0,gingerbread structure,240.0,2.0,Chocolate cheesecake,2024-06-18,-4277 days
chocolate roulade,72.72727,2011-09-20,2,6,desserts,baked cheesecake,150.0,chocolate roulade,105.0,croquembouche,300.0,,Chocolate Mousse,2024-06-18,-4655 days
angel food cake,77.41936,2013-08-20,4,1,cake,sandwich cake,120.0,angel food cake,150.0,chocolate cake,240.0,,Devil food cake!,2024-06-20,-3957 days
 white chocolate and blackberry cheesecakes,70.731705,2023-10-18,14,4,chocolate,chocolate torte,, white chocolate and blackberry cheesecakes,,edible chocolate box cake,,2.0,My sweet Chocolate Raspberry Cheesecake,2024-06-21,-247 days
chocolate babka,75.86207,2020-10-13,11,4,chocolate,18 chocolate brownies,90.0,chocolate babka,150.0,white chocolate celebration cake,240.0,2.0,Chocolate Cake,2024-06-21,-1347 days
 chocolate teacakes,75.0,2012-10-02,3,8,biscuit,48 crackers,120.0, chocolate teacakes,120.0,gingerbread structure,240.0,2.0,Hot chocolate cookies,2024-06-21,-4280 days
lemon meringue pie,87.17949,2022-10-11,13,5,desserts,8 steamed puddings,120.0,lemon meringue pie,120.0,hidden surprise mousse dessert,270.0,2.0,Lemon meringue pie :),2024-06-21,-619 days
 white chocolate and blackberry cheesecakes,74.07407,2023-10-18,14,4,chocolate,chocolate torte,, white chocolate and blackberry cheesecakes,,edible chocolate box cake,,2.0,ACOTAR chocolate and blackberries cake,2024-06-22,-248 days
 chocolate teacakes,76.47059,2012-10-02,3,8,biscuit,48 crackers,120.0, chocolate teacakes,120.0,gingerbread structure,240.0,2.0,Chocolate cake ,2024-06-23,-4282 days
chocolate roulade,72.22222,2011-09-20,2,6,desserts,baked cheesecake,150.0,chocolate roulade,105.0,croquembouche,300.0,,Chocolate Torsades ,2024-06-23,-4660 days
chocolate babka,71.79487,2020-10-13,11,4,chocolate,18 chocolate brownies,90.0,chocolate babka,150.0,white chocolate celebration cake,240.0,2.0,Chocolate hazelnut babka,2024-06-23,-1349 days
red velvet cake,84.84849,2022-09-13,13,1,cake,12 mini sandwich cakes,120.0,red velvet cake,120.0,3d cake home,240.0,2.0,red velvet cookies,2024-06-25,-651 days
 chocolate teacakes,75.675674,2012-10-02,3,8,biscuit,48 crackers,120.0, chocolate teacakes,120.0,gingerbread structure,240.0,2.0,Chocolate Cupcakes,2024-06-28,-4287 days
chocolate roulade,81.25,2011-09-20,2,6,desserts,baked cheesecake,150.0,chocolate roulade,105.0,croquembouche,300.0,,Chocolate mould,2024-06-28,-4665 days
chocolate babka,93.333336,2020-10-13,11,4,chocolate,18 chocolate brownies,90.0,chocolate babka,150.0,white chocolate celebration cake,240.0,2.0,chocolate Babka,2024-06-29,-1355 days
 pastéis de nata,73.333336,2017-10-03,8,6,pastry,4 shortcrust savoury pies,150.0, pastéis de nata,120.0,family-sized hand-raised pie,240.0,2.0,Pastel de nata,2024-06-29,-2461 days
cherry cake,72.0,2014-08-06,5,1,cake,swiss roll,150.0,cherry cake,120.0,36 classic miniature british cakes,210.0,,Blueberry cake,2024-06-30,-3616 days
cherry cake,72.0,2014-08-06,5,1,cake,swiss roll,150.0,cherry cake,120.0,36 classic miniature british cakes,210.0,,Blueberry cake,2024-06-30,-3616 days
tiramisu cake,85.71429,2014-08-27,5,4,dessert,8 self-saucing puddings,120.0,tiramisu cake,150.0,baked alaska,270.0,,tiramisù cake ☕,2024-06-30,-3595 days
red velvet cake,72.0,2022-09-13,13,1,cake,12 mini sandwich cakes,120.0,red velvet cake,120.0,3d cake home,240.0,2.0,Red velvet,2024-07-01,-657 days
 chocolate teacakes,71.79487,2012-10-02,3,8,biscuit,48 crackers,120.0, chocolate teacakes,120.0,gingerbread structure,240.0,2.0,Chocolate Cheesecake,2024-07-01,-4290 days
red velvet cake,87.5,2022-09-13,13,1,cake,12 mini sandwich cakes,120.0,red velvet cake,120.0,3d cake home,240.0,2.0,Red velvet cake 🍰,2024-07-02,-658 days
cherry cake,72.72727,2014-08-06,5,1,cake,swiss roll,150.0,cherry cake,120.0,36 classic miniature british cakes,210.0,,Sacher Cake,2024-07-02,-3618 days
red velvet cake,82.35294,2022-09-13,13,1,cake,12 mini sandwich cakes,120.0,red velvet cake,120.0,3d cake home,240.0,2.0,Red velvet cupcakes,2024-07-02,-658 days
 chocolate teacakes,71.111115,2012-10-02,3,8,biscuit,48 crackers,120.0, chocolate teacakes,120.0,gingerbread structure,240.0,2.0,Dark chocolate cookie cake,2024-07-03,-4292 days
 chocolate teacakes,71.111115,2012-10-02,3,8,biscuit,48 crackers,120.0, chocolate teacakes,120.0,gingerbread structure,240.0,2.0,Dark chocolate cookie cake,2024-07-04,-4293 days
 english muffins,87.5,2013-08-27,4,2,bread,36 breadsticks,120.0, english muffins,165.0,decorative loaf,240.0,,English muffins!,2024-07-06,-3966 days
chocolate soufflé,82.35294,2015-09-30,6,9,chocolate,chocolate tart,150.0,chocolate soufflé,75.0,chocolate centrepieces,240.0,,Chocolate Souffle,2024-07-06,-3202 days
red velvet cake,80.0,2022-09-13,13,1,cake,12 mini sandwich cakes,120.0,red velvet cake,120.0,3d cake home,240.0,2.0,Red Velvet Cake,2024-07-08,-664 days
 chocolate teacakes,72.34042,2012-10-02,3,8,biscuit,48 crackers,120.0, chocolate teacakes,120.0,gingerbread structure,240.0,2.0,My chocolate cherry cupcakes,2024-07-09,-4298 days
 chocolate teacakes,76.47059,2012-10-02,3,8,biscuit,48 crackers,120.0, chocolate teacakes,120.0,gingerbread structure,240.0,2.0,Chocolate cake ,2024-07-10,-4299 days
 white chocolate and blackberry cheesecakes,70.588234,2023-10-18,14,4,chocolate,chocolate torte,, white chocolate and blackberry cheesecakes,,edible chocolate box cake,,2.0,White chocolate passion fruit cheesecake 💛,2024-07-13,-269 days
red velvet cake,75.0,2022-09-13,13,1,cake,12 mini sandwich cakes,120.0,red velvet cake,120.0,3d cake home,240.0,2.0,My first red velvet cake!,2024-07-13,-669 days
tiramisu cake,72.72727,2014-08-27,5,4,dessert,8 self-saucing puddings,120.0,tiramisu cake,150.0,baked alaska,270.0,,Tiramisu sponge cake,2024-07-14,-3609 days
tiramisu cake,85.71429,2014-08-27,5,4,dessert,8 self-saucing puddings,120.0,tiramisu cake,150.0,baked alaska,270.0,,tiramisù cake ☕,2024-07-14,-3609 days
 chocolate teacakes,73.17073,2012-10-02,3,8,biscuit,48 crackers,120.0, chocolate teacakes,120.0,gingerbread structure,240.0,2.0,Chocolate striped cake,2024-07-15,-4304 days
 florentines,70.96774,2014-08-13,5,2,biscuit,36 savoury biscuits,120.0, florentines,105.0,3d biscuit scene,240.0,,Almond Florentines!,2024-07-16,-3625 days
 chocolate teacakes,76.47059,2012-10-02,3,8,biscuit,48 crackers,120.0, chocolate teacakes,120.0,gingerbread structure,240.0,2.0,Chocolate cake ,2024-07-17,-4306 days
 pastéis de nata,70.96774,2017-10-03,8,6,pastry,4 shortcrust savoury pies,150.0, pastéis de nata,120.0,family-sized hand-raised pie,240.0,2.0,Pastel de natas,2024-07-18,-2480 days
tiramisu cake,89.655174,2014-08-27,5,4,dessert,8 self-saucing puddings,120.0,tiramisu cake,150.0,baked alaska,270.0,,My tiramisu cake,2024-07-19,-3614 days
victoria sandwich,88.23529,2010-08-17,1,1,cake,cake,180.0,victoria sandwich,,chocolate celebration cake,,1.0,Victoria Sandwich,2024-07-19,-5085 days
 chocolate teacakes,71.79487,2012-10-02,3,8,biscuit,48 crackers,120.0, chocolate teacakes,120.0,gingerbread structure,240.0,2.0,Chocolate Cheesecake,2024-07-21,-4310 days
 chocolate teacakes,71.79487,2012-10-02,3,8,biscuit,48 crackers,120.0, chocolate teacakes,120.0,gingerbread structure,240.0,2.0,Chocolate Cheesecake,2024-07-21,-4310 days
red velvet cake,87.5,2022-09-13,13,1,cake,12 mini sandwich cakes,120.0,red velvet cake,120.0,3d cake home,240.0,2.0,Red velvet cake !,2024-07-22,-678 days
focaccia,82.35294,2011-08-30,2,3,bread,free form loaf,195.0,focaccia,210.0,12 sweet and 12 savoury rolls,300.0,,Focaccia ,2024-07-22,-4710 days
cherry cake,74.07407,2014-08-06,5,1,cake,swiss roll,150.0,cherry cake,120.0,36 classic miniature british cakes,210.0,,Blackberry cake ,2024-07-23,-3639 days
 chocolate teacakes,71.42857,2012-10-02,3,8,biscuit,48 crackers,120.0, chocolate teacakes,120.0,gingerbread structure,240.0,2.0,Death by chocolate cake,2024-07-24,-4313 days
 fortune cookies,73.333336,2017-09-05,8,2,biscuit,24 sandwich biscuits,135.0, fortune cookies,120.0,biscuit board games,210.0,2.0,s’more cookies,2024-07-25,-2515 days
 chocolate teacakes,78.78788,2012-10-02,3,8,biscuit,48 crackers,120.0, chocolate teacakes,120.0,gingerbread structure,240.0,2.0,Chocolate cake,2024-07-27,-4316 days
focaccia,82.35294,2011-08-30,2,3,bread,free form loaf,195.0,focaccia,210.0,12 sweet and 12 savoury rolls,300.0,,Focaccia ,2024-07-27,-4715 days
 chocolate teacakes,71.42857,2012-10-02,3,8,biscuit,48 crackers,120.0, chocolate teacakes,120.0,gingerbread structure,240.0,2.0,I wanted chocolate cake,2024-07-30,-4319 days
lemon meringue pie,76.92308,2022-10-11,13,5,desserts,8 steamed puddings,120.0,lemon meringue pie,120.0,hidden surprise mousse dessert,270.0,2.0,Lemon Meringue Pie 🍋🥧,2024-07-31,-659 days
 miniature pineapple upside-down cakes,70.42254,2020-09-22,11,1,cake,battenberg cake,120.0, miniature pineapple upside-down cakes,90.0,celebrity hero cake bust,240.0,2.0,Pineapple upside down cupcakes 🍍🍒,2024-07-31,-1408 days
 chocolate teacakes,78.78788,2012-10-02,3,8,biscuit,48 crackers,120.0, chocolate teacakes,120.0,gingerbread structure,240.0,2.0,Chocolate cake,2024-08-01,-4321 days
cottage loaf,75.0,2017-09-12,8,3,bread,12 teacakes,165.0,cottage loaf,150.0,multicoloured bread sculpture,270.0,1.0,Cottage laws,2024-08-02,-2516 days
charlotte royale,73.333336,2013-10-15,4,9,french week,36 canapés,150.0,charlotte royale,150.0,opera cake,150.0,2.0,Charlotte Cake,2024-08-02,-3944 days
 chocolate teacakes,76.47059,2012-10-02,3,8,biscuit,48 crackers,120.0, chocolate teacakes,120.0,gingerbread structure,240.0,2.0,Chocolate cake!,2024-08-04,-4324 days
frasier cake,80.0,2012-10-09,3,9,pâtisserie,3 types of petits fours,,frasier cake,150.0,choux pastry gâteau,,,Fraisier Cake,2024-08-05,-4318 days
red velvet cake,71.79487,2022-09-13,13,1,cake,12 mini sandwich cakes,120.0,red velvet cake,120.0,3d cake home,240.0,2.0,Red velvet birthday cake,2024-08-06,-693 days
 fortune cookies,73.17073,2017-09-05,8,2,biscuit,24 sandwich biscuits,135.0, fortune cookies,120.0,biscuit board games,210.0,2.0,Ideas for stuffed cookies,2024-08-06,-2527 days
 verrines,75.0,2019-10-01,10,6,desserts,layered meringue cake,165.0, verrines,150.0,celebratory bombe,270.0,3.0,Berries,2024-08-06,-1771 days
 english muffins,71.42857,2013-08-27,4,2,bread,36 breadsticks,120.0, english muffins,165.0,decorative loaf,240.0,,Mini muffins,2024-08-06,-3997 days
 chocolate teacakes,84.84849,2012-10-02,3,8,biscuit,48 crackers,120.0, chocolate teacakes,120.0,gingerbread structure,240.0,2.0,chocolate cake,2024-08-06,-4326 days
red velvet cake,71.79487,2022-09-13,13,1,cake,12 mini sandwich cakes,120.0,red velvet cake,120.0,3d cake home,240.0,2.0,Oreo red velvet cookies ,2024-08-06,-693 days
charlotte royale,75.675674,2013-10-15,4,9,french week,36 canapés,150.0,charlotte royale,150.0,opera cake,150.0,2.0,Charlotte Royale Cake,2024-08-06,-3948 days
 iced fingers,72.0,2011-09-27,2,7,pâtisserie,layered mousse cake,120.0, iced fingers,,3 types of pastries,,2.0,Lady fingers,2024-08-08,-4699 days
 chocolate teacakes,76.47059,2012-10-02,3,8,biscuit,48 crackers,120.0, chocolate teacakes,120.0,gingerbread structure,240.0,2.0,Chocolate cake ,2024-08-08,-4328 days
angel food cake,70.96774,2013-08-20,4,1,cake,sandwich cake,120.0,angel food cake,150.0,chocolate cake,240.0,,Orange loaf cake,2024-08-09,-4007 days
angel food cake,70.96774,2013-08-20,4,1,cake,sandwich cake,120.0,angel food cake,150.0,chocolate cake,240.0,,Orange loaf cake,2024-08-09,-4007 days
angel food cake,90.32258,2013-08-20,4,1,cake,sandwich cake,120.0,angel food cake,150.0,chocolate cake,240.0,,Angel food cake!,2024-08-10,-4008 days
 white chocolate and blackberry cheesecakes,73.9726,2023-10-18,14,4,chocolate,chocolate torte,, white chocolate and blackberry cheesecakes,,edible chocolate box cake,,2.0,Mint chocolate aero cheesecake,2024-08-10,-297 days
focaccia,77.77778,2011-08-30,2,3,bread,free form loaf,195.0,focaccia,210.0,12 sweet and 12 savoury rolls,300.0,,Focaccia  ,2024-08-10,-4729 days
 baguettes,84.210526,2015-08-19,6,3,bread,2 quick breads,90.0, baguettes,150.0,3d bread sculpture,300.0,,Baguettes,2024-08-11,-3280 days
 chocolate teacakes,71.42857,2012-10-02,3,8,biscuit,48 crackers,120.0, chocolate teacakes,120.0,gingerbread structure,240.0,2.0,Made Chocolate Cupcakes,2024-08-12,-4332 days
cherry cake,70.96774,2014-08-06,5,1,cake,swiss roll,150.0,cherry cake,120.0,36 classic miniature british cakes,210.0,,Peach blueberry cake,2024-08-13,-3660 days
matcha crepe cake,72.22222,2020-10-27,11,6,japanese,8 steamed buns,150.0,matcha crepe cake,120.0,kawaii cake,240.0,,Matcha opera cake 🥹,2024-08-15,-1388 days
chocolate roulade,72.22222,2011-09-20,2,6,desserts,baked cheesecake,150.0,chocolate roulade,105.0,croquembouche,300.0,,Chocolate Oreo Cake,2024-08-16,-4714 days
chocolate roulade,72.22222,2011-09-20,2,6,desserts,baked cheesecake,150.0,chocolate roulade,105.0,croquembouche,300.0,,Chocolate Oreo Cake,2024-08-16,-4714 days
 white chocolate and blackberry cheesecakes,74.666664,2023-10-18,14,4,chocolate,chocolate torte,, white chocolate and blackberry cheesecakes,,edible chocolate box cake,,2.0,white choco raspberry cheescake!,2024-08-16,-303 days
 chocolate teacakes,73.17073,2012-10-02,3,8,biscuit,48 crackers,120.0, chocolate teacakes,120.0,gingerbread structure,240.0,2.0,simple chocolate cake ,2024-08-17,-4337 days
 white chocolate and blackberry cheesecakes,71.42857,2023-10-18,14,4,chocolate,chocolate torte,, white chocolate and blackberry cheesecakes,,edible chocolate box cake,,2.0,White chocolate cheesecake ,2024-08-17,-304 days
 white chocolate and blackberry cheesecakes,77.5,2023-10-18,14,4,chocolate,chocolate torte,, white chocolate and blackberry cheesecakes,,edible chocolate box cake,,2.0,White chocolate blackberry poke cake ,2024-08-18,-305 days
 miniature pineapple upside-down cakes,74.28571,2020-09-22,11,1,cake,battenberg cake,120.0, miniature pineapple upside-down cakes,90.0,celebrity hero cake bust,240.0,2.0,Lemon Pineapple Upside-down Cake,2024-08-18,-1426 days
 chocolate teacakes,71.42857,2012-10-02,3,8,biscuit,48 crackers,120.0, chocolate teacakes,120.0,gingerbread structure,240.0,2.0,Made a chocolate cake! ,2024-08-19,-4339 days
 egg custard tarts,77.77778,2013-09-10,4,4,pies and tarts,double crust fruit pie,120.0, egg custard tarts,120.0,filo pie,240.0,,Mango custard tart,2024-08-21,-3998 days
 fortune cookies,70.96774,2017-09-05,8,2,biscuit,24 sandwich biscuits,135.0, fortune cookies,120.0,biscuit board games,210.0,2.0,Brownie cookies,2024-08-21,-2542 days
 fortune cookies,70.96774,2017-09-05,8,2,biscuit,24 sandwich biscuits,135.0, fortune cookies,120.0,biscuit board games,210.0,2.0,S’mores cookies,2024-08-22,-2543 days
chocolate babka,73.333336,2020-10-13,11,4,chocolate,18 chocolate brownies,90.0,chocolate babka,150.0,white chocolate celebration cake,240.0,2.0,Chocolate Cake ,2024-08-23,-1410 days
scones,71.42857,2010-08-24,1,2,biscuit,personality biscuits,120.0,scones,60.0,"meringue, choux, and macaron petits fours",240.0,1.0,Scones?!,2024-08-24,-5114 days
focaccia,82.35294,2011-08-30,2,3,bread,free form loaf,195.0,focaccia,210.0,12 sweet and 12 savoury rolls,300.0,,Focaccia ,2024-08-25,-4744 days
treacle tart,80.0,2012-08-28,3,3,tarts,tarte tatin,150.0,treacle tart,120.0,designer fruit tart,180.0,,Treacle Tart ,2024-08-25,-4380 days
 chocolate mini rolls,74.4186,2017-08-29,8,1,cake,fruity cake,120.0, chocolate mini rolls,120.0,illusion cake,240.0,2.0,PB and chocolate rolls,2024-08-27,-2555 days
 chocolate teacakes,71.79487,2012-10-02,3,8,biscuit,48 crackers,120.0, chocolate teacakes,120.0,gingerbread structure,240.0,2.0, Chocolate cup cake ,2024-08-27,-4347 days
angel food cake,76.92308,2013-08-20,4,1,cake,sandwich cake,120.0,angel food cake,150.0,chocolate cake,240.0,,My first angel food cake,2024-08-30,-4028 days
 sticky toffee puddings,80.0,2021-10-12,12,4,desserts,pavlova,165.0, sticky toffee puddings,90.0,joconde imprime dessert,270.0,2.0,Sticky Toffee Pudding ,2024-09-01,-1055 days
angel food cake,80.0,2013-08-20,4,1,cake,sandwich cake,120.0,angel food cake,150.0,chocolate cake,240.0,,Angel Food Cake,2024-09-01,-4030 days
 fortune cookies,70.96774,2017-09-05,8,2,biscuit,24 sandwich biscuits,135.0, fortune cookies,120.0,biscuit board games,210.0,2.0,bored = cookies,2024-09-02,-2554 days
lemon meringue pie,81.08108,2022-10-11,13,5,desserts,8 steamed puddings,120.0,lemon meringue pie,120.0,hidden surprise mousse dessert,270.0,2.0,Lemon meringue cake,2024-09-04,-694 days
lemon meringue pie,81.08108,2022-10-11,13,5,desserts,8 steamed puddings,120.0,lemon meringue pie,120.0,hidden surprise mousse dessert,270.0,2.0,Lemon meringue cake,2024-09-04,-694 days
lemon meringue pie,81.08108,2022-10-11,13,5,desserts,8 steamed puddings,120.0,lemon meringue pie,120.0,hidden surprise mousse dessert,270.0,2.0,Lemon meringue cake,2024-09-04,-694 days
lemon meringue pie,81.08108,2022-10-11,13,5,desserts,8 steamed puddings,120.0,lemon meringue pie,120.0,hidden surprise mousse dessert,270.0,2.0,Lemon Meringue Pie ,2024-09-04,-694 days
 fortune cookies,70.96774,2017-09-05,8,2,biscuit,24 sandwich biscuits,135.0, fortune cookies,120.0,biscuit board games,210.0,2.0,stuffed cookies,2024-09-06,-2558 days
tiramisu cake,75.0,2014-08-27,5,4,dessert,8 self-saucing puddings,120.0,tiramisu cake,150.0,baked alaska,270.0,,Tiramisu crepe cake,2024-09-07,-3664 days
 chocolate teacakes,78.78788,2012-10-02,3,8,biscuit,48 crackers,120.0, chocolate teacakes,120.0,gingerbread structure,240.0,2.0,Chocolate cake,2024-09-07,-4358 days
 chocolate teacakes,76.47059,2012-10-02,3,8,biscuit,48 crackers,120.0, chocolate teacakes,120.0,gingerbread structure,240.0,2.0,Chocolate cake ,2024-09-07,-4358 days
angel food cake,87.5,2013-08-20,4,1,cake,sandwich cake,120.0,angel food cake,150.0,chocolate cake,240.0,,Angel food cake! ,2024-09-07,-4036 days
 chocolate teacakes,73.17073,2012-10-02,3,8,biscuit,48 crackers,120.0, chocolate teacakes,120.0,gingerbread structure,240.0,2.0,Chocolates artesanales,2024-09-08,-4359 days
chocolate babka,70.96774,2020-10-13,11,4,chocolate,18 chocolate brownies,90.0,chocolate babka,150.0,white chocolate celebration cake,240.0,2.0,Chocolate Cake 🤩,2024-09-08,-1426 days
 chocolate teacakes,72.22222,2012-10-02,3,8,biscuit,48 crackers,120.0, chocolate teacakes,120.0,gingerbread structure,240.0,2.0,Chocolate cake ☺️,2024-09-13,-4364 days
 fortune cookies,70.96774,2017-09-05,8,2,biscuit,24 sandwich biscuits,135.0, fortune cookies,120.0,biscuit board games,210.0,2.0,Crinkle cookies,2024-09-15,-2567 days
 chocolate teacakes,73.68421,2012-10-02,3,8,biscuit,48 crackers,120.0, chocolate teacakes,120.0,gingerbread structure,240.0,2.0,Chocolate cupcakes ,2024-09-15,-4366 days
the signature chocolate cake with fresh raspberries,70.17544,2023-09-26,14,1,cake,vertical layer cake,,the signature chocolate cake with fresh raspberries,120.0,3d shaped animal cake,240.0,2.0,THC infused chocolate cake with fresh strawberry whipped cream ,2024-09-16,-356 days
 chocolate teacakes,72.72727,2012-10-02,3,8,biscuit,48 crackers,120.0, chocolate teacakes,120.0,gingerbread structure,240.0,2.0,Vegan chocolate cupcakes ,2024-09-19,-4370 days
 miniature pineapple upside-down cakes,70.76923,2020-09-22,11,1,cake,battenberg cake,120.0, miniature pineapple upside-down cakes,90.0,celebrity hero cake bust,240.0,2.0,Pineapple Upside-down Cake ,2024-09-21,-1460 days
 custard creams,75.0,2023-10-03,14,2,biscuits,12 marshmallow biscuits,, custard creams,90.0,illusion biscuit meal,240.0,1.0,Who likes custard creams?,2024-09-21,-354 days
red velvet cake,71.79487,2022-09-13,13,1,cake,12 mini sandwich cakes,120.0,red velvet cake,120.0,3d cake home,240.0,2.0,my first Red Velvet cake,2024-09-22,-740 days
 fortune cookies,70.96774,2017-09-05,8,2,biscuit,24 sandwich biscuits,135.0, fortune cookies,120.0,biscuit board games,210.0,2.0,Printed cookies,2024-09-22,-2574 days
 miniature pineapple upside-down cakes,75.0,2020-09-22,11,1,cake,battenberg cake,120.0, miniature pineapple upside-down cakes,90.0,celebrity hero cake bust,240.0,2.0,Pineapple upside down cake,2024-09-24,-1463 days
 chocolate teacakes,75.0,2012-10-02,3,8,biscuit,48 crackers,120.0, chocolate teacakes,120.0,gingerbread structure,240.0,2.0,German chocolate cake,2024-09-25,-4376 days
 english muffins,73.68421,2013-08-27,4,2,bread,36 breadsticks,120.0, english muffins,165.0,decorative loaf,240.0,,Mmmm...English muffins,2024-09-26,-4048 days
chocolate roulade,75.0,2011-09-20,2,6,desserts,baked cheesecake,150.0,chocolate roulade,105.0,croquembouche,300.0,,Chocolate Braid,2024-09-27,-4756 days
 fortune cookies,70.588234,2017-09-05,8,2,biscuit,24 sandwich biscuits,135.0, fortune cookies,120.0,biscuit board games,210.0,2.0,Toll house cookies,2024-09-30,-2582 days
sachertorte,86.95652,2011-10-04,2,8,final,12 mille-feuille,150.0,sachertorte,160.0,3 types of petits fours,240.0,,Sacher torte,2024-10-01,-4746 days
 chocolate teacakes,71.42857,2012-10-02,3,8,biscuit,48 crackers,120.0, chocolate teacakes,120.0,gingerbread structure,240.0,2.0,Homemade chocolate cake,2024-10-02,-4383 days
 chocolate teacakes,71.79487,2012-10-02,3,8,biscuit,48 crackers,120.0, chocolate teacakes,120.0,gingerbread structure,240.0,2.0,Chocolate cupcakes 🍫,2024-10-02,-4383 days
 chocolate teacakes,71.79487,2012-10-02,3,8,biscuit,48 crackers,120.0, chocolate teacakes,120.0,gingerbread structure,240.0,2.0,Chocolate cupcakes 🍫,2024-10-02,-4383 days
 chocolate teacakes,75.0,2012-10-02,3,8,biscuit,48 crackers,120.0, chocolate teacakes,120.0,gingerbread structure,240.0,2.0,chocolate cupcakes!! ,2024-10-02,-4383 days
red velvet cake,72.22222,2022-09-13,13,1,cake,12 mini sandwich cakes,120.0,red velvet cake,120.0,3d cake home,240.0,2.0,Red Velvet Cheesecake,2024-10-03,-751 days
red velvet cake,72.22222,2022-09-13,13,1,cake,12 mini sandwich cakes,120.0,red velvet cake,120.0,3d cake home,240.0,2.0,Red Velvet Cheesecake,2024-10-03,-751 days
lemon meringue pie,83.333336,2022-10-11,13,5,desserts,8 steamed puddings,120.0,lemon meringue pie,120.0,hidden surprise mousse dessert,270.0,2.0,Lemon Meringue Pie,2024-10-06,-726 days
 english muffins,74.4186,2013-08-27,4,2,bread,36 breadsticks,120.0, english muffins,165.0,decorative loaf,240.0,,A series of English muffins,2024-10-06,-4058 days
 gluten-free pita bread,72.34042,2015-09-02,6,5,alternative ingredients,sugar-free cake,150.0, gluten-free pita bread,120.0,dairy-free ice cream roll,270.0,,Gluten free banana bread,2024-10-08,-3324 days
 gluten-free pita bread,70.833336,2015-09-02,6,5,alternative ingredients,sugar-free cake,150.0, gluten-free pita bread,120.0,dairy-free ice cream roll,270.0,,Gluten free banana bread!,2024-10-08,-3324 days
tiramisu cake,72.72727,2014-08-27,5,4,dessert,8 self-saucing puddings,120.0,tiramisu cake,150.0,baked alaska,270.0,,Tiramisu layer cake ,2024-10-09,-3696 days
 fortune cookies,75.0,2017-09-05,8,2,biscuit,24 sandwich biscuits,135.0, fortune cookies,120.0,biscuit board games,210.0,2.0,My first cookies,2024-10-10,-2592 days
red velvet cake,80.0,2022-09-13,13,1,cake,12 mini sandwich cakes,120.0,red velvet cake,120.0,3d cake home,240.0,2.0,Red Velvet Cake,2024-10-11,-759 days
 ginger biscuits,70.96774,2017-10-31,8,10,final,12 small loaves,180.0, ginger biscuits,150.0,large entremet,300.0,2.0,I made biscuits,2024-10-12,-2538 days
 ginger biscuits,70.96774,2017-10-31,8,10,final,12 small loaves,180.0, ginger biscuits,150.0,large entremet,300.0,2.0,Butter biscuits,2024-10-12,-2538 days
 chocolate teacakes,71.42857,2012-10-02,3,8,biscuit,48 crackers,120.0, chocolate teacakes,120.0,gingerbread structure,240.0,2.0,Hot Chocolate Cupcakes ,2024-10-13,-4394 days
 white chocolate and blackberry cheesecakes,74.35897,2023-10-18,14,4,chocolate,chocolate torte,, white chocolate and blackberry cheesecakes,,edible chocolate box cake,,2.0,Dark chocolate blueberry cheesecake,2024-10-13,-361 days
chocolate babka,70.588234,2020-10-13,11,4,chocolate,18 chocolate brownies,90.0,chocolate babka,150.0,white chocolate celebration cake,240.0,2.0,Chocolate cake fail,2024-10-14,-1462 days
 pastéis de nata,75.0,2017-10-03,8,6,pastry,4 shortcrust savoury pies,150.0, pastéis de nata,120.0,family-sized hand-raised pie,240.0,2.0,Pasteise de Nata,2024-10-16,-2570 days
 chocolate teacakes,71.79487,2012-10-02,3,8,biscuit,48 crackers,120.0, chocolate teacakes,120.0,gingerbread structure,240.0,2.0,Chocolate Cheesecake,2024-10-16,-4397 days
focaccia,82.35294,2011-08-30,2,3,bread,free form loaf,195.0,focaccia,210.0,12 sweet and 12 savoury rolls,300.0,,Focaccia ,2024-10-17,-4797 days
red velvet cake,87.5,2022-09-13,13,1,cake,12 mini sandwich cakes,120.0,red velvet cake,120.0,3d cake home,240.0,2.0,Red velvet cake! ,2024-10-17,-765 days
lemon meringue pie,81.08108,2022-10-11,13,5,desserts,8 steamed puddings,120.0,lemon meringue pie,120.0,hidden surprise mousse dessert,270.0,2.0,Lemon Meringue Pie ,2024-10-18,-738 days
 miniature pineapple upside-down cakes,71.875,2020-09-22,11,1,cake,battenberg cake,120.0, miniature pineapple upside-down cakes,90.0,celebrity hero cake bust,240.0,2.0,Pineapple Upside-down Cake,2024-10-18,-1487 days
red velvet cake,80.0,2022-09-13,13,1,cake,12 mini sandwich cakes,120.0,red velvet cake,120.0,3d cake home,240.0,2.0,Vampire velvet cake!,2024-10-19,-767 days
frasier cake,75.0,2012-10-09,3,9,pâtisserie,3 types of petits fours,,frasier cake,150.0,choux pastry gâteau,,,Hamster cake,2024-10-19,-4393 days
red velvet cake,76.47059,2022-09-13,13,1,cake,12 mini sandwich cakes,120.0,red velvet cake,120.0,3d cake home,240.0,2.0,Red Velvet Pancakes,2024-10-20,-768 days
 chocolate teacakes,73.17073,2012-10-02,3,8,biscuit,48 crackers,120.0, chocolate teacakes,120.0,gingerbread structure,240.0,2.0,chocolate coconut cake,2024-10-21,-4402 days
 chocolate teacakes,71.42857,2012-10-02,3,8,biscuit,48 crackers,120.0, chocolate teacakes,120.0,gingerbread structure,240.0,2.0,coconut chocolate cake ,2024-10-21,-4402 days
 chocolate teacakes,73.17073,2012-10-02,3,8,biscuit,48 crackers,120.0, chocolate teacakes,120.0,gingerbread structure,240.0,2.0, Chocolate marble cake,2024-10-21,-4402 days
 english muffins,74.28571,2013-08-27,4,2,bread,36 breadsticks,120.0, english muffins,165.0,decorative loaf,240.0,,I English Muffin'd ,2024-10-21,-4073 days
 fortune cookies,70.96774,2017-09-05,8,2,biscuit,24 sandwich biscuits,135.0, fortune cookies,120.0,biscuit board games,210.0,2.0,Crinkle cookies,2024-10-21,-2603 days
 hand-shaped coconut macaroons,70.96774,2020-09-29,11,2,biscuit,36 chocolate florentines,120.0, hand-shaped coconut macaroons,105.0,3d biscuit table setting,240.0,1.0,My home made Coconut macaroons 🥥,2024-10-22,-1484 days
lemon meringue pie,100.0,2022-10-11,13,5,desserts,8 steamed puddings,120.0,lemon meringue pie,120.0,hidden surprise mousse dessert,270.0,2.0,lemon meringue pie,2024-10-22,-742 days
 english muffins,90.32258,2013-08-27,4,2,bread,36 breadsticks,120.0, english muffins,165.0,decorative loaf,240.0,,English muffins,2024-10-27,-4079 days
lemon meringue pie,70.27027,2022-10-11,13,5,desserts,8 steamed puddings,120.0,lemon meringue pie,120.0,hidden surprise mousse dessert,270.0,2.0,Lemon Meringue Tart,2024-10-27,-747 days
pain aux raisins,80.0,2022-09-27,13,3,bread,2 pizzas,120.0,pain aux raisins,165.0,smörgåstårta,270.0,2.0,First pain aux raisins 🥹,2024-10-27,-761 days
lemon meringue pie,91.89189,2022-10-11,13,5,desserts,8 steamed puddings,120.0,lemon meringue pie,120.0,hidden surprise mousse dessert,270.0,2.0,Lemon meringue pie ,2024-10-27,-747 days
tiramisu cake,75.86207,2014-08-27,5,4,dessert,8 self-saucing puddings,120.0,tiramisu cake,150.0,baked alaska,270.0,,Tiramisu cookies,2024-10-30,-3717 days
red velvet cake,80.0,2022-09-13,13,1,cake,12 mini sandwich cakes,120.0,red velvet cake,120.0,3d cake home,240.0,2.0,Red velvet Cupcakes ,2024-10-30,-778 days
red velvet cake,84.84849,2022-09-13,13,1,cake,12 mini sandwich cakes,120.0,red velvet cake,120.0,3d cake home,240.0,2.0,Purple velvet cake,2024-10-31,-779 days
scones,83.333336,2010-08-24,1,2,biscuit,personality biscuits,120.0,scones,60.0,"meringue, choux, and macaron petits fours",240.0,1.0,Scones,2024-11-01,-5183 days
 chocolate teacakes,73.17073,2012-10-02,3,8,biscuit,48 crackers,120.0, chocolate teacakes,120.0,gingerbread structure,240.0,2.0,first chocolate cake! ,2024-11-01,-4413 days
 miniature pineapple upside-down cakes,77.77778,2020-09-22,11,1,cake,battenberg cake,120.0, miniature pineapple upside-down cakes,90.0,celebrity hero cake bust,240.0,2.0,Made a pineapple upside down cake!,2024-11-02,-1502 days
 chocolate teacakes,71.42857,2012-10-02,3,8,biscuit,48 crackers,120.0, chocolate teacakes,120.0,gingerbread structure,240.0,2.0,Dark chocolate cookies ,2024-11-02,-4414 days
tiramisu cake,75.0,2014-08-27,5,4,dessert,8 self-saucing puddings,120.0,tiramisu cake,150.0,baked alaska,270.0,,Tiramisu Cheesecake,2024-11-04,-3722 days
 sticky toffee puddings,74.5098,2021-10-12,12,4,desserts,pavlova,165.0, sticky toffee puddings,90.0,joconde imprime dessert,270.0,2.0,Banana Sticky Toffee Pudding,2024-11-05,-1120 days
 baguettes,72.72727,2015-08-19,6,3,bread,2 quick breads,90.0, baguettes,150.0,3d bread sculpture,300.0,,Baguettes 🥖 ,2024-11-05,-3366 days
chocolate roulade,75.0,2011-09-20,2,6,desserts,baked cheesecake,150.0,chocolate roulade,105.0,croquembouche,300.0,,Chocolate Braid,2024-11-05,-4795 days
 chocolate teacakes,78.78788,2012-10-02,3,8,biscuit,48 crackers,120.0, chocolate teacakes,120.0,gingerbread structure,240.0,2.0,Chocolate cake,2024-11-07,-4419 days
 miniature pineapple upside-down cakes,80.0,2020-09-22,11,1,cake,battenberg cake,120.0, miniature pineapple upside-down cakes,90.0,celebrity hero cake bust,240.0,2.0,Made some mini pineapple upside down cakes,2024-11-07,-1507 days
 molten chocolate puddings,70.588234,2017-09-26,8,5,pudding,steamed school pudding,180.0, molten chocolate puddings,60.0,ornamental trifle terrine,270.0,1.0,double chocolate muffins!,2024-11-07,-2599 days
lemon meringue pie,71.42857,2022-10-11,13,5,desserts,8 steamed puddings,120.0,lemon meringue pie,120.0,hidden surprise mousse dessert,270.0,2.0,Lemon Meringue Blondies ,2024-11-07,-758 days
 miniature pineapple upside-down cakes,70.76923,2020-09-22,11,1,cake,battenberg cake,120.0, miniature pineapple upside-down cakes,90.0,celebrity hero cake bust,240.0,2.0,Pineapple Upside Down cakes,2024-11-09,-1509 days
chocolate babka,76.92308,2020-10-13,11,4,chocolate,18 chocolate brownies,90.0,chocolate babka,150.0,white chocolate celebration cake,240.0,2.0,My first chocolate babka,2024-11-09,-1488 days
 miniature pineapple upside-down cakes,72.94118,2020-09-22,11,1,cake,battenberg cake,120.0, miniature pineapple upside-down cakes,90.0,celebrity hero cake bust,240.0,2.0,My first attempt at pineapple upside down cake ,2024-11-09,-1509 days
 chocolate teacakes,73.91304,2012-10-02,3,8,biscuit,48 crackers,120.0, chocolate teacakes,120.0,gingerbread structure,240.0,2.0,Mini chocolate mousse cakes,2024-11-09,-4421 days
 chocolate teacakes,72.72727,2012-10-02,3,8,biscuit,48 crackers,120.0, chocolate teacakes,120.0,gingerbread structure,240.0,2.0,Simple chocolate cupcakes,2024-11-10,-4422 days
 chocolate teacakes,72.72727,2012-10-02,3,8,biscuit,48 crackers,120.0, chocolate teacakes,120.0,gingerbread structure,240.0,2.0,Simple chocolate cupcakes,2024-11-10,-4422 days
 english muffins,73.333336,2013-08-27,4,2,bread,36 breadsticks,120.0, english muffins,165.0,decorative loaf,240.0,,4 inch muffins,2024-11-10,-4093 days
angel food cake,80.0,2013-08-20,4,1,cake,sandwich cake,120.0,angel food cake,150.0,chocolate cake,240.0,,Angel Food Cake,2024-11-11,-4101 days
 sticky toffee puddings,70.96774,2021-10-12,12,4,desserts,pavlova,165.0, sticky toffee puddings,90.0,joconde imprime dessert,270.0,2.0,Favorite Sticky toffee pudding recipes?,2024-11-12,-1127 days
 chocolate teacakes,73.17073,2012-10-02,3,8,biscuit,48 crackers,120.0, chocolate teacakes,120.0,gingerbread structure,240.0,2.0,I made chocolate cake!,2024-11-12,-4424 days
red velvet cake,76.92308,2022-09-13,13,1,cake,12 mini sandwich cakes,120.0,red velvet cake,120.0,3d cake home,240.0,2.0,My first red velvet cake,2024-11-13,-792 days
tiramisu cake,81.48148,2014-08-27,5,4,dessert,8 self-saucing puddings,120.0,tiramisu cake,150.0,baked alaska,270.0,,Tiramisu Cake ,2024-11-14,-3732 days
 chocolate teacakes,76.190475,2012-10-02,3,8,biscuit,48 crackers,120.0, chocolate teacakes,120.0,gingerbread structure,240.0,2.0,chocolate birthday cake,2024-11-15,-4427 days
red velvet cake,80.0,2022-09-13,13,1,cake,12 mini sandwich cakes,120.0,red velvet cake,120.0,3d cake home,240.0,2.0,Red Velvet Cake,2024-11-16,-795 days
 chocolate teacakes,71.42857,2012-10-02,3,8,biscuit,48 crackers,120.0, chocolate teacakes,120.0,gingerbread structure,240.0,2.0,Good old chocolate cake,2024-11-16,-4428 days
lemon meringue pie,94.44444,2022-10-11,13,5,desserts,8 steamed puddings,120.0,lemon meringue pie,120.0,hidden surprise mousse dessert,270.0,2.0,Lemon meringue pie,2024-11-18,-769 days
angel food cake,75.0,2013-08-20,4,1,cake,sandwich cake,120.0,angel food cake,150.0,chocolate cake,240.0,,Orange pound cake,2024-11-19,-4109 days
mini pear pies,73.333336,2014-09-03,5,5,pies and tarts,custard tart,150.0,mini pear pies,120.0,three-tiered pie,270.0,,Mini apple pies ,2024-11-20,-3731 days
focaccia,87.5,2011-08-30,2,3,bread,free form loaf,195.0,focaccia,210.0,12 sweet and 12 savoury rolls,300.0,,Focaccia,2024-11-20,-4831 days
chocolate babka,73.333336,2020-10-13,11,4,chocolate,18 chocolate brownies,90.0,chocolate babka,150.0,white chocolate celebration cake,240.0,2.0,Chocolate Cake ,2024-11-21,-1500 days
 sticky toffee puddings,85.106384,2021-10-12,12,4,desserts,pavlova,165.0, sticky toffee puddings,90.0,joconde imprime dessert,270.0,2.0,Sticky toffee pudding 🍮 ,2024-11-22,-1137 days
 chocolate teacakes,72.72727,2012-10-02,3,8,biscuit,48 crackers,120.0, chocolate teacakes,120.0,gingerbread structure,240.0,2.0,Chocolate recs,2024-11-22,-4434 days
 pastéis de nata,73.333336,2017-10-03,8,6,pastry,4 shortcrust savoury pies,150.0, pastéis de nata,120.0,family-sized hand-raised pie,240.0,2.0,Pastel de nata,2024-11-24,-2609 days
red velvet cake,78.947365,2022-09-13,13,1,cake,12 mini sandwich cakes,120.0,red velvet cake,120.0,3d cake home,240.0,2.0,First red velvet cake! ,2024-11-24,-803 days
chocolate babka,75.86207,2020-10-13,11,4,chocolate,18 chocolate brownies,90.0,chocolate babka,150.0,white chocolate celebration cake,240.0,2.0,Chocolate Cake,2024-11-24,-1503 days
 chocolate teacakes,73.17073,2012-10-02,3,8,biscuit,48 crackers,120.0, chocolate teacakes,120.0,gingerbread structure,240.0,2.0,german chocolate cake ,2024-11-24,-4436 days
lemon and thyme drizzle cake,73.91304,2023-10-31,14,6,botanical,12 individual spiced buns,165.0,lemon and thyme drizzle cake,90.0,floral dessert,240.0,,Lemon drizzle cake,2024-11-26,-392 days
 sticky toffee puddings,78.57143,2021-10-12,12,4,desserts,pavlova,165.0, sticky toffee puddings,90.0,joconde imprime dessert,270.0,2.0,sticky toffee pudding for bfs dad,2024-11-26,-1141 days
red velvet cake,90.32258,2022-09-13,13,1,cake,12 mini sandwich cakes,120.0,red velvet cake,120.0,3d cake home,240.0,2.0,Red velvet cake ,2024-11-27,-806 days
red velvet cake,70.27027,2022-09-13,13,1,cake,12 mini sandwich cakes,120.0,red velvet cake,120.0,3d cake home,240.0,2.0,Red velvet cookies ❤️🍪,2024-11-28,-807 days
lemon meringue pie,71.42857,2022-10-11,13,5,desserts,8 steamed puddings,120.0,lemon meringue pie,120.0,hidden surprise mousse dessert,270.0,2.0,First Lemon Meringue Pie,2024-11-29,-780 days
 fortune cookies,72.72727,2017-09-05,8,2,biscuit,24 sandwich biscuits,135.0, fortune cookies,120.0,biscuit board games,210.0,2.0,Favorite cookies?,2024-11-29,-2642 days
tiramisu cake,72.0,2014-08-27,5,4,dessert,8 self-saucing puddings,120.0,tiramisu cake,150.0,baked alaska,270.0,,My tiramisu ,2024-11-29,-3747 days
chocolate babka,83.870964,2020-10-13,11,4,chocolate,18 chocolate brownies,90.0,chocolate babka,150.0,white chocolate celebration cake,240.0,2.0,Chocolate Babka ,2024-12-01,-1510 days
 chocolate teacakes,76.92308,2012-10-02,3,8,biscuit,48 crackers,120.0, chocolate teacakes,120.0,gingerbread structure,240.0,2.0,Chocolate lava cakes,2024-12-02,-4444 days
 chocolate teacakes,76.92308,2012-10-02,3,8,biscuit,48 crackers,120.0, chocolate teacakes,120.0,gingerbread structure,240.0,2.0,Chocolate lava cakes,2024-12-02,-4444 days
focaccia,70.588234,2011-08-30,2,3,bread,free form loaf,195.0,focaccia,210.0,12 sweet and 12 savoury rolls,300.0,,Foccacia!,2024-12-02,-4843 days
red velvet cake,76.47059,2022-09-13,13,1,cake,12 mini sandwich cakes,120.0,red velvet cake,120.0,3d cake home,240.0,2.0,Red velvet cookies ,2024-12-03,-812 days
 white chocolate and blackberry cheesecakes,83.51649,2023-10-18,14,4,chocolate,chocolate torte,, white chocolate and blackberry cheesecakes,,edible chocolate box cake,,2.0,Orange white chocolate and cranberry cheesecake ,2024-12-03,-412 days
 ciabattas,73.68421,2014-08-20,5,3,bread,12 rye bread rolls,210.0, ciabattas,180.0,filled centrepiece loaf,240.0,2.0,Ciabatta ,2024-12-05,-3760 days
chocolate babka,83.870964,2020-10-13,11,4,chocolate,18 chocolate brownies,90.0,chocolate babka,150.0,white chocolate celebration cake,240.0,2.0,Chocolate Babka ,2024-12-05,-1514 days
chocolate babka,83.333336,2020-10-13,11,4,chocolate,18 chocolate brownies,90.0,chocolate babka,150.0,white chocolate celebration cake,240.0,2.0,Dark chocolate babka ,2024-12-07,-1516 days
chocolate roulade,72.22222,2011-09-20,2,6,desserts,baked cheesecake,150.0,chocolate roulade,105.0,croquembouche,300.0,,Chocolate molasses.,2024-12-07,-4827 days
 chocolate teacakes,71.42857,2012-10-02,3,8,biscuit,48 crackers,120.0, chocolate teacakes,120.0,gingerbread structure,240.0,2.0,Warm chocolate cookies ,2024-12-09,-4451 days
 chocolate teacakes,71.42857,2012-10-02,3,8,biscuit,48 crackers,120.0, chocolate teacakes,120.0,gingerbread structure,240.0,2.0,Warm chocolate cookies ,2024-12-09,-4451 days
 pastéis de nata,83.870964,2017-10-03,8,6,pastry,4 shortcrust savoury pies,150.0, pastéis de nata,120.0,family-sized hand-raised pie,240.0,2.0,Pasteis de nata,2024-12-12,-2627 days
chocolate babka,75.0,2020-10-13,11,4,chocolate,18 chocolate brownies,90.0,chocolate babka,150.0,white chocolate celebration cake,240.0,2.0,Chocolate Baklava,2024-12-13,-1522 days
 chocolate teacakes,76.92308,2012-10-02,3,8,biscuit,48 crackers,120.0, chocolate teacakes,120.0,gingerbread structure,240.0,2.0,Easy chocolate cake ,2024-12-14,-4456 days
 chocolate teacakes,76.92308,2012-10-02,3,8,biscuit,48 crackers,120.0, chocolate teacakes,120.0,gingerbread structure,240.0,2.0,Easy chocolate cake ,2024-12-14,-4456 days
 pastéis de nata,81.25,2017-10-03,8,6,pastry,4 shortcrust savoury pies,150.0, pastéis de nata,120.0,family-sized hand-raised pie,240.0,2.0,Pasteis de nata😋,2024-12-14,-2629 days
angel food cake,87.5,2013-08-20,4,1,cake,sandwich cake,120.0,angel food cake,150.0,chocolate cake,240.0,,Angel food cake .,2024-12-14,-4134 days
chocolate babka,70.27027,2020-10-13,11,4,chocolate,18 chocolate brownies,90.0,chocolate babka,150.0,white chocolate celebration cake,240.0,2.0,Chocolate Orange Babka,2024-12-14,-1523 days
focaccia,87.5,2011-08-30,2,3,bread,free form loaf,195.0,focaccia,210.0,12 sweet and 12 savoury rolls,300.0,,Focaccia,2024-12-15,-4856 days
 fortune cookies,70.96774,2017-09-05,8,2,biscuit,24 sandwich biscuits,135.0, fortune cookies,120.0,biscuit board games,210.0,2.0,Blondie cookies,2024-12-16,-2659 days
 chocolate teacakes,75.0,2012-10-02,3,8,biscuit,48 crackers,120.0, chocolate teacakes,120.0,gingerbread structure,240.0,2.0,German chocolate cake,2024-12-16,-4458 days
bakewell tart,92.30769,2016-09-21,7,5,pastry,24 breakfast pastries,210.0,bakewell tart,150.0,48 filo amuse-bouche,240.0,,Bakewell tart,2024-12-16,-3008 days
scones,83.333336,2010-08-24,1,2,biscuit,personality biscuits,120.0,scones,60.0,"meringue, choux, and macaron petits fours",240.0,1.0,Scones,2024-12-17,-5229 days
 ciabattas,71.42857,2014-08-20,5,3,bread,12 rye bread rolls,210.0, ciabattas,180.0,filled centrepiece loaf,240.0,2.0,500 ciabatta rolls,2024-12-19,-3774 days
 fortune cookies,73.333336,2017-09-05,8,2,biscuit,24 sandwich biscuits,135.0, fortune cookies,120.0,biscuit board games,210.0,2.0,More cookies! ,2024-12-20,-2663 days
focaccia,77.77778,2011-08-30,2,3,bread,free form loaf,195.0,focaccia,210.0,12 sweet and 12 savoury rolls,300.0,,Focaccia!!,2024-12-20,-4861 days
 fortune cookies,71.42857,2017-09-05,8,2,biscuit,24 sandwich biscuits,135.0, fortune cookies,120.0,biscuit board games,210.0,2.0,Moar cookies,2024-12-22,-2665 days
 chocolate teacakes,73.17073,2012-10-02,3,8,biscuit,48 crackers,120.0, chocolate teacakes,120.0,gingerbread structure,240.0,2.0,Hot chocolate cookies ,2024-12-22,-4464 days
chocolate babka,73.17073,2020-10-13,11,4,chocolate,18 chocolate brownies,90.0,chocolate babka,150.0,white chocolate celebration cake,240.0,2.0,Made some chocolate babka!,2024-12-22,-1531 days
chocolate babka,75.0,2020-10-13,11,4,chocolate,18 chocolate brownies,90.0,chocolate babka,150.0,white chocolate celebration cake,240.0,2.0,chocolate + tahini babka!,2024-12-22,-1531 days
lemon meringue pie,91.89189,2022-10-11,13,5,desserts,8 steamed puddings,120.0,lemon meringue pie,120.0,hidden surprise mousse dessert,270.0,2.0,Lemon meringue pie ,2024-12-23,-804 days
 chocolate teacakes,70.833336,2012-10-02,3,8,biscuit,48 crackers,120.0, chocolate teacakes,120.0,gingerbread structure,240.0,2.0,ikeas chocolate overload cake,2024-12-23,-4465 days
crème caramel,70.96774,2012-09-04,3,4,desserts,wheat-free torte cake,180.0,crème caramel,165.0,4 layered meringue dessert,,,Dry method caramel,2024-12-24,-4494 days
 miniature pineapple upside-down cakes,73.84615,2020-09-22,11,1,cake,battenberg cake,120.0, miniature pineapple upside-down cakes,90.0,celebrity hero cake bust,240.0,2.0,Pineapple upside down cake ,2024-12-26,-1556 days
chocolate roulade,75.0,2011-09-20,2,6,desserts,baked cheesecake,150.0,chocolate roulade,105.0,croquembouche,300.0,,Chocolate fudge,2024-12-26,-4846 days
 chocolate teacakes,76.47059,2012-10-02,3,8,biscuit,48 crackers,120.0, chocolate teacakes,120.0,gingerbread structure,240.0,2.0,Chocolate cake ,2024-12-26,-4468 days
 sticky toffee puddings,73.07692,2021-10-12,12,4,desserts,pavlova,165.0, sticky toffee puddings,90.0,joconde imprime dessert,270.0,2.0,Flaming Sticky Toffee Pudding,2024-12-26,-1171 days
 fortune cookies,75.86207,2017-09-05,8,2,biscuit,24 sandwich biscuits,135.0, fortune cookies,120.0,biscuit board games,210.0,2.0,More cookies!,2024-12-27,-2670 days
tiramisu cake,72.72727,2014-08-27,5,4,dessert,8 self-saucing puddings,120.0,tiramisu cake,150.0,baked alaska,270.0,,Tiramisu ,2024-12-27,-3775 days
 sticky toffee puddings,81.818184,2021-10-12,12,4,desserts,pavlova,165.0, sticky toffee puddings,90.0,joconde imprime dessert,270.0,2.0,Sticky Toffee Pudding,2024-12-27,-1172 days
s'mores,71.42857,2022-10-18,13,6,halloween,apple cake,120.0,s'mores,120.0,edible hanging halloween piñata lantern,240.0,2.0,S’mores,2024-12-27,-801 days
 fortune cookies,77.77778,2017-09-05,8,2,biscuit,24 sandwich biscuits,135.0, fortune cookies,120.0,biscuit board games,210.0,2.0,Fortune cookie woes ,2024-12-28,-2671 days
lemon meringue pie,81.08108,2022-10-11,13,5,desserts,8 steamed puddings,120.0,lemon meringue pie,120.0,hidden surprise mousse dessert,270.0,2.0,Lemon Meringue Pie ,2024-12-28,-809 days
red velvet cake,84.84849,2022-09-13,13,1,cake,12 mini sandwich cakes,120.0,red velvet cake,120.0,3d cake home,240.0,2.0,Red velvet cake 🎂 ,2024-12-29,-838 days
cornish pasties,70.27027,2010-09-14,1,5,pastry,savoury pie,150.0,cornish pasties,90.0,savory canapés and sweet tartlets,300.0,,First danish pastries!,2024-12-30,-5221 days
 sticky toffee puddings,95.454544,2021-10-12,12,4,desserts,pavlova,165.0, sticky toffee puddings,90.0,joconde imprime dessert,270.0,2.0,sticky toffee pudding,2024-12-30,-1175 days
 sticky toffee puddings,83.01887,2021-10-12,12,4,desserts,pavlova,165.0, sticky toffee puddings,90.0,joconde imprime dessert,270.0,2.0,Homemade sticky toffee pudding,2024-12-31,-1176 days
red velvet cake,90.32258,2022-09-13,13,1,cake,12 mini sandwich cakes,120.0,red velvet cake,120.0,3d cake home,240.0,2.0,Red velvet cake ,2024-12-31,-840 days
 fortune cookies,71.42857,2017-09-05,8,2,biscuit,24 sandwich biscuits,135.0, fortune cookies,120.0,biscuit board games,210.0,2.0,fortune cookies for NYE :),2024-12-31,-2674 days
 chocolate teacakes,75.0,2012-10-02,3,8,biscuit,48 crackers,120.0, chocolate teacakes,120.0,gingerbread structure,240.0,2.0,Low chocolate cookies,2024-12-31,-4473 days
red velvet cake,75.0,2022-09-13,13,1,cake,12 mini sandwich cakes,120.0,red velvet cake,120.0,3d cake home,240.0,2.0,Black velvet cake,2025-01-02,-842 days
chocolate babka,70.27027,2020-10-13,11,4,chocolate,18 chocolate brownies,90.0,chocolate babka,150.0,white chocolate celebration cake,240.0,2.0,Chocolate banana bread,2025-01-02,-1542 days
chocolate babka,78.57143,2020-10-13,11,4,chocolate,18 chocolate brownies,90.0,chocolate babka,150.0,white chocolate celebration cake,240.0,2.0,Chocolate bar,2025-01-02,-1542 days
 ciabattas,73.68421,2014-08-20,5,3,bread,12 rye bread rolls,210.0, ciabattas,180.0,filled centrepiece loaf,240.0,2.0,Ciabatta!,2025-01-02,-3788 days
chocolate babka,93.333336,2020-10-13,11,4,chocolate,18 chocolate brownies,90.0,chocolate babka,150.0,white chocolate celebration cake,240.0,2.0,Chocolate babka,2025-01-03,-1543 days
red velvet cake,78.947365,2022-09-13,13,1,cake,12 mini sandwich cakes,120.0,red velvet cake,120.0,3d cake home,240.0,2.0,red velvet cake for nye,2025-01-03,-843 days
red velvet cake,78.947365,2022-09-13,13,1,cake,12 mini sandwich cakes,120.0,red velvet cake,120.0,3d cake home,240.0,2.0,red velvet cake for nye,2025-01-03,-843 days
tiramisu cake,77.41936,2014-08-27,5,4,dessert,8 self-saucing puddings,120.0,tiramisu cake,150.0,baked alaska,270.0,,Tiramisu cupcakes!,2025-01-04,-3783 days
lemon meringue pie,77.77778,2022-10-11,13,5,desserts,8 steamed puddings,120.0,lemon meringue pie,120.0,hidden surprise mousse dessert,270.0,2.0,Lime meringue pie ,2025-01-04,-816 days
lemon meringue pie,91.89189,2022-10-11,13,5,desserts,8 steamed puddings,120.0,lemon meringue pie,120.0,hidden surprise mousse dessert,270.0,2.0,Lemon meringue pie ,2025-01-04,-816 days
lemon meringue pie,80.0,2022-10-11,13,5,desserts,8 steamed puddings,120.0,lemon meringue pie,120.0,hidden surprise mousse dessert,270.0,2.0,Lime meringue pie,2025-01-05,-817 days
 molten chocolate puddings,72.0,2017-09-26,8,5,pudding,steamed school pudding,180.0, molten chocolate puddings,60.0,ornamental trifle terrine,270.0,1.0,Double chocolate muffins,2025-01-05,-2658 days
 english muffins,76.92308,2013-08-27,4,2,bread,36 breadsticks,120.0, english muffins,165.0,decorative loaf,240.0,,Stuffed English muffins,2025-01-06,-4150 days
lemon meringue pie,73.17073,2022-10-11,13,5,desserts,8 steamed puddings,120.0,lemon meringue pie,120.0,hidden surprise mousse dessert,270.0,2.0,Keto Lemon Meringue Pie,2025-01-07,-819 days
lemon meringue pie,73.17073,2022-10-11,13,5,desserts,8 steamed puddings,120.0,lemon meringue pie,120.0,hidden surprise mousse dessert,270.0,2.0,Keto Lemon Meringue Pie,2025-01-07,-819 days
chocolate roulade,72.22222,2011-09-20,2,6,desserts,baked cheesecake,150.0,chocolate roulade,105.0,croquembouche,300.0,,Chocolate Roll Cake,2025-01-07,-4858 days
chocolate babka,70.96774,2020-10-13,11,4,chocolate,18 chocolate brownies,90.0,chocolate babka,150.0,white chocolate celebration cake,240.0,2.0,Chocolate salami,2025-01-08,-1548 days
lemon and thyme drizzle cake,73.91304,2023-10-31,14,6,botanical,12 individual spiced buns,165.0,lemon and thyme drizzle cake,90.0,floral dessert,240.0,,Lemon drizzle cake,2025-01-08,-435 days
 egg custard tarts,70.27027,2013-09-10,4,4,pies and tarts,double crust fruit pie,120.0, egg custard tarts,120.0,filo pie,240.0,,Lemon Custard tart ,2025-01-09,-4139 days
chocolate babka,73.333336,2020-10-13,11,4,chocolate,18 chocolate brownies,90.0,chocolate babka,150.0,white chocolate celebration cake,240.0,2.0,Chocolate Cake!,2025-01-09,-1549 days
chocolate babka,74.28571,2020-10-13,11,4,chocolate,18 chocolate brownies,90.0,chocolate babka,150.0,white chocolate celebration cake,240.0,2.0,Chocolate Babka Buns,2025-01-10,-1550 days
chocolate babka,75.86207,2020-10-13,11,4,chocolate,18 chocolate brownies,90.0,chocolate babka,150.0,white chocolate celebration cake,240.0,2.0,Chocolate Cake,2025-01-11,-1551 days
 chocolate teacakes,71.42857,2012-10-02,3,8,biscuit,48 crackers,120.0, chocolate teacakes,120.0,gingerbread structure,240.0,2.0,Chocolate Oreo Cupcakes,2025-01-11,-4484 days
 baguettes,80.0,2015-08-19,6,3,bread,2 quick breads,90.0, baguettes,150.0,3d bread sculpture,300.0,,First baguettes,2025-01-11,-3433 days
 fortune cookies,83.870964,2017-09-05,8,2,biscuit,24 sandwich biscuits,135.0, fortune cookies,120.0,biscuit board games,210.0,2.0,Fortune Cookies,2025-01-12,-2686 days
 chocolate teacakes,73.17073,2012-10-02,3,8,biscuit,48 crackers,120.0, chocolate teacakes,120.0,gingerbread structure,240.0,2.0,Bitter chocolate cake ,2025-01-12,-4485 days
 miniature pineapple upside-down cakes,75.0,2020-09-22,11,1,cake,battenberg cake,120.0, miniature pineapple upside-down cakes,90.0,celebrity hero cake bust,240.0,2.0,Pineapple upside down cake,2025-01-13,-1574 days
 egg custard tarts,70.96774,2013-09-10,4,4,pies and tarts,double crust fruit pie,120.0, egg custard tarts,120.0,filo pie,240.0,,Custard Tarts,2025-01-13,-4143 days
chocolate roulade,70.27027,2011-09-20,2,6,desserts,baked cheesecake,150.0,chocolate roulade,105.0,croquembouche,300.0,,Chocolate Pound Cake,2025-01-13,-4864 days
 chocolate teacakes,76.190475,2012-10-02,3,8,biscuit,48 crackers,120.0, chocolate teacakes,120.0,gingerbread structure,240.0,2.0,Hot chocolate cupcakes ,2025-01-13,-4486 days
 verrines,70.588234,2019-10-01,10,6,desserts,layered meringue cake,165.0, verrines,150.0,celebratory bombe,270.0,3.0,Berlines,2025-01-15,-1933 days
frasier cake,72.0,2012-10-09,3,9,pâtisserie,3 types of petits fours,,frasier cake,150.0,choux pastry gâteau,,,Practice cake,2025-01-15,-4481 days
 chocolate teacakes,72.34042,2012-10-02,3,8,biscuit,48 crackers,120.0, chocolate teacakes,120.0,gingerbread structure,240.0,2.0,Mini chocolate Bundt cakes! ,2025-01-17,-4490 days
red velvet cake,93.333336,2022-09-13,13,1,cake,12 mini sandwich cakes,120.0,red velvet cake,120.0,3d cake home,240.0,2.0,Red velvet cake,2025-01-18,-858 days
red velvet cake,84.61539,2022-09-13,13,1,cake,12 mini sandwich cakes,120.0,red velvet cake,120.0,3d cake home,240.0,2.0,red velvet ,2025-01-19,-859 days
 chocolate teacakes,74.4186,2012-10-02,3,8,biscuit,48 crackers,120.0, chocolate teacakes,120.0,gingerbread structure,240.0,2.0,Vegan chocolate cupcakes,2025-01-19,-4492 days
focaccia,94.117645,2011-08-30,2,3,bread,free form loaf,195.0,focaccia,210.0,12 sweet and 12 savoury rolls,300.0,,focaccia!,2025-01-19,-4891 days
chocolate babka,75.0,2020-10-13,11,4,chocolate,18 chocolate brownies,90.0,chocolate babka,150.0,white chocolate celebration cake,240.0,2.0,my first chocolate babka!,2025-01-20,-1560 days
tiramisu cake,72.22222,2014-08-27,5,4,dessert,8 self-saucing puddings,120.0,tiramisu cake,150.0,baked alaska,270.0,,My first Tiramisu cake ,2025-01-20,-3799 days
chocolate roulade,70.96774,2011-09-20,2,6,desserts,baked cheesecake,150.0,chocolate roulade,105.0,croquembouche,300.0,,chocolate pie ,2025-01-21,-4872 days
 white chocolate and blackberry cheesecakes,72.72727,2023-10-18,14,4,chocolate,chocolate torte,, white chocolate and blackberry cheesecakes,,edible chocolate box cake,,2.0,White chocolate and Strawberry mousse cake 🍰 ,2025-01-21,-461 days
 fortune cookies,75.0,2017-09-05,8,2,biscuit,24 sandwich biscuits,135.0, fortune cookies,120.0,biscuit board games,210.0,2.0,Assorted cookies,2025-01-21,-2695 days
hazelnut dacquoise,94.44444,2013-10-08,4,8,alternative ingredients,wheat-free loaf,180.0,hazelnut dacquoise,165.0,dairy-free vegetable cake,240.0,,Hazelnut dacquoise,2025-01-21,-4123 days
frosted walnut layer cake,71.42857,2015-08-05,6,1,cake,madeira cake,120.0,frosted walnut layer cake,105.0,black forest gâteau,210.0,2.0,first layer cake!,2025-01-22,-3458 days
 chocolate teacakes,71.42857,2012-10-02,3,8,biscuit,48 crackers,120.0, chocolate teacakes,120.0,gingerbread structure,240.0,2.0,Birthday chocolate cake,2025-01-24,-4497 days
 chocolate teacakes,75.0,2012-10-02,3,8,biscuit,48 crackers,120.0, chocolate teacakes,120.0,gingerbread structure,240.0,2.0,Simple chocolate cake,2025-01-24,-4497 days
 fortune cookies,70.96774,2017-09-05,8,2,biscuit,24 sandwich biscuits,135.0, fortune cookies,120.0,biscuit board games,210.0,2.0,S’mores cookies,2025-01-25,-2699 days
 chocolate mini rolls,71.111115,2017-08-29,8,1,cake,fruity cake,120.0, chocolate mini rolls,120.0,illusion cake,240.0,2.0,Chocolate Cinnamon Rolls,2025-01-26,-2707 days
angel food cake,77.41936,2013-08-20,4,1,cake,sandwich cake,120.0,angel food cake,150.0,chocolate cake,240.0,,Devils food cake,2025-01-26,-4177 days
focaccia,87.5,2011-08-30,2,3,bread,free form loaf,195.0,focaccia,210.0,12 sweet and 12 savoury rolls,300.0,,Focaccia,2025-01-26,-4898 days
red velvet cake,80.0,2022-09-13,13,1,cake,12 mini sandwich cakes,120.0,red velvet cake,120.0,3d cake home,240.0,2.0,Red Velvet Cake,2025-01-26,-866 days
 chocolate teacakes,73.17073,2012-10-02,3,8,biscuit,48 crackers,120.0, chocolate teacakes,120.0,gingerbread structure,240.0,2.0,Matilda chocolate cake,2025-01-27,-4500 days
red velvet cake,77.77778,2022-09-13,13,1,cake,12 mini sandwich cakes,120.0,red velvet cake,120.0,3d cake home,240.0,2.0,Green velvet cupcakes,2025-01-27,-867 days
large baklava,72.0,2021-10-26,12,6,pastry,chouxnuts,,large baklava,165.0,terrine pie,270.0,3.0,Cold baklava,2025-01-29,-1191 days
 chocolate teacakes,73.17073,2012-10-02,3,8,biscuit,48 crackers,120.0, chocolate teacakes,120.0,gingerbread structure,240.0,2.0,Made a chocolate cake!,2025-01-29,-4502 days
angel food cake,75.0,2013-08-20,4,1,cake,sandwich cake,120.0,angel food cake,150.0,chocolate cake,240.0,,Devil's food cake,2025-01-29,-4180 days
 miniature pineapple upside-down cakes,75.0,2020-09-22,11,1,cake,battenberg cake,120.0, miniature pineapple upside-down cakes,90.0,celebrity hero cake bust,240.0,2.0,Quick pineapple upside down cake 🍍,2025-01-29,-1590 days
 miniature pineapple upside-down cakes,72.72727,2020-09-22,11,1,cake,battenberg cake,120.0, miniature pineapple upside-down cakes,90.0,celebrity hero cake bust,240.0,2.0,Double layer Pineapple upside down cake,2025-01-29,-1590 days
 chocolate teacakes,73.68421,2012-10-02,3,8,biscuit,48 crackers,120.0, chocolate teacakes,120.0,gingerbread structure,240.0,2.0,Chocolate lava cake,2025-01-30,-4503 days
 fortune cookies,70.27027,2017-09-05,8,2,biscuit,24 sandwich biscuits,135.0, fortune cookies,120.0,biscuit board games,210.0,2.0,my first ever cookies,2025-01-30,-2704 days
 vegan sausage rolls,72.72727,2021-11-09,12,8,free-from,8 dairy-free ice cream sandwiches,180.0, vegan sausage rolls,120.0,gluten-free celebration cake,270.0,2.0,Sausage rolls,2025-01-31,-1179 days
 fortune cookies,72.72727,2017-09-05,8,2,biscuit,24 sandwich biscuits,135.0, fortune cookies,120.0,biscuit board games,210.0,2.0,Decorated cookies,2025-02-01,-2706 days
 chocolate teacakes,75.675674,2012-10-02,3,8,biscuit,48 crackers,120.0, chocolate teacakes,120.0,gingerbread structure,240.0,2.0,Chocolate Cupcakes,2025-02-01,-4505 days
 chocolate teacakes,75.675674,2012-10-02,3,8,biscuit,48 crackers,120.0, chocolate teacakes,120.0,gingerbread structure,240.0,2.0,Chocolate Cupcakes,2025-02-01,-4505 days
 fortune cookies,70.27027,2017-09-05,8,2,biscuit,24 sandwich biscuits,135.0, fortune cookies,120.0,biscuit board games,210.0,2.0,Your favorite cookie?,2025-02-01,-2706 days
 white chocolate and blackberry cheesecakes,86.74699,2023-10-18,14,4,chocolate,chocolate torte,, white chocolate and blackberry cheesecakes,,edible chocolate box cake,,2.0,White chocolate and raspberry cheesecake,2025-02-01,-472 days
 chocolate teacakes,71.42857,2012-10-02,3,8,biscuit,48 crackers,120.0, chocolate teacakes,120.0,gingerbread structure,240.0,2.0,I made a chocolate cake,2025-02-02,-4506 days
 chocolate mini rolls,71.79487,2017-08-29,8,1,cake,fruity cake,120.0, chocolate mini rolls,120.0,illusion cake,240.0,2.0,Chocolate rolls 🤎🥛,2025-02-03,-2715 days
 chocolate mini rolls,71.79487,2017-08-29,8,1,cake,fruity cake,120.0, chocolate mini rolls,120.0,illusion cake,240.0,2.0,Chocolate rolls 🤎🥛,2025-02-03,-2715 days
 white chocolate and blackberry cheesecakes,81.01266,2023-10-18,14,4,chocolate,chocolate torte,, white chocolate and blackberry cheesecakes,,edible chocolate box cake,,2.0,White chocolate raspberry cheesecake,2025-02-05,-476 days
angel food cake,90.32258,2013-08-20,4,1,cake,sandwich cake,120.0,angel food cake,150.0,chocolate cake,240.0,,Angel food cake!,2025-02-05,-4187 days
 chocolate teacakes,74.4186,2012-10-02,3,8,biscuit,48 crackers,120.0, chocolate teacakes,120.0,gingerbread structure,240.0,2.0,Dubai chocolate cupcakes,2025-02-05,-4509 days
lemon meringue pie,79.06977,2022-10-11,13,5,desserts,8 steamed puddings,120.0,lemon meringue pie,120.0,hidden surprise mousse dessert,270.0,2.0,lemon meringue cupcakes🍋🧁,2025-02-06,-849 days
 molten chocolate puddings,71.69811,2017-09-26,8,5,pudding,steamed school pudding,180.0, molten chocolate puddings,60.0,ornamental trifle terrine,270.0,1.0,Chocolate chocolate muffins,2025-02-06,-2690 days
red velvet cake,71.79487,2022-09-13,13,1,cake,12 mini sandwich cakes,120.0,red velvet cake,120.0,3d cake home,240.0,2.0,Red velvet cupcake icing,2025-02-07,-878 days
 white chocolate and blackberry cheesecakes,75.675674,2023-10-18,14,4,chocolate,chocolate torte,, white chocolate and blackberry cheesecakes,,edible chocolate box cake,,2.0,Mint chocolate baked cheesecake,2025-02-08,-479 days
 white chocolate and blackberry cheesecakes,78.16092,2023-10-18,14,4,chocolate,chocolate torte,, white chocolate and blackberry cheesecakes,,edible chocolate box cake,,2.0,"White chocolate, lemon, blueberry Cheesecake",2025-02-10,-481 days
red velvet cake,87.5,2022-09-13,13,1,cake,12 mini sandwich cakes,120.0,red velvet cake,120.0,3d cake home,240.0,2.0,Red velvet cake 🎂,2025-02-12,-883 days
chocolate babka,75.0,2020-10-13,11,4,chocolate,18 chocolate brownies,90.0,chocolate babka,150.0,white chocolate celebration cake,240.0,2.0,chocolate ganache,2025-02-13,-1584 days
red velvet cake,78.78788,2022-09-13,13,1,cake,12 mini sandwich cakes,120.0,red velvet cake,120.0,3d cake home,240.0,2.0,Red Velvet Cupcake,2025-02-13,-884 days
red velvet cake,87.5,2022-09-13,13,1,cake,12 mini sandwich cakes,120.0,red velvet cake,120.0,3d cake home,240.0,2.0,Red velvet cake🥰🌹,2025-02-14,-885 days
cherry cake,72.72727,2014-08-06,5,1,cake,swiss roll,150.0,cherry cake,120.0,36 classic miniature british cakes,210.0,,carrot cake,2025-02-16,-3847 days
red velvet cake,77.77778,2022-09-13,13,1,cake,12 mini sandwich cakes,120.0,red velvet cake,120.0,3d cake home,240.0,2.0,Red velvet cheesecake,2025-02-16,-887 days
 chocolate teacakes,71.42857,2012-10-02,3,8,biscuit,48 crackers,120.0, chocolate teacakes,120.0,gingerbread structure,240.0,2.0,Not just chocolate cake,2025-02-16,-4520 days
chocolate roulade,76.47059,2011-09-20,2,6,desserts,baked cheesecake,150.0,chocolate roulade,105.0,croquembouche,300.0,,chocolate puddles,2025-02-17,-4899 days
 fortune cookies,77.41936,2017-09-05,8,2,biscuit,24 sandwich biscuits,135.0, fortune cookies,120.0,biscuit board games,210.0,2.0,Comfort cookies,2025-02-17,-2722 days
 arlettes,73.68421,2015-08-12,6,2,biscuit,24 biscotti,120.0, arlettes,150.0,36 biscuits and an edible biscuit box,240.0,,Tartelette,2025-02-19,-3479 days
red velvet cake,93.333336,2022-09-13,13,1,cake,12 mini sandwich cakes,120.0,red velvet cake,120.0,3d cake home,240.0,2.0,Red velvet cake,2025-02-20,-891 days
crème caramel,80.0,2012-09-04,3,4,desserts,wheat-free torte cake,180.0,crème caramel,165.0,4 layered meringue dessert,,,Crème Carmel,2025-02-20,-4552 days
 white chocolate and blackberry cheesecakes,70.12987,2023-10-18,14,4,chocolate,chocolate torte,, white chocolate and blackberry cheesecakes,,edible chocolate box cake,,2.0,white chocolate raspberry scones!!,2025-02-20,-491 days
 chocolate teacakes,73.17073,2012-10-02,3,8,biscuit,48 crackers,120.0, chocolate teacakes,120.0,gingerbread structure,240.0,2.0,Chocolate truffle cake,2025-02-21,-4525 days
red velvet cake,74.28571,2022-09-13,13,1,cake,12 mini sandwich cakes,120.0,red velvet cake,120.0,3d cake home,240.0,2.0,Red velvet cookies 😍,2025-02-21,-892 days
 baguettes,84.210526,2015-08-19,6,3,bread,2 quick breads,90.0, baguettes,150.0,3d bread sculpture,300.0,,Baguettes,2025-02-22,-3475 days
chocolate babka,74.28571,2020-10-13,11,4,chocolate,18 chocolate brownies,90.0,chocolate babka,150.0,white chocolate celebration cake,240.0,2.0,Chocolate Babka Buns,2025-02-22,-1593 days
 miniature pineapple upside-down cakes,82.666664,2020-09-22,11,1,cake,battenberg cake,120.0, miniature pineapple upside-down cakes,90.0,celebrity hero cake bust,240.0,2.0,I made a pineapple upside-down cake:),2025-02-23,-1615 days
 arlettes,72.0,2015-08-12,6,2,biscuit,24 biscotti,120.0, arlettes,150.0,36 biscuits and an edible biscuit box,240.0,,Mango tartlettes,2025-02-23,-3483 days
tiramisu cake,75.0,2014-08-27,5,4,dessert,8 self-saucing puddings,120.0,tiramisu cake,150.0,baked alaska,270.0,,Tiramisu Cheesecake,2025-02-23,-3833 days
 chocolate teacakes,70.27027,2012-10-02,3,8,biscuit,48 crackers,120.0, chocolate teacakes,120.0,gingerbread structure,240.0,2.0,Chocolate Macarons,2025-02-24,-4528 days
 chocolate teacakes,70.27027,2012-10-02,3,8,biscuit,48 crackers,120.0, chocolate teacakes,120.0,gingerbread structure,240.0,2.0,Chocolate Macarons,2025-02-24,-4528 days
 chocolate teacakes,71.42857,2012-10-02,3,8,biscuit,48 crackers,120.0, chocolate teacakes,120.0,gingerbread structure,240.0,2.0,Extra chocolate cookies,2025-02-24,-4528 days
matcha crepe cake,71.79487,2020-10-27,11,6,japanese,8 steamed buns,150.0,matcha crepe cake,120.0,kawaii cake,240.0,,Oatmeal crème pie cake,2025-02-25,-1582 days
matcha crepe cake,70.588234,2020-10-27,11,6,japanese,8 steamed buns,150.0,matcha crepe cake,120.0,kawaii cake,240.0,,My 1st crepe cake,2025-02-25,-1582 days
 miniature pineapple upside-down cakes,75.0,2020-09-22,11,1,cake,battenberg cake,120.0, miniature pineapple upside-down cakes,90.0,celebrity hero cake bust,240.0,2.0,Pineapple upside down cake,2025-02-26,-1618 days
crème caramel,75.86207,2012-09-04,3,4,desserts,wheat-free torte cake,180.0,crème caramel,165.0,4 layered meringue dessert,,,Crème Caramel :),2025-02-26,-4558 days
 chocolate teacakes,76.92308,2012-10-02,3,8,biscuit,48 crackers,120.0, chocolate teacakes,120.0,gingerbread structure,240.0,2.0,Wheat chocolate cake,2025-02-27,-4531 days
cherry cake,73.68421,2014-08-06,5,1,cake,swiss roll,150.0,cherry cake,120.0,36 classic miniature british cakes,210.0,,Dry cake,2025-02-27,-3858 days
chocolate roulade,78.78788,2011-09-20,2,6,desserts,baked cheesecake,150.0,chocolate roulade,105.0,croquembouche,300.0,,chocolate mousse,2025-02-28,-4910 days
 chocolate teacakes,71.42857,2012-10-02,3,8,biscuit,48 crackers,120.0, chocolate teacakes,120.0,gingerbread structure,240.0,2.0,Baked a chocolate cake!,2025-03-01,-4533 days
 chocolate teacakes,71.42857,2012-10-02,3,8,biscuit,48 crackers,120.0, chocolate teacakes,120.0,gingerbread structure,240.0,2.0,Baked a chocolate cake!,2025-03-01,-4533 days
 english muffins,83.870964,2013-08-27,4,2,bread,36 breadsticks,120.0, english muffins,165.0,decorative loaf,240.0,,English Muffins,2025-03-01,-4204 days
tiramisu cake,70.588234,2014-08-27,5,4,dessert,8 self-saucing puddings,120.0,tiramisu cake,150.0,baked alaska,270.0,,Tiramisu cheesecake 😋,2025-03-01,-3839 days
 fortune cookies,70.96774,2017-09-05,8,2,biscuit,24 sandwich biscuits,135.0, fortune cookies,120.0,biscuit board games,210.0,2.0,Crinkle cookies,2025-03-01,-2734 days
 chocolate teacakes,70.27027,2012-10-02,3,8,biscuit,48 crackers,120.0, chocolate teacakes,120.0,gingerbread structure,240.0,2.0,Hot Chocolate Cake,2025-03-03,-4535 days
 chocolate teacakes,73.68421,2012-10-02,3,8,biscuit,48 crackers,120.0, chocolate teacakes,120.0,gingerbread structure,240.0,2.0,Chocolate lava cake,2025-03-05,-4537 days
red velvet cake,72.22222,2022-09-13,13,1,cake,12 mini sandwich cakes,120.0,red velvet cake,120.0,3d cake home,240.0,2.0,Red Velvet Cheesecake,2025-03-06,-905 days
red velvet cake,74.28571,2022-09-13,13,1,cake,12 mini sandwich cakes,120.0,red velvet cake,120.0,3d cake home,240.0,2.0,Red Velvet Cupcakes!,2025-03-07,-906 days
scones,72.72727,2010-08-24,1,2,biscuit,personality biscuits,120.0,scones,60.0,"meringue, choux, and macaron petits fours",240.0,1.0,Scone,2025-03-07,-5309 days
 chocolate teacakes,73.17073,2012-10-02,3,8,biscuit,48 crackers,120.0, chocolate teacakes,120.0,gingerbread structure,240.0,2.0,chocolate pb cupcakes!,2025-03-08,-4540 days
lemon meringue pie,83.333336,2022-10-11,13,5,desserts,8 steamed puddings,120.0,lemon meringue pie,120.0,hidden surprise mousse dessert,270.0,2.0,Lemon Meringue Pie,2025-03-09,-880 days
lemon meringue pie,94.44444,2022-10-11,13,5,desserts,8 steamed puddings,120.0,lemon meringue pie,120.0,hidden surprise mousse dessert,270.0,2.0,Lemon meringue pie,2025-03-09,-880 days
victoria sandwich,70.588234,2010-08-17,1,1,cake,cake,180.0,victoria sandwich,,chocolate celebration cake,,1.0,Focaccia sandwich,2025-03-09,-5318 days
red velvet cake,80.0,2022-09-13,13,1,cake,12 mini sandwich cakes,120.0,red velvet cake,120.0,3d cake home,240.0,2.0,Red Velvet Cake,2025-03-10,-909 days
tiramisu cake,75.0,2014-08-27,5,4,dessert,8 self-saucing puddings,120.0,tiramisu cake,150.0,baked alaska,270.0,,Tiramisu Cheesecake,2025-03-11,-3849 days
 sticky toffee puddings,80.95238,2021-10-12,12,4,desserts,pavlova,165.0, sticky toffee puddings,90.0,joconde imprime dessert,270.0,2.0,sticky date pudding,2025-03-11,-1246 days
focaccia,87.5,2011-08-30,2,3,bread,free form loaf,195.0,focaccia,210.0,12 sweet and 12 savoury rolls,300.0,,Focaccia,2025-03-11,-4942 days
 chocolate teacakes,72.72727,2012-10-02,3,8,biscuit,48 crackers,120.0, chocolate teacakes,120.0,gingerbread structure,240.0,2.0,Dark chocolate cheesecake,2025-03-12,-4544 days
focaccia,72.72727,2011-08-30,2,3,bread,free form loaf,195.0,focaccia,210.0,12 sweet and 12 savoury rolls,300.0,,peach focaccia,2025-03-13,-4944 days
 chocolate teacakes,75.675674,2012-10-02,3,8,biscuit,48 crackers,120.0, chocolate teacakes,120.0,gingerbread structure,240.0,2.0,chocolate crinkles,2025-03-14,-4546 days
 chocolate teacakes,75.675674,2012-10-02,3,8,biscuit,48 crackers,120.0, chocolate teacakes,120.0,gingerbread structure,240.0,2.0,Chocolate cupcakes,2025-03-14,-4546 days
 miniature pineapple upside-down cakes,71.42857,2020-09-22,11,1,cake,battenberg cake,120.0, miniature pineapple upside-down cakes,90.0,celebrity hero cake bust,240.0,2.0,First time trying pineapple upside down cake 🍍,2025-03-15,-1635 days
 miniature pineapple upside-down cakes,71.875,2020-09-22,11,1,cake,battenberg cake,120.0, miniature pineapple upside-down cakes,90.0,celebrity hero cake bust,240.0,2.0,Pineapple Upside-down Cake,2025-03-18,-1638 days
scones,83.333336,2010-08-24,1,2,biscuit,personality biscuits,120.0,scones,60.0,"meringue, choux, and macaron petits fours",240.0,1.0,Scones,2025-03-18,-5320 days
 chocolate teacakes,72.72727,2012-10-02,3,8,biscuit,48 crackers,120.0, chocolate teacakes,120.0,gingerbread structure,240.0,2.0,Hot chocolate cheese cake,2025-03-18,-4550 days
cherry cake,71.42857,2014-08-06,5,1,cake,swiss roll,150.0,cherry cake,120.0,36 classic miniature british cakes,210.0,,Cherry cheesecake,2025-03-20,-3879 days
 gluten-free pita bread,70.96774,2015-09-02,6,5,alternative ingredients,sugar-free cake,150.0, gluten-free pita bread,120.0,dairy-free ice cream roll,270.0,,I make gluten-free pastries and breads!,2025-03-20,-3487 days
 sticky toffee puddings,81.818184,2021-10-12,12,4,desserts,pavlova,165.0, sticky toffee puddings,90.0,joconde imprime dessert,270.0,2.0,Sticky Toffee Pudding,2025-03-21,-1256 days
 belgian buns,84.61539,2021-11-23,12,10,final,carrot cake,135.0, belgian buns,150.0,mad hatter tea party display,270.0,1.0,Belgian buns!,2025-03-22,-1215 days
 molten chocolate puddings,72.0,2017-09-26,8,5,pudding,steamed school pudding,180.0, molten chocolate puddings,60.0,ornamental trifle terrine,270.0,1.0,Double chocolate muffins,2025-03-23,-2735 days
 chocolate teacakes,71.42857,2012-10-02,3,8,biscuit,48 crackers,120.0, chocolate teacakes,120.0,gingerbread structure,240.0,2.0,Death by chocolate cake,2025-03-23,-4555 days
 caramel biscuit bars,72.22222,2021-11-02,12,7,caramel,caramel tart,150.0, caramel biscuit bars,90.0,domed or sphered caramel dessert,270.0,3.0,caramel custard,2025-03-23,-1237 days
cherry cake,72.0,2014-08-06,5,1,cake,swiss roll,150.0,cherry cake,120.0,36 classic miniature british cakes,210.0,,Raspberry cake,2025-03-23,-3882 days
 chocolate teacakes,71.42857,2012-10-02,3,8,biscuit,48 crackers,120.0, chocolate teacakes,120.0,gingerbread structure,240.0,2.0,Death by chocolate cake,2025-03-23,-4555 days
 chocolate teacakes,71.42857,2012-10-02,3,8,biscuit,48 crackers,120.0, chocolate teacakes,120.0,gingerbread structure,240.0,2.0,my first chocolate cake,2025-03-24,-4556 days
 chocolate teacakes,72.72727,2012-10-02,3,8,biscuit,48 crackers,120.0, chocolate teacakes,120.0,gingerbread structure,240.0,2.0,Ruby chocolate cheesecake,2025-03-24,-4556 days
tarte au citron,81.25,2011-08-23,2,2,tarts,quiche,120.0,tarte au citron,90.0,24 miniature sweet tarts,,,✨Tarte au Citron✨,2025-03-24,-4962 days
 chocolate teacakes,78.78788,2012-10-02,3,8,biscuit,48 crackers,120.0, chocolate teacakes,120.0,gingerbread structure,240.0,2.0,Chocolate cake,2025-03-25,-4557 days
 chocolate teacakes,76.92308,2012-10-02,3,8,biscuit,48 crackers,120.0, chocolate teacakes,120.0,gingerbread structure,240.0,2.0,Best chocolate cake!,2025-03-25,-4557 days
 chocolate teacakes,76.92308,2012-10-02,3,8,biscuit,48 crackers,120.0, chocolate teacakes,120.0,gingerbread structure,240.0,2.0,Best chocolate cake!,2025-03-25,-4557 days
malt loaf,70.588234,2021-09-21,12,1,cake,12 mini swill rolls,120.0,malt loaf,120.0,anti-gravity illusion cake,240.0,1.0,Meatloaf,2025-03-26,-1282 days
lemon meringue pie,74.4186,2022-10-11,13,5,desserts,8 steamed puddings,120.0,lemon meringue pie,120.0,hidden surprise mousse dessert,270.0,2.0,Lemon meringue cupcakes !,2025-03-26,-897 days
 white chocolate and blackberry cheesecakes,70.12987,2023-10-18,14,4,chocolate,chocolate torte,, white chocolate and blackberry cheesecakes,,edible chocolate box cake,,2.0,No bake chocolate halva cheesecake,2025-03-26,-525 days
 chocolate teacakes,78.78788,2012-10-02,3,8,biscuit,48 crackers,120.0, chocolate teacakes,120.0,gingerbread structure,240.0,2.0,Chocolate cake,2025-03-28,-4560 days
cherry cake,72.0,2014-08-06,5,1,cake,swiss roll,150.0,cherry cake,120.0,36 classic miniature british cakes,210.0,,Raspberry cake,2025-03-29,-3888 days
 jam doughnuts,70.588234,2012-09-25,3,7,sweet dough,24 sweet buns,180.0, jam doughnuts,150.0,celebratory loaf,,,First time doughnuts,2025-03-29,-4568 days
red velvet cake,82.35294,2022-09-13,13,1,cake,12 mini sandwich cakes,120.0,red velvet cake,120.0,3d cake home,240.0,2.0,Red velvet cupcakes,2025-03-29,-928 days
lemon meringue pie,71.42857,2022-10-11,13,5,desserts,8 steamed puddings,120.0,lemon meringue pie,120.0,hidden surprise mousse dessert,270.0,2.0,Soupy Lemon Meringue Pie,2025-03-30,-901 days
red velvet cake,77.77778,2022-09-13,13,1,cake,12 mini sandwich cakes,120.0,red velvet cake,120.0,3d cake home,240.0,2.0,Red velvet cupcakes!🧁,2025-03-30,-929 days
red velvet cake,80.0,2022-09-13,13,1,cake,12 mini sandwich cakes,120.0,red velvet cake,120.0,3d cake home,240.0,2.0,red velvet,2025-03-30,-929 days
 chocolate teacakes,75.0,2012-10-02,3,8,biscuit,48 crackers,120.0, chocolate teacakes,120.0,gingerbread structure,240.0,2.0,German chocolate cake,2025-04-01,-4564 days
 chocolate teacakes,71.42857,2012-10-02,3,8,biscuit,48 crackers,120.0, chocolate teacakes,120.0,gingerbread structure,240.0,2.0,The best chocolate cake,2025-04-02,-4565 days
 chocolate mini rolls,83.72093,2017-08-29,8,1,cake,fruity cake,120.0, chocolate mini rolls,120.0,illusion cake,240.0,2.0,chocolate danish rolls,2025-04-03,-2774 days
 miniature pineapple upside-down cakes,72.5,2020-09-22,11,1,cake,battenberg cake,120.0, miniature pineapple upside-down cakes,90.0,celebrity hero cake bust,240.0,2.0,I baked a pineapple upside down cake today,2025-04-04,-1655 days
 miniature pineapple upside-down cakes,75.0,2020-09-22,11,1,cake,battenberg cake,120.0, miniature pineapple upside-down cakes,90.0,celebrity hero cake bust,240.0,2.0,Pineapple upside down cake,2025-04-05,-1656 days
 angel cake slices,72.72727,2019-08-27,10,1,cake,fruit cake,150.0, angel cake slices,105.0,birthday cake,240.0,3.0,an angel cake 🎂,2025-04-06,-2049 days
 chocolate teacakes,71.42857,2012-10-02,3,8,biscuit,48 crackers,120.0, chocolate teacakes,120.0,gingerbread structure,240.0,2.0,Homemade chocolate cake,2025-04-07,-4570 days
 chocolate teacakes,71.42857,2012-10-02,3,8,biscuit,48 crackers,120.0, chocolate teacakes,120.0,gingerbread structure,240.0,2.0,Homemade chocolate cake,2025-04-07,-4570 days
 chocolate teacakes,71.79487,2012-10-02,3,8,biscuit,48 crackers,120.0, chocolate teacakes,120.0,gingerbread structure,240.0,2.0,Chocolate fudge cake,2025-04-07,-4570 days
 white chocolate and blackberry cheesecakes,73.809525,2023-10-18,14,4,chocolate,chocolate torte,, white chocolate and blackberry cheesecakes,,edible chocolate box cake,,2.0,White Chocolate Raspberry Cheesecake Bars,2025-04-08,-538 days
focaccia,100.0,2011-08-30,2,3,bread,free form loaf,195.0,focaccia,210.0,12 sweet and 12 savoury rolls,300.0,,focaccia,2025-04-10,-4972 days
cherry cake,72.0,2014-08-06,5,1,cake,swiss roll,150.0,cherry cake,120.0,36 classic miniature british cakes,210.0,,Blueberry cake,2025-04-10,-3900 days
focaccia,77.77778,2011-08-30,2,3,bread,free form loaf,195.0,focaccia,210.0,12 sweet and 12 savoury rolls,300.0,,Focaccia…🤩,2025-04-10,-4972 days
lemon meringue pie,72.72727,2022-10-11,13,5,desserts,8 steamed puddings,120.0,lemon meringue pie,120.0,hidden surprise mousse dessert,270.0,2.0,lemon cream pie,2025-04-10,-912 days
tiramisu cake,75.0,2014-08-27,5,4,dessert,8 self-saucing puddings,120.0,tiramisu cake,150.0,baked alaska,270.0,,Tiramisu pancake 🥞🍫,2025-04-13,-3882 days
mille-feuille,76.92308,2015-10-07,6,10,final,16 iced buns,180.0,mille-feuille,120.0,classic british cake,240.0,2.0,Mille Feuille,2025-04-14,-3477 days
chocolate roulade,74.28571,2011-09-20,2,6,desserts,baked cheesecake,150.0,chocolate roulade,105.0,croquembouche,300.0,,Chocolate truffles,2025-04-14,-4955 days
red velvet cake,80.0,2022-09-13,13,1,cake,12 mini sandwich cakes,120.0,red velvet cake,120.0,3d cake home,240.0,2.0,Red Velvet Cake,2025-04-16,-946 days
scones,83.333336,2010-08-24,1,2,biscuit,personality biscuits,120.0,scones,60.0,"meringue, choux, and macaron petits fours",240.0,1.0,Scones,2025-04-17,-5350 days
 miniature pineapple upside-down cakes,70.454544,2020-09-22,11,1,cake,battenberg cake,120.0, miniature pineapple upside-down cakes,90.0,celebrity hero cake bust,240.0,2.0,I forgot how amazing pineapple upside down cake is,2025-04-17,-1668 days
 chocolate mini rolls,77.77778,2017-08-29,8,1,cake,fruity cake,120.0, chocolate mini rolls,120.0,illusion cake,240.0,2.0,Chocolate rolls,2025-04-18,-2789 days
 chocolate mini rolls,77.77778,2017-08-29,8,1,cake,fruity cake,120.0, chocolate mini rolls,120.0,illusion cake,240.0,2.0,Chocolate rolls,2025-04-18,-2789 days
focaccia,72.72727,2011-08-30,2,3,bread,free form loaf,195.0,focaccia,210.0,12 sweet and 12 savoury rolls,300.0,,First focaccia,2025-04-18,-4980 days
 fortune cookies,72.72727,2017-09-05,8,2,biscuit,24 sandwich biscuits,135.0, fortune cookies,120.0,biscuit board games,210.0,2.0,mint oreo cookies,2025-04-19,-2783 days
 chocolate teacakes,75.0,2012-10-02,3,8,biscuit,48 crackers,120.0, chocolate teacakes,120.0,gingerbread structure,240.0,2.0,German chocolate cake,2025-04-19,-4582 days
lemon meringue pie,83.333336,2022-10-11,13,5,desserts,8 steamed puddings,120.0,lemon meringue pie,120.0,hidden surprise mousse dessert,270.0,2.0,Lemon Meringue Pie,2025-04-20,-922 days
focaccia,72.72727,2011-08-30,2,3,bread,free form loaf,195.0,focaccia,210.0,12 sweet and 12 savoury rolls,300.0,,focaccia bread,2025-04-20,-4982 days
focaccia,87.5,2011-08-30,2,3,bread,free form loaf,195.0,focaccia,210.0,12 sweet and 12 savoury rolls,300.0,,Focaccia,2025-04-20,-4982 days
red velvet cake,76.47059,2022-09-13,13,1,cake,12 mini sandwich cakes,120.0,red velvet cake,120.0,3d cake home,240.0,2.0,Red velvet cookies🍪,2025-04-21,-951 days
 hand-shaped coconut macaroons,75.471695,2020-09-29,11,2,biscuit,36 chocolate florentines,120.0, hand-shaped coconut macaroons,105.0,3d biscuit table setting,240.0,1.0,Vegan coconut macaroons,2025-04-22,-1666 days
chocolate roulade,75.0,2011-09-20,2,6,desserts,baked cheesecake,150.0,chocolate roulade,105.0,croquembouche,300.0,,Chocolate Molds,2025-04-22,-4963 days
red velvet cake,84.84849,2022-09-13,13,1,cake,12 mini sandwich cakes,120.0,red velvet cake,120.0,3d cake home,240.0,2.0,red velvet cookies,2025-04-22,-952 days
chocolate babka,75.86207,2020-10-13,11,4,chocolate,18 chocolate brownies,90.0,chocolate babka,150.0,white chocolate celebration cake,240.0,2.0,Chocolate Cake,2025-04-23,-1653 days
bakewell tart,88.888885,2016-09-21,7,5,pastry,24 breakfast pastries,210.0,bakewell tart,150.0,48 filo amuse-bouche,240.0,,Bakewell tart!,2025-04-25,-3138 days
red velvet cake,70.588234,2022-09-13,13,1,cake,12 mini sandwich cakes,120.0,red velvet cake,120.0,3d cake home,240.0,2.0,red velvet brownies,2025-04-26,-956 days
lemon and thyme drizzle cake,79.245285,2023-10-31,14,6,botanical,12 individual spiced buns,165.0,lemon and thyme drizzle cake,90.0,floral dessert,240.0,,Lemon and thyme loaf cake,2025-04-26,-543 days
lemon and thyme drizzle cake,79.245285,2023-10-31,14,6,botanical,12 individual spiced buns,165.0,lemon and thyme drizzle cake,90.0,floral dessert,240.0,,Lemon and thyme loaf cake,2025-04-26,-543 days
 fortune cookies,70.96774,2017-09-05,8,2,biscuit,24 sandwich biscuits,135.0, fortune cookies,120.0,biscuit board games,210.0,2.0,S’mores cookies,2025-04-26,-2790 days
 english muffins,93.75,2013-08-27,4,2,bread,36 breadsticks,120.0, english muffins,165.0,decorative loaf,240.0,,english muffins!,2025-04-27,-4261 days
 english muffins,93.75,2013-08-27,4,2,bread,36 breadsticks,120.0, english muffins,165.0,decorative loaf,240.0,,english muffins!,2025-04-27,-4261 days
 fortune cookies,70.96774,2017-09-05,8,2,biscuit,24 sandwich biscuits,135.0, fortune cookies,120.0,biscuit board games,210.0,2.0,S’mores cookies,2025-04-27,-2791 days
 english muffins,75.0,2013-08-27,4,2,bread,36 breadsticks,120.0, english muffins,165.0,decorative loaf,240.0,,1st Time English Muffins,2025-04-28,-4262 days
red velvet cake,80.0,2022-09-13,13,1,cake,12 mini sandwich cakes,120.0,red velvet cake,120.0,3d cake home,240.0,2.0,Red Velvet Cake,2025-04-29,-959 days
chocolate babka,75.86207,2020-10-13,11,4,chocolate,18 chocolate brownies,90.0,chocolate babka,150.0,white chocolate celebration cake,240.0,2.0,Chocolate Cake,2025-04-29,-1659 days
 chocolate teacakes,70.27027,2012-10-02,3,8,biscuit,48 crackers,120.0, chocolate teacakes,120.0,gingerbread structure,240.0,2.0,Chocolate Macarons,2025-04-29,-4592 days
 chocolate teacakes,75.0,2012-10-02,3,8,biscuit,48 crackers,120.0, chocolate teacakes,120.0,gingerbread structure,240.0,2.0,6 inch chocolate cake,2025-04-30,-4593 days
 miniature pineapple upside-down cakes,75.0,2020-09-22,11,1,cake,battenberg cake,120.0, miniature pineapple upside-down cakes,90.0,celebrity hero cake bust,240.0,2.0,Pineapple upside down cake,2025-04-30,-1681 days
 chocolate teacakes,76.92308,2012-10-02,3,8,biscuit,48 crackers,120.0, chocolate teacakes,120.0,gingerbread structure,240.0,2.0,Go to chocolate cake,2025-05-01,-4594 days
cherry cake,72.0,2014-08-06,5,1,cake,swiss roll,150.0,cherry cake,120.0,36 classic miniature british cakes,210.0,,Starberry cake,2025-05-03,-3923 days
scones,83.333336,2010-08-24,1,2,biscuit,personality biscuits,120.0,scones,60.0,"meringue, choux, and macaron petits fours",240.0,1.0,Scones,2025-05-03,-5366 days
 chocolate teacakes,73.17073,2012-10-02,3,8,biscuit,48 crackers,120.0, chocolate teacakes,120.0,gingerbread structure,240.0,2.0,Hot Chocolate Cupcakes,2025-05-03,-4596 days
frosted walnut layer cake,74.4186,2015-08-05,6,1,cake,madeira cake,120.0,frosted walnut layer cake,105.0,black forest gâteau,210.0,2.0,first 3 layer cake,2025-05-03,-3559 days
scones,76.92308,2010-08-24,1,2,biscuit,personality biscuits,120.0,scones,60.0,"meringue, choux, and macaron petits fours",240.0,1.0,Scones!,2025-05-03,-5366 days
angel food cake,80.0,2013-08-20,4,1,cake,sandwich cake,120.0,angel food cake,150.0,chocolate cake,240.0,,Angel Food Cake,2025-05-04,-4275 days
 chocolate teacakes,73.17073,2012-10-02,3,8,biscuit,48 crackers,120.0, chocolate teacakes,120.0,gingerbread structure,240.0,2.0,Crusty chocolate cake.,2025-05-06,-4599 days
lemon meringue pie,71.79487,2022-10-11,13,5,desserts,8 steamed puddings,120.0,lemon meringue pie,120.0,hidden surprise mousse dessert,270.0,2.0,Lemon meringue tart 🍋,2025-05-06,-938 days
 miniature pineapple upside-down cakes,71.875,2020-09-22,11,1,cake,battenberg cake,120.0, miniature pineapple upside-down cakes,90.0,celebrity hero cake bust,240.0,2.0,Pineapple Upside-down Cake,2025-05-06,-1687 days
 jam doughnuts,70.588234,2012-09-25,3,7,sweet dough,24 sweet buns,180.0, jam doughnuts,150.0,celebratory loaf,,,Milk bread doughnuts,2025-05-08,-4608 days
mille-feuille,84.61539,2015-10-07,6,10,final,16 iced buns,180.0,mille-feuille,120.0,classic british cake,240.0,2.0,Mille-Feuille,2025-05-08,-3501 days
lemon meringue pie,73.17073,2022-10-11,13,5,desserts,8 steamed puddings,120.0,lemon meringue pie,120.0,hidden surprise mousse dessert,270.0,2.0,Lemon Meringue Cupcakes,2025-05-09,-941 days
focaccia,87.5,2011-08-30,2,3,bread,free form loaf,195.0,focaccia,210.0,12 sweet and 12 savoury rolls,300.0,,Focaccia,2025-05-09,-5001 days
 chocolate teacakes,71.111115,2012-10-02,3,8,biscuit,48 crackers,120.0, chocolate teacakes,120.0,gingerbread structure,240.0,2.0,German chocolate cupcakes!,2025-05-10,-4603 days
matcha crepe cake,72.72727,2020-10-27,11,6,japanese,8 steamed buns,150.0,matcha crepe cake,120.0,kawaii cake,240.0,,first crepe cake,2025-05-12,-1658 days
angel food cake,93.333336,2013-08-20,4,1,cake,sandwich cake,120.0,angel food cake,150.0,chocolate cake,240.0,,Angel food cake,2025-05-12,-4283 days
red velvet cake,71.79487,2022-09-13,13,1,cake,12 mini sandwich cakes,120.0,red velvet cake,120.0,3d cake home,240.0,2.0,Red velvet birthday cake,2025-05-12,-972 days
red velvet cake,71.79487,2022-09-13,13,1,cake,12 mini sandwich cakes,120.0,red velvet cake,120.0,3d cake home,240.0,2.0,Red velvet birthday cake,2025-05-12,-972 days
chocolate babka,70.96774,2020-10-13,11,4,chocolate,18 chocolate brownies,90.0,chocolate babka,150.0,white chocolate celebration cake,240.0,2.0,Chocolate bagels,2025-05-13,-1673 days
 chocolate teacakes,75.675674,2012-10-02,3,8,biscuit,48 crackers,120.0, chocolate teacakes,120.0,gingerbread structure,240.0,2.0,Chocolate cupcakes,2025-05-13,-4606 days
lemon meringue pie,87.17949,2022-10-11,13,5,desserts,8 steamed puddings,120.0,lemon meringue pie,120.0,hidden surprise mousse dessert,270.0,2.0,Lemon meringue pie ✨🍋,2025-05-14,-946 days
lemon meringue pie,89.47369,2022-10-11,13,5,desserts,8 steamed puddings,120.0,lemon meringue pie,120.0,hidden surprise mousse dessert,270.0,2.0,Lemon meringue pie 🍋,2025-05-14,-946 days
lemon meringue pie,89.47369,2022-10-11,13,5,desserts,8 steamed puddings,120.0,lemon meringue pie,120.0,hidden surprise mousse dessert,270.0,2.0,Lemon meringue pie 🍋,2025-05-14,-946 days
lemon meringue pie,94.44444,2022-10-11,13,5,desserts,8 steamed puddings,120.0,lemon meringue pie,120.0,hidden surprise mousse dessert,270.0,2.0,Lemon meringue pie,2025-05-14,-946 days
 egg custard tarts,70.588234,2013-09-10,4,4,pies and tarts,double crust fruit pie,120.0, egg custard tarts,120.0,filo pie,240.0,,Ube Custard Tart,2025-05-16,-4266 days
angel food cake,70.96774,2013-08-20,4,1,cake,sandwich cake,120.0,angel food cake,150.0,chocolate cake,240.0,,Mango cloud cake,2025-05-18,-4289 days
red velvet cake,78.78788,2022-09-13,13,1,cake,12 mini sandwich cakes,120.0,red velvet cake,120.0,3d cake home,240.0,2.0,Red velvet cookies,2025-05-20,-980 days
mini pear pies,71.42857,2014-09-03,5,5,pies and tarts,custard tart,150.0,mini pear pies,120.0,three-tiered pie,270.0,,First pear pie,2025-05-23,-3915 days
 miniature pineapple upside-down cakes,75.0,2020-09-22,11,1,cake,battenberg cake,120.0, miniature pineapple upside-down cakes,90.0,celebrity hero cake bust,240.0,2.0,My first ever pineapple upside down cake!!,2025-05-23,-1704 days
focaccia,82.35294,2011-08-30,2,3,bread,free form loaf,195.0,focaccia,210.0,12 sweet and 12 savoury rolls,300.0,,Focaccia💕,2025-05-24,-5016 days
chocolate babka,75.86207,2020-10-13,11,4,chocolate,18 chocolate brownies,90.0,chocolate babka,150.0,white chocolate celebration cake,240.0,2.0,Chocolate Cake,2025-05-24,-1684 days
cherry cake,72.72727,2014-08-06,5,1,cake,swiss roll,150.0,cherry cake,120.0,36 classic miniature british cakes,210.0,,carrot cake,2025-05-24,-3944 days
lemon meringue pie,83.72093,2022-10-11,13,5,desserts,8 steamed puddings,120.0,lemon meringue pie,120.0,hidden surprise mousse dessert,270.0,2.0,Watery lemon meringue pie,2025-05-24,-956 days
angel food cake,72.0,2013-08-20,4,1,cake,sandwich cake,120.0,angel food cake,150.0,chocolate cake,240.0,,Mango cake,2025-05-24,-4295 days
 miniature pineapple upside-down cakes,73.68421,2020-09-22,11,1,cake,battenberg cake,120.0, miniature pineapple upside-down cakes,90.0,celebrity hero cake bust,240.0,2.0,Darth Vader Pineapple Upside-down cake,2025-05-24,-1705 days
red velvet cake,77.77778,2022-09-13,13,1,cake,12 mini sandwich cakes,120.0,red velvet cake,120.0,3d cake home,240.0,2.0,Red velvet pound cake,2025-05-25,-985 days
frasier cake,88.0,2012-10-09,3,9,pâtisserie,3 types of petits fours,,frasier cake,150.0,choux pastry gâteau,,,Fraisier cake,2025-05-25,-4611 days
tiramisu cake,100.0,2014-08-27,5,4,dessert,8 self-saucing puddings,120.0,tiramisu cake,150.0,baked alaska,270.0,,tiramisu cake,2025-05-26,-3925 days
frasier cake,72.0,2012-10-09,3,9,pâtisserie,3 types of petits fours,,frasier cake,150.0,choux pastry gâteau,,,Practice cake,2025-05-26,-4612 days
 white chocolate and blackberry cheesecakes,72.72727,2023-10-18,14,4,chocolate,chocolate torte,, white chocolate and blackberry cheesecakes,,edible chocolate box cake,,2.0,White chocolate raspberry cupcakes,2025-05-26,-586 days
 viennese whirls,76.47059,2016-08-31,7,2,biscuit,24 iced biscuits,150.0, viennese whirls,90.0,gingerbread 3d scene,240.0,2.0,Viennese Whirls is,2025-05-27,-3191 days
 chocolate teacakes,70.27027,2012-10-02,3,8,biscuit,48 crackers,120.0, chocolate teacakes,120.0,gingerbread structure,240.0,2.0,Chocolate crinkles,2025-05-29,-4622 days
lemon and thyme drizzle cake,73.91304,2023-10-31,14,6,botanical,12 individual spiced buns,165.0,lemon and thyme drizzle cake,90.0,floral dessert,240.0,,Lemon drizzle cake,2025-05-29,-576 days
angel food cake,93.333336,2013-08-20,4,1,cake,sandwich cake,120.0,angel food cake,150.0,chocolate cake,240.0,,Angel food cake,2025-05-29,-4300 days
lemon meringue pie,72.34042,2022-10-11,13,5,desserts,8 steamed puddings,120.0,lemon meringue pie,120.0,hidden surprise mousse dessert,270.0,2.0,lemon curd meringue cupcakes!,2025-05-30,-962 days
 miniature pineapple upside-down cakes,70.588234,2020-09-22,11,1,cake,battenberg cake,120.0, miniature pineapple upside-down cakes,90.0,celebrity hero cake bust,240.0,2.0,My first time making pineapple upside down cake,2025-05-30,-1711 days
scones,76.92308,2010-08-24,1,2,biscuit,personality biscuits,120.0,scones,60.0,"meringue, choux, and macaron petits fours",240.0,1.0,Scones!,2025-05-31,-5394 days
chocolate roulade,70.588234,2011-09-20,2,6,desserts,baked cheesecake,150.0,chocolate roulade,105.0,croquembouche,300.0,,Chocolate Cobbler,2025-05-31,-5002 days
red velvet cake,80.0,2022-09-13,13,1,cake,12 mini sandwich cakes,120.0,red velvet cake,120.0,3d cake home,240.0,2.0,Red Velvet Cake,2025-06-05,-996 days
focaccia,94.117645,2011-08-30,2,3,bread,free form loaf,195.0,focaccia,210.0,12 sweet and 12 savoury rolls,300.0,,focaccia!,2025-06-06,-5029 days
chocolate babka,73.333336,2020-10-13,11,4,chocolate,18 chocolate brownies,90.0,chocolate babka,150.0,white chocolate celebration cake,240.0,2.0,Chocolate Cake🧁,2025-06-06,-1697 days
tiramisu cake,75.86207,2014-08-27,5,4,dessert,8 self-saucing puddings,120.0,tiramisu cake,150.0,baked alaska,270.0,,Tiramisu cookies,2025-06-06,-3936 days
chocolate babka,75.86207,2020-10-13,11,4,chocolate,18 chocolate brownies,90.0,chocolate babka,150.0,white chocolate celebration cake,240.0,2.0,Chocolate Cake,2025-06-07,-1698 days
 chocolate teacakes,72.22222,2012-10-02,3,8,biscuit,48 crackers,120.0, chocolate teacakes,120.0,gingerbread structure,240.0,2.0,Chocolate cookies,2025-06-08,-4632 days
chocolate babka,86.666664,2020-10-13,11,4,chocolate,18 chocolate brownies,90.0,chocolate babka,150.0,white chocolate celebration cake,240.0,2.0,Chocolate Babka,2025-06-10,-1701 days
chocolate babka,86.666664,2020-10-13,11,4,chocolate,18 chocolate brownies,90.0,chocolate babka,150.0,white chocolate celebration cake,240.0,2.0,Chocolate Babka,2025-06-10,-1701 days
chocolate babka,86.666664,2020-10-13,11,4,chocolate,18 chocolate brownies,90.0,chocolate babka,150.0,white chocolate celebration cake,240.0,2.0,Chocolate Babka,2025-06-10,-1701 days
angel food cake,80.0,2013-08-20,4,1,cake,sandwich cake,120.0,angel food cake,150.0,chocolate cake,240.0,,Angel Food Cake,2025-06-10,-4312 days
focaccia,82.35294,2011-08-30,2,3,bread,free form loaf,195.0,focaccia,210.0,12 sweet and 12 savoury rolls,300.0,,Focaccia!,2025-06-11,-5034 days
focaccia,75.0,2011-08-30,2,3,bread,free form loaf,195.0,focaccia,210.0,12 sweet and 12 savoury rolls,300.0,,Foccacia,2025-06-11,-5034 days
 miniature pineapple upside-down cakes,72.72727,2020-09-22,11,1,cake,battenberg cake,120.0, miniature pineapple upside-down cakes,90.0,celebrity hero cake bust,240.0,2.0,Soaked pineapple rum upside down cake 🍹,2025-06-11,-1723 days
tiramisu cake,73.333336,2014-08-27,5,4,dessert,8 self-saucing puddings,120.0,tiramisu cake,150.0,baked alaska,270.0,,Tiramisu cookies!,2025-06-11,-3941 days
mini pear pies,70.96774,2014-09-03,5,5,pies and tarts,custard tart,150.0,mini pear pies,120.0,three-tiered pie,270.0,,Mini apple pies 🥧,2025-06-12,-3935 days
red velvet cake,76.47059,2022-09-13,13,1,cake,12 mini sandwich cakes,120.0,red velvet cake,120.0,3d cake home,240.0,2.0,Red Velvet Cupcakes,2025-06-14,-1005 days
scones,71.42857,2010-08-24,1,2,biscuit,personality biscuits,120.0,scones,60.0,"meringue, choux, and macaron petits fours",240.0,1.0,Scones 🍓,2025-06-17,-5411 days
 baguettes,77.77778,2015-08-19,6,3,bread,2 quick breads,90.0, baguettes,150.0,3d bread sculpture,300.0,,Baguette,2025-06-18,-3591 days
focaccia,73.68421,2011-08-30,2,3,bread,free form loaf,195.0,focaccia,210.0,12 sweet and 12 savoury rolls,300.0,,Focaccia 🍒🍒,2025-06-18,-5041 days
 chocolate teacakes,71.42857,2012-10-02,3,8,biscuit,48 crackers,120.0, chocolate teacakes,120.0,gingerbread structure,240.0,2.0,Cocoa chocolate cookies,2025-06-20,-4644 days
 chocolate mini rolls,74.4186,2017-08-29,8,1,cake,fruity cake,120.0, chocolate mini rolls,120.0,illusion cake,240.0,2.0,banana chocolate rolls,2025-06-20,-2852 days
frasier cake,76.190475,2012-10-09,3,9,pâtisserie,3 types of petits fours,,frasier cake,150.0,choux pastry gâteau,,,farm cake,2025-06-22,-4639 days
chocolate babka,75.86207,2020-10-13,11,4,chocolate,18 chocolate brownies,90.0,chocolate babka,150.0,white chocolate celebration cake,240.0,2.0,Chocolate Cake,2025-06-22,-1713 days
 chocolate teacakes,78.78788,2012-10-02,3,8,biscuit,48 crackers,120.0, chocolate teacakes,120.0,gingerbread structure,240.0,2.0,Chocolate cake,2025-06-22,-4646 days
chocolate roulade,70.96774,2011-09-20,2,6,desserts,baked cheesecake,150.0,chocolate roulade,105.0,croquembouche,300.0,,Chocolate Flan,2025-06-22,-5024 days
sachertorte,90.90909,2011-10-04,2,8,final,12 mille-feuille,150.0,sachertorte,160.0,3 types of petits fours,240.0,,Sachertorte,2025-06-23,-5011 days
 chocolate teacakes,78.78788,2012-10-02,3,8,biscuit,48 crackers,120.0, chocolate teacakes,120.0,gingerbread structure,240.0,2.0,Chocolate cake,2025-06-26,-4650 days
focaccia,87.5,2011-08-30,2,3,bread,free form loaf,195.0,focaccia,210.0,12 sweet and 12 savoury rolls,300.0,,Focaccia,2025-06-26,-5049 days
focaccia,87.5,2011-08-30,2,3,bread,free form loaf,195.0,focaccia,210.0,12 sweet and 12 savoury rolls,300.0,,Focaccia,2025-06-27,-5050 days
red velvet cake,80.0,2022-09-13,13,1,cake,12 mini sandwich cakes,120.0,red velvet cake,120.0,3d cake home,240.0,2.0,Red Velvet Cake,2025-06-28,-1019 days
lemon and thyme drizzle cake,74.57627,2023-10-31,14,6,botanical,12 individual spiced buns,165.0,lemon and thyme drizzle cake,90.0,floral dessert,240.0,,Lemon and thyme mini loaf cakes,2025-07-02,-610 days
lemon and thyme drizzle cake,74.57627,2023-10-31,14,6,botanical,12 individual spiced buns,165.0,lemon and thyme drizzle cake,90.0,floral dessert,240.0,,Lemon and thyme mini loaf cakes,2025-07-02,-610 days
angel food cake,75.675674,2013-08-20,4,1,cake,sandwich cake,120.0,angel food cake,150.0,chocolate cake,240.0,,Angel food cake help!!,2025-07-02,-4334 days
 chocolate teacakes,78.947365,2012-10-02,3,8,biscuit,48 crackers,120.0, chocolate teacakes,120.0,gingerbread structure,240.0,2.0,Dark chocolate cake,2025-07-03,-4657 days
moroccan pie,72.0,2019-10-15,10,8,pastry,savoury tarte tatin,,moroccan pie,,vertical pie,,,American pie!,2025-07-04,-2089 days
 sticky toffee puddings,72.13115,2021-10-12,12,4,desserts,pavlova,165.0, sticky toffee puddings,90.0,joconde imprime dessert,270.0,2.0,Tried my hand at sticky toffee pudding,2025-07-04,-1361 days
 vegan sausage rolls,72.72727,2021-11-09,12,8,free-from,8 dairy-free ice cream sandwiches,180.0, vegan sausage rolls,120.0,gluten-free celebration cake,270.0,2.0,Sausage rolls,2025-07-04,-1333 days
 sticky toffee puddings,88.888885,2021-10-12,12,4,desserts,pavlova,165.0, sticky toffee puddings,90.0,joconde imprime dessert,270.0,2.0,Sticky toffee pudding!,2025-07-04,-1361 days
angel food cake,77.41936,2013-08-20,4,1,cake,sandwich cake,120.0,angel food cake,150.0,chocolate cake,240.0,,Angel Food Cake!,2025-07-04,-4336 days
 fortune cookies,70.96774,2017-09-05,8,2,biscuit,24 sandwich biscuits,135.0, fortune cookies,120.0,biscuit board games,210.0,2.0,S'mores cookies,2025-07-05,-2860 days
 white chocolate and blackberry cheesecakes,70.32967,2023-10-18,14,4,chocolate,chocolate torte,, white chocolate and blackberry cheesecakes,,edible chocolate box cake,,2.0,White chocolate and raspberry rainbow cupcakes 🌈,2025-07-06,-627 days
focaccia,77.77778,2011-08-30,2,3,bread,free form loaf,195.0,focaccia,210.0,12 sweet and 12 savoury rolls,300.0,,Focaccia!!,2025-07-06,-5059 days
 sticky toffee puddings,90.90909,2021-10-12,12,4,desserts,pavlova,165.0, sticky toffee puddings,90.0,joconde imprime dessert,270.0,2.0,Sticky toffee pudding,2025-07-06,-1363 days
lemon and thyme drizzle cake,70.833336,2023-10-31,14,6,botanical,12 individual spiced buns,165.0,lemon and thyme drizzle cake,90.0,floral dessert,240.0,,Lemon drizzle cake 🍋,2025-07-06,-614 days
 chocolate teacakes,73.68421,2012-10-02,3,8,biscuit,48 crackers,120.0, chocolate teacakes,120.0,gingerbread structure,240.0,2.0,Chocolate beer cake,2025-07-07,-4661 days
lemon meringue pie,75.0,2022-10-11,13,5,desserts,8 steamed puddings,120.0,lemon meringue pie,120.0,hidden surprise mousse dessert,270.0,2.0,First ever lemon meringue pie!,2025-07-07,-1000 days
angel food cake,80.0,2013-08-20,4,1,cake,sandwich cake,120.0,angel food cake,150.0,chocolate cake,240.0,,Angel Food Cake,2025-07-08,-4340 days
bakewell tart,92.30769,2016-09-21,7,5,pastry,24 breakfast pastries,210.0,bakewell tart,150.0,48 filo amuse-bouche,240.0,,Bakewell tart,2025-07-08,-3212 days
 chocolate teacakes,71.79487,2012-10-02,3,8,biscuit,48 crackers,120.0, chocolate teacakes,120.0,gingerbread structure,240.0,2.0,Chocolate layer cake,2025-07-08,-4662 days
focaccia,87.5,2011-08-30,2,3,bread,free form loaf,195.0,focaccia,210.0,12 sweet and 12 savoury rolls,300.0,,Focaccia,2025-07-08,-5061 days
 miniature pineapple upside-down cakes,79.45206,2020-09-22,11,1,cake,battenberg cake,120.0, miniature pineapple upside-down cakes,90.0,celebrity hero cake bust,240.0,2.0,Homemade pineapple upside down cake,2025-07-08,-1750 days
lemon and thyme drizzle cake,73.91304,2023-10-31,14,6,botanical,12 individual spiced buns,165.0,lemon and thyme drizzle cake,90.0,floral dessert,240.0,,Lemon drizzle cake,2025-07-09,-617 days
chocolate babka,75.86207,2020-10-13,11,4,chocolate,18 chocolate brownies,90.0,chocolate babka,150.0,white chocolate celebration cake,240.0,2.0,Chocolate Cake,2025-07-09,-1730 days
chocolate babka,75.86207,2020-10-13,11,4,chocolate,18 chocolate brownies,90.0,chocolate babka,150.0,white chocolate celebration cake,240.0,2.0,Chocolate Cake,2025-07-09,-1730 days
 fortune cookies,72.72727,2017-09-05,8,2,biscuit,24 sandwich biscuits,135.0, fortune cookies,120.0,biscuit board games,210.0,2.0,Decorated cookies,2025-07-10,-2865 days
 fortune cookies,71.42857,2017-09-05,8,2,biscuit,24 sandwich biscuits,135.0, fortune cookies,120.0,biscuit board games,210.0,2.0,Some cookies,2025-07-12,-2867 days
 fortune cookies,72.22222,2017-09-05,8,2,biscuit,24 sandwich biscuits,135.0, fortune cookies,120.0,biscuit board games,210.0,2.0,Yea flavored cookies,2025-07-14,-2869 days
 fortune cookies,75.0,2017-09-05,8,2,biscuit,24 sandwich biscuits,135.0, fortune cookies,120.0,biscuit board games,210.0,2.0,My first cookies,2025-07-17,-2872 days
 chocolate teacakes,70.27027,2012-10-02,3,8,biscuit,48 crackers,120.0, chocolate teacakes,120.0,gingerbread structure,240.0,2.0,Chocolate macarons,2025-07-17,-4671 days
focaccia,87.5,2011-08-30,2,3,bread,free form loaf,195.0,focaccia,210.0,12 sweet and 12 savoury rolls,300.0,,Focaccia,2025-07-18,-5071 days
scones,83.333336,2010-08-24,1,2,biscuit,personality biscuits,120.0,scones,60.0,"meringue, choux, and macaron petits fours",240.0,1.0,Scones,2025-07-19,-5443 days
 miniature pineapple upside-down cakes,75.0,2020-09-22,11,1,cake,battenberg cake,120.0, miniature pineapple upside-down cakes,90.0,celebrity hero cake bust,240.0,2.0,Pineapple upside down cake,2025-07-20,-1762 days
 chocolate teacakes,72.22222,2012-10-02,3,8,biscuit,48 crackers,120.0, chocolate teacakes,120.0,gingerbread structure,240.0,2.0,Chocolate cookies,2025-07-20,-4674 days
lemon meringue pie,70.588234,2022-10-11,13,5,desserts,8 steamed puddings,120.0,lemon meringue pie,120.0,hidden surprise mousse dessert,270.0,2.0,Made my first lemon meringue pie!,2025-07-21,-1014 days
chocolate babka,75.86207,2020-10-13,11,4,chocolate,18 chocolate brownies,90.0,chocolate babka,150.0,white chocolate celebration cake,240.0,2.0,Chocolate Cake,2025-07-23,-1744 days
focaccia,82.35294,2011-08-30,2,3,bread,free form loaf,195.0,focaccia,210.0,12 sweet and 12 savoury rolls,300.0,,Focaccia!,2025-07-24,-5077 days
 chocolate teacakes,78.78788,2012-10-02,3,8,biscuit,48 crackers,120.0, chocolate teacakes,120.0,gingerbread structure,240.0,2.0,Chocolate cake,2025-07-25,-4679 days
 chocolate teacakes,72.22222,2012-10-02,3,8,biscuit,48 crackers,120.0, chocolate teacakes,120.0,gingerbread structure,240.0,2.0,Chocolate cookies,2025-07-25,-4679 days
scones,83.333336,2010-08-24,1,2,biscuit,personality biscuits,120.0,scones,60.0,"meringue, choux, and macaron petits fours",240.0,1.0,Scones,2025-07-25,-5449 days
red velvet cake,72.0,2022-09-13,13,1,cake,12 mini sandwich cakes,120.0,red velvet cake,120.0,3d cake home,240.0,2.0,Red velvet,2025-07-26,-1047 days
lemon meringue pie,76.59574,2022-10-11,13,5,desserts,8 steamed puddings,120.0,lemon meringue pie,120.0,hidden surprise mousse dessert,270.0,2.0,My first lemon meringue pie 🍋,2025-07-28,-1021 days
 fortune cookies,70.96774,2017-09-05,8,2,biscuit,24 sandwich biscuits,135.0, fortune cookies,120.0,biscuit board games,210.0,2.0,Brownie cookies,2025-07-31,-2886 days
bakewell tart,92.30769,2016-09-21,7,5,pastry,24 breakfast pastries,210.0,bakewell tart,150.0,48 filo amuse-bouche,240.0,,Bakewell tart,2025-07-31,-3235 days
 english muffins,83.870964,2013-08-27,4,2,bread,36 breadsticks,120.0, english muffins,165.0,decorative loaf,240.0,,English Muffins,2025-08-02,-4358 days
focaccia,82.35294,2011-08-30,2,3,bread,free form loaf,195.0,focaccia,210.0,12 sweet and 12 savoury rolls,300.0,,Focaccia!,2025-08-02,-5086 days
 miniature pineapple upside-down cakes,74.35897,2020-09-22,11,1,cake,battenberg cake,120.0, miniature pineapple upside-down cakes,90.0,celebrity hero cake bust,240.0,2.0,Caramel pineapple upside down cheesecake,2025-08-03,-1776 days
 sticky toffee puddings,76.59574,2021-10-12,12,4,desserts,pavlova,165.0, sticky toffee puddings,90.0,joconde imprime dessert,270.0,2.0,Sticky Toffee Pudding 🍮✨,2025-08-03,-1391 days
 chocolate teacakes,73.68421,2012-10-02,3,8,biscuit,48 crackers,120.0, chocolate teacakes,120.0,gingerbread structure,240.0,2.0,3 Chocolate cookies,2025-08-04,-4689 days
 pastéis de nata,83.870964,2017-10-03,8,6,pastry,4 shortcrust savoury pies,150.0, pastéis de nata,120.0,family-sized hand-raised pie,240.0,2.0,Pasteis de nata,2025-08-04,-2862 days
 sticky toffee puddings,70.833336,2021-10-12,12,4,desserts,pavlova,165.0, sticky toffee puddings,90.0,joconde imprime dessert,270.0,2.0,sticky date pudding help!,2025-08-04,-1392 days
 english muffins,75.86207,2013-08-27,4,2,bread,36 breadsticks,120.0, english muffins,165.0,decorative loaf,240.0,,Dense muffins,2025-08-04,-4360 days
red velvet cake,80.0,2022-09-13,13,1,cake,12 mini sandwich cakes,120.0,red velvet cake,120.0,3d cake home,240.0,2.0,red velvet fail,2025-08-05,-1057 days
focaccia,77.77778,2011-08-30,2,3,bread,free form loaf,195.0,focaccia,210.0,12 sweet and 12 savoury rolls,300.0,,Focaccia 🤤,2025-08-08,-5092 days
 white chocolate and blackberry cheesecakes,72.46377,2023-10-18,14,4,chocolate,chocolate torte,, white chocolate and blackberry cheesecakes,,edible chocolate box cake,,2.0,White chocolate cheesecake,2025-08-09,-661 days
tennis cake,76.190475,2015-09-16,6,7,victorian,raised game pie,180.0,tennis cake,180.0,charlotte russe,330.0,,Dense cake,2025-08-11,-3617 days
chocolate babka,75.86207,2020-10-13,11,4,chocolate,18 chocolate brownies,90.0,chocolate babka,150.0,white chocolate celebration cake,240.0,2.0,Chocolate Cake,2025-08-12,-1764 days
scones,83.333336,2010-08-24,1,2,biscuit,personality biscuits,120.0,scones,60.0,"meringue, choux, and macaron petits fours",240.0,1.0,Scones,2025-08-12,-5467 days
mini pear pies,70.96774,2014-09-03,5,5,pies and tarts,custard tart,150.0,mini pear pies,120.0,three-tiered pie,270.0,,Mini Apple pies 🥧,2025-08-12,-3996 days
mini pear pies,70.96774,2014-09-03,5,5,pies and tarts,custard tart,150.0,mini pear pies,120.0,three-tiered pie,270.0,,Mini apple pies 🥧,2025-08-12,-3996 days
 fortune cookies,73.333336,2017-09-05,8,2,biscuit,24 sandwich biscuits,135.0, fortune cookies,120.0,biscuit board games,210.0,2.0,Orange cookies,2025-08-12,-2898 days
chocolate roulade,70.96774,2011-09-20,2,6,desserts,baked cheesecake,150.0,chocolate roulade,105.0,croquembouche,300.0,,Chocolate Flan,2025-08-13,-5076 days
 chocolate teacakes,78.78788,2012-10-02,3,8,biscuit,48 crackers,120.0, chocolate teacakes,120.0,gingerbread structure,240.0,2.0,Chocolate cake,2025-08-13,-4698 days
 chocolate teacakes,78.78788,2012-10-02,3,8,biscuit,48 crackers,120.0, chocolate teacakes,120.0,gingerbread structure,240.0,2.0,Chocolate cake,2025-08-14,-4699 days
 white chocolate and blackberry cheesecakes,76.74419,2023-10-18,14,4,chocolate,chocolate torte,, white chocolate and blackberry cheesecakes,,edible chocolate box cake,,2.0,White chocolate raspberry cheesecake buns 🩷,2025-08-14,-666 days
 fortune cookies,70.96774,2017-09-05,8,2,biscuit,24 sandwich biscuits,135.0, fortune cookies,120.0,biscuit board games,210.0,2.0,S’mores cookies,2025-08-15,-2901 days
 miniature pineapple upside-down cakes,73.68421,2020-09-22,11,1,cake,battenberg cake,120.0, miniature pineapple upside-down cakes,90.0,celebrity hero cake bust,240.0,2.0,Made pineapple upside down bundt cake!,2025-08-15,-1788 days
 english muffins,78.04878,2013-08-27,4,2,bread,36 breadsticks,120.0, english muffins,165.0,decorative loaf,240.0,,Home made English muffins,2025-08-16,-4372 days
tiramisu cake,82.75862,2014-08-27,5,4,dessert,8 self-saucing puddings,120.0,tiramisu cake,150.0,baked alaska,270.0,,Tiramisu cupcake,2025-08-16,-4007 days
 chocolate teacakes,71.42857,2012-10-02,3,8,biscuit,48 crackers,120.0, chocolate teacakes,120.0,gingerbread structure,240.0,2.0,[I made] chocolate cake,2025-08-17,-4702 days
 fortune cookies,70.96774,2017-09-05,8,2,biscuit,24 sandwich biscuits,135.0, fortune cookies,120.0,biscuit board games,210.0,2.0,smore’s cookies,2025-08-18,-2904 days
 chocolate teacakes,71.79487,2012-10-02,3,8,biscuit,48 crackers,120.0, chocolate teacakes,120.0,gingerbread structure,240.0,2.0,Chocolate Cheesecake,2025-08-19,-4704 days
focaccia,100.0,2011-08-30,2,3,bread,free form loaf,195.0,focaccia,210.0,12 sweet and 12 savoury rolls,300.0,,focaccia,2025-08-19,-5103 days
 baguettes,74.07407,2015-08-19,6,3,bread,2 quick breads,90.0, baguettes,150.0,3d bread sculpture,300.0,,Fresh baguettes 🤗,2025-08-20,-3654 days
 baguettes,74.07407,2015-08-19,6,3,bread,2 quick breads,90.0, baguettes,150.0,3d bread sculpture,300.0,,Fresh baguettes 🤗,2025-08-20,-3654 days
lemon meringue pie,71.111115,2022-10-11,13,5,desserts,8 steamed puddings,120.0,lemon meringue pie,120.0,hidden surprise mousse dessert,270.0,2.0,Mini lemon meringue for one,2025-08-20,-1044 days
focaccia,72.72727,2011-08-30,2,3,bread,free form loaf,195.0,focaccia,210.0,12 sweet and 12 savoury rolls,300.0,,First focaccia,2025-08-22,-5106 days
 chocolate mini rolls,76.190475,2017-08-29,8,1,cake,fruity cake,120.0, chocolate mini rolls,120.0,illusion cake,240.0,2.0,Dubai chocolate rolls,2025-08-23,-2916 days
 chocolate mini rolls,76.190475,2017-08-29,8,1,cake,fruity cake,120.0, chocolate mini rolls,120.0,illusion cake,240.0,2.0,Dubai chocolate rolls,2025-08-23,-2916 days
 english muffins,72.22222,2013-08-27,4,2,bread,36 breadsticks,120.0, english muffins,165.0,decorative loaf,240.0,,English muffin dough,2025-08-23,-4379 days
 chocolate teacakes,84.84849,2012-10-02,3,8,biscuit,48 crackers,120.0, chocolate teacakes,120.0,gingerbread structure,240.0,2.0,chocolate cake,2025-08-23,-4708 days
lemon and thyme drizzle cake,73.91304,2023-10-31,14,6,botanical,12 individual spiced buns,165.0,lemon and thyme drizzle cake,90.0,floral dessert,240.0,,Lemon drizzle cake,2025-08-24,-663 days
 english muffins,80.0,2013-08-27,4,2,bread,36 breadsticks,120.0, english muffins,165.0,decorative loaf,240.0,,Homemade english muffins,2025-08-24,-4380 days
focaccia,87.5,2011-08-30,2,3,bread,free form loaf,195.0,focaccia,210.0,12 sweet and 12 savoury rolls,300.0,,Focaccia,2025-08-25,-5109 days
focaccia,87.5,2011-08-30,2,3,bread,free form loaf,195.0,focaccia,210.0,12 sweet and 12 savoury rolls,300.0,,Focaccia,2025-08-25,-5109 days
tiramisu cake,75.0,2014-08-27,5,4,dessert,8 self-saucing puddings,120.0,tiramisu cake,150.0,baked alaska,270.0,,Tiramisu cupcakes 🧁,2025-08-27,-4018 days
 chocolate teacakes,78.78788,2012-10-02,3,8,biscuit,48 crackers,120.0, chocolate teacakes,120.0,gingerbread structure,240.0,2.0,Chocolate cake,2025-08-28,-4713 days
 chocolate teacakes,71.42857,2012-10-02,3,8,biscuit,48 crackers,120.0, chocolate teacakes,120.0,gingerbread structure,240.0,2.0,German chocolate cake 🎂,2025-08-29,-4714 days
red velvet cake,71.79487,2022-09-13,13,1,cake,12 mini sandwich cakes,120.0,red velvet cake,120.0,3d cake home,240.0,2.0,Red velvet birthday cake,2025-08-29,-1081 days
 chocolate teacakes,78.78788,2012-10-02,3,8,biscuit,48 crackers,120.0, chocolate teacakes,120.0,gingerbread structure,240.0,2.0,Chocolate cake,2025-08-29,-4714 days
sachertorte,71.42857,2011-10-04,2,8,final,12 mille-feuille,150.0,sachertorte,160.0,3 types of petits fours,240.0,,Sachertorte help!,2025-08-29,-5078 days
lemon meringue pie,83.333336,2022-10-11,13,5,desserts,8 steamed puddings,120.0,lemon meringue pie,120.0,hidden surprise mousse dessert,270.0,2.0,Lemon Meringue Pie,2025-08-29,-1053 days
lemon meringue pie,91.89189,2022-10-11,13,5,desserts,8 steamed puddings,120.0,lemon meringue pie,120.0,hidden surprise mousse dessert,270.0,2.0,Lemon meringue pie!,2025-08-30,-1054 days
 miniature pineapple upside-down cakes,71.79487,2020-09-22,11,1,cake,battenberg cake,120.0, miniature pineapple upside-down cakes,90.0,celebrity hero cake bust,240.0,2.0,First pineapple & apple upsidedown cake!,2025-08-31,-1804 days
 fortune cookies,70.96774,2017-09-05,8,2,biscuit,24 sandwich biscuits,135.0, fortune cookies,120.0,biscuit board games,210.0,2.0,S’mores cookies,2025-08-31,-2917 days
chocolate babka,86.666664,2020-10-13,11,4,chocolate,18 chocolate brownies,90.0,chocolate babka,150.0,white chocolate celebration cake,240.0,2.0,Chocolate Babka,2025-09-01,-1784 days
cherry cake,72.0,2014-08-06,5,1,cake,swiss roll,150.0,cherry cake,120.0,36 classic miniature british cakes,210.0,,earl grey cake,2025-09-01,-4044 days
 miniature pineapple upside-down cakes,71.42857,2020-09-22,11,1,cake,battenberg cake,120.0, miniature pineapple upside-down cakes,90.0,celebrity hero cake bust,240.0,2.0,First time making pineapple upside down cake ✨,2025-09-01,-1805 days
matcha crepe cake,75.675674,2020-10-27,11,6,japanese,8 steamed buns,150.0,matcha crepe cake,120.0,kawaii cake,240.0,,Matcha red bean cake,2025-09-03,-1772 days
matcha crepe cake,75.675674,2020-10-27,11,6,japanese,8 steamed buns,150.0,matcha crepe cake,120.0,kawaii cake,240.0,,Matcha red bean cake,2025-09-03,-1772 days
 molten chocolate puddings,71.42857,2017-09-26,8,5,pudding,steamed school pudding,180.0, molten chocolate puddings,60.0,ornamental trifle terrine,270.0,1.0,Self saucing chocolate pudding,2025-09-03,-2899 days
 white chocolate and blackberry cheesecakes,73.23943,2023-10-18,14,4,chocolate,chocolate torte,, white chocolate and blackberry cheesecakes,,edible chocolate box cake,,2.0,Made a blackberry cheesecake,2025-09-04,-687 days
red velvet cake,78.78788,2022-09-13,13,1,cake,12 mini sandwich cakes,120.0,red velvet cake,120.0,3d cake home,240.0,2.0,Red velvet cookies,2025-09-05,-1088 days
frasier cake,72.0,2012-10-09,3,9,pâtisserie,3 types of petits fours,,frasier cake,150.0,choux pastry gâteau,,,Coraline cake,2025-09-07,-4716 days
red velvet cake,78.57143,2022-09-13,13,1,cake,12 mini sandwich cakes,120.0,red velvet cake,120.0,3d cake home,240.0,2.0,3rd ever cake,2025-09-08,-1091 days
 miniature pineapple upside-down cakes,72.46377,2020-09-22,11,1,cake,battenberg cake,120.0, miniature pineapple upside-down cakes,90.0,celebrity hero cake bust,240.0,2.0,caramel apple upside down cake!,2025-09-08,-1812 days
tiramisu cake,77.41936,2014-08-27,5,4,dessert,8 self-saucing puddings,120.0,tiramisu cake,150.0,baked alaska,270.0,,Tiramisu cupcakes🧁,2025-09-11,-4033 days
 chocolate teacakes,71.42857,2012-10-02,3,8,biscuit,48 crackers,120.0, chocolate teacakes,120.0,gingerbread structure,240.0,2.0,Chocolate overload cake,2025-09-12,-4728 days
 chocolate mini rolls,71.111115,2017-08-29,8,1,cake,fruity cake,120.0, chocolate mini rolls,120.0,illusion cake,240.0,2.0,Chocolate Cinnamon Rolls,2025-09-12,-2936 days
 chocolate teacakes,71.111115,2012-10-02,3,8,biscuit,48 crackers,120.0, chocolate teacakes,120.0,gingerbread structure,240.0,2.0,chocolate strawberry cake!,2025-09-13,-4729 days
victoria sandwich,71.79487,2010-08-17,1,1,cake,cake,180.0,victoria sandwich,,chocolate celebration cake,,1.0,Biscuit for sandwiches,2025-09-14,-5507 days
chocolate babka,70.27027,2020-10-13,11,4,chocolate,18 chocolate brownies,90.0,chocolate babka,150.0,white chocolate celebration cake,240.0,2.0,Chocolate banana bread,2025-09-15,-1798 days
angel food cake,71.42857,2013-08-20,4,1,cake,sandwich cake,120.0,angel food cake,150.0,chocolate cake,240.0,,Ideas for angel food cake??,2025-09-15,-4409 days
chocolate soufflé,70.588234,2015-09-30,6,9,chocolate,chocolate tart,150.0,chocolate soufflé,75.0,chocolate centrepieces,240.0,,Chocolate Muffins,2025-09-15,-3638 days
 ciabattas,77.77778,2014-08-20,5,3,bread,12 rye bread rolls,210.0, ciabattas,180.0,filled centrepiece loaf,240.0,2.0,Ciabatta,2025-09-16,-4045 days
 fortune cookies,70.96774,2017-09-05,8,2,biscuit,24 sandwich biscuits,135.0, fortune cookies,120.0,biscuit board games,210.0,2.0,Brownie cookies,2025-09-18,-2935 days
red velvet cake,83.333336,2022-09-13,13,1,cake,12 mini sandwich cakes,120.0,red velvet cake,120.0,3d cake home,240.0,2.0,Giant red velvet cake,2025-09-18,-1101 days
 pastéis de nata,83.870964,2017-10-03,8,6,pastry,4 shortcrust savoury pies,150.0, pastéis de nata,120.0,family-sized hand-raised pie,240.0,2.0,Pastéis de Nata,2025-09-19,-2908 days
 chocolate teacakes,81.08108,2012-10-02,3,8,biscuit,48 crackers,120.0, chocolate teacakes,120.0,gingerbread structure,240.0,2.0,chocolate cupcakes,2025-09-19,-4735 days
 molten chocolate puddings,70.17544,2017-09-26,8,5,pudding,steamed school pudding,180.0, molten chocolate puddings,60.0,ornamental trifle terrine,270.0,1.0,I made double chocolate muffins,2025-09-19,-2915 days
matcha crepe cake,70.588234,2020-10-27,11,6,japanese,8 steamed buns,150.0,matcha crepe cake,120.0,kawaii cake,240.0,,Matcha cupcakes 💚,2025-09-20,-1789 days
 miniature pineapple upside-down cakes,84.50704,2020-09-22,11,1,cake,battenberg cake,120.0, miniature pineapple upside-down cakes,90.0,celebrity hero cake bust,240.0,2.0,A tiny pineapple upside-down cake,2025-09-20,-1824 days
 chocolate mini rolls,72.34042,2017-08-29,8,1,cake,fruity cake,120.0, chocolate mini rolls,120.0,illusion cake,240.0,2.0,Chocolate cinnamon rolls 🍫,2025-09-20,-2944 days
lemon meringue pie,94.44444,2022-10-11,13,5,desserts,8 steamed puddings,120.0,lemon meringue pie,120.0,hidden surprise mousse dessert,270.0,2.0,Lemon meringue pie,2025-09-20,-1075 days
 fortune cookies,75.86207,2017-09-05,8,2,biscuit,24 sandwich biscuits,135.0, fortune cookies,120.0,biscuit board games,210.0,2.0,Honey cookies,2025-09-21,-2938 days
red velvet cake,80.0,2022-09-13,13,1,cake,12 mini sandwich cakes,120.0,red velvet cake,120.0,3d cake home,240.0,2.0,Red velvet cake help,2025-09-21,-1104 days
 white chocolate and blackberry cheesecakes,77.92208,2023-10-18,14,4,chocolate,chocolate torte,, white chocolate and blackberry cheesecakes,,edible chocolate box cake,,2.0,White chocolate and raspberry cake,2025-09-24,-707 days
bakewell tart,78.78788,2016-09-21,7,5,pastry,24 breakfast pastries,210.0,bakewell tart,150.0,48 filo amuse-bouche,240.0,,mini bakewell tarts!,2025-09-26,-3292 days
victoria sandwich,74.4186,2010-08-17,1,1,cake,cake,180.0,victoria sandwich,,chocolate celebration cake,,1.0,Victoria sandwich cupcakes,2025-09-26,-5519 days
 chocolate teacakes,75.675674,2012-10-02,3,8,biscuit,48 crackers,120.0, chocolate teacakes,120.0,gingerbread structure,240.0,2.0,Chocolate cupcakes,2025-09-27,-4743 days
 arlettes,70.588234,2015-08-12,6,2,biscuit,24 biscotti,120.0, arlettes,150.0,36 biscuits and an edible biscuit box,240.0,,galette!,2025-09-27,-3699 days
focaccia,73.68421,2011-08-30,2,3,bread,free form loaf,195.0,focaccia,210.0,12 sweet and 12 savoury rolls,300.0,,Focaccia ❤️,2025-09-28,-5143 days
chocolate babka,86.666664,2020-10-13,11,4,chocolate,18 chocolate brownies,90.0,chocolate babka,150.0,white chocolate celebration cake,240.0,2.0,Chocolate Babka,2025-09-28,-1811 days
 miniature pineapple upside-down cakes,76.92308,2020-09-22,11,1,cake,battenberg cake,120.0, miniature pineapple upside-down cakes,90.0,celebrity hero cake bust,240.0,2.0,Pineapple upside-down cake.,2025-09-29,-1833 days
 fortune cookies,70.96774,2017-09-05,8,2,biscuit,24 sandwich biscuits,135.0, fortune cookies,120.0,biscuit board games,210.0,2.0,Crinkle cookies,2025-09-30,-2947 days
tiramisu cake,70.96774,2014-08-27,5,4,dessert,8 self-saucing puddings,120.0,tiramisu cake,150.0,baked alaska,270.0,,Tiramisu Cake Roll,2025-09-30,-4052 days
scones,83.333336,2010-08-24,1,2,biscuit,personality biscuits,120.0,scones,60.0,"meringue, choux, and macaron petits fours",240.0,1.0,Scones,2025-10-01,-5517 days
red velvet cake,78.78788,2022-09-13,13,1,cake,12 mini sandwich cakes,120.0,red velvet cake,120.0,3d cake home,240.0,2.0,Red velvet cookies,2025-10-04,-1117 days
 chocolate teacakes,72.22222,2012-10-02,3,8,biscuit,48 crackers,120.0, chocolate teacakes,120.0,gingerbread structure,240.0,2.0,Chocolate cookies,2025-10-05,-4751 days
s'mores,71.42857,2022-10-18,13,6,halloween,apple cake,120.0,s'mores,120.0,edible hanging halloween piñata lantern,240.0,2.0,S’mores,2025-10-06,-1084 days
 sticky toffee puddings,78.26087,2021-10-12,12,4,desserts,pavlova,165.0, sticky toffee puddings,90.0,joconde imprime dessert,270.0,2.0,Sticky Toffee Pudding✨✨,2025-10-06,-1455 days
 white chocolate and blackberry cheesecakes,72.72727,2023-10-18,14,4,chocolate,chocolate torte,, white chocolate and blackberry cheesecakes,,edible chocolate box cake,,2.0,White chocolate raspberry meringue cheesecake,2025-10-07,-720 days
chocolate roulade,71.79487,2011-09-20,2,6,desserts,baked cheesecake,150.0,chocolate roulade,105.0,croquembouche,300.0,,chocolate on chocolate,2025-10-07,-5131 days
red velvet cake,93.333336,2022-09-13,13,1,cake,12 mini sandwich cakes,120.0,red velvet cake,120.0,3d cake home,240.0,2.0,Red velvet cake,2025-10-09,-1122 days
 rum babas,77.77778,2012-08-14,3,1,cake,upside down cake,120.0, rum babas,180.0,hidden design cake,300.0,,Rum baba,2025-10-09,-4804 days
mini pear pies,76.47059,2014-09-03,5,5,pies and tarts,custard tart,150.0,mini pear pies,120.0,three-tiered pie,270.0,,mini apple hand pies,2025-10-09,-4054 days
focaccia,87.5,2011-08-30,2,3,bread,free form loaf,195.0,focaccia,210.0,12 sweet and 12 savoury rolls,300.0,,Focaccia,2025-10-11,-5156 days
chocolate babka,75.86207,2020-10-13,11,4,chocolate,18 chocolate brownies,90.0,chocolate babka,150.0,white chocolate celebration cake,240.0,2.0,chocolate buns,2025-10-11,-1824 days
 chocolate teacakes,71.111115,2012-10-02,3,8,biscuit,48 crackers,120.0, chocolate teacakes,120.0,gingerbread structure,240.0,2.0,Apple chocolate nutty cake,2025-10-11,-4757 days
chocolate babka,75.86207,2020-10-13,11,4,chocolate,18 chocolate brownies,90.0,chocolate babka,150.0,white chocolate celebration cake,240.0,2.0,Chocolate Cake,2025-10-12,-1825 days
 sticky toffee puddings,86.95652,2021-10-12,12,4,desserts,pavlova,165.0, sticky toffee puddings,90.0,joconde imprime dessert,270.0,2.0,Sticky toffee pudding 😋,2025-10-12,-1461 days
matcha crepe cake,71.42857,2020-10-27,11,6,japanese,8 steamed buns,150.0,matcha crepe cake,120.0,kawaii cake,240.0,,Matcha cake,2025-10-14,-1813 days
focaccia,88.888885,2011-08-30,2,3,bread,free form loaf,195.0,focaccia,210.0,12 sweet and 12 savoury rolls,300.0,,focaccia!!,2025-10-15,-5160 days
large baklava,71.42857,2021-10-26,12,6,pastry,chouxnuts,,large baklava,165.0,terrine pie,270.0,3.0,Rate my baklava,2025-10-15,-1450 days
 sticky toffee puddings,71.18644,2021-10-12,12,4,desserts,pavlova,165.0, sticky toffee puddings,90.0,joconde imprime dessert,270.0,2.0,Sticky toffee pudding cinnamon rolls,2025-10-15,-1464 days
chocolate roulade,74.28571,2011-09-20,2,6,desserts,baked cheesecake,150.0,chocolate roulade,105.0,croquembouche,300.0,,Chocolate rugelach,2025-10-17,-5141 days
tiramisu cake,82.75862,2014-08-27,5,4,dessert,8 self-saucing puddings,120.0,tiramisu cake,150.0,baked alaska,270.0,,Tiramisu cake 🎂🌹,2025-10-17,-4069 days
red velvet cake,72.22222,2022-09-13,13,1,cake,12 mini sandwich cakes,120.0,red velvet cake,120.0,3d cake home,240.0,2.0,Red Velvet Cheesecake,2025-10-18,-1131 days
chocolate babka,81.08108,2020-10-13,11,4,chocolate,18 chocolate brownies,90.0,chocolate babka,150.0,white chocolate celebration cake,240.0,2.0,I made chocolate babka,2025-10-19,-1832 days
chocolate babka,86.666664,2020-10-13,11,4,chocolate,18 chocolate brownies,90.0,chocolate babka,150.0,white chocolate celebration cake,240.0,2.0,Chocolate Babka,2025-10-19,-1832 days
 chocolate teacakes,75.675674,2012-10-02,3,8,biscuit,48 crackers,120.0, chocolate teacakes,120.0,gingerbread structure,240.0,2.0,Chocolate traybake,2025-10-19,-4765 days
 ciabattas,77.77778,2014-08-20,5,3,bread,12 rye bread rolls,210.0, ciabattas,180.0,filled centrepiece loaf,240.0,2.0,Ciabatta,2025-10-19,-4078 days
tiramisu cake,73.333336,2014-08-27,5,4,dessert,8 self-saucing puddings,120.0,tiramisu cake,150.0,baked alaska,270.0,,tiramisu r/baking,2025-10-20,-4072 days
chocolate babka,75.86207,2020-10-13,11,4,chocolate,18 chocolate brownies,90.0,chocolate babka,150.0,white chocolate celebration cake,240.0,2.0,Chocolate Cake,2025-10-20,-1833 days
 miniature pineapple upside-down cakes,74.07407,2020-09-22,11,1,cake,battenberg cake,120.0, miniature pineapple upside-down cakes,90.0,celebrity hero cake bust,240.0,2.0,(I made) Classic pineapple upside down cake,2025-10-20,-1854 days
coffee and walnut battenberg,72.0,2011-08-16,2,1,cake,24 cupcakes,120.0,coffee and walnut battenberg,120.0,chocolate tiered cake,300.0,,Coffee and Walnut Cake,2025-10-21,-5180 days
angel food cake,75.0,2013-08-20,4,1,cake,sandwich cake,120.0,angel food cake,150.0,chocolate cake,240.0,,Devil's food cake,2025-10-21,-4445 days
pistachio and praline ice cream,71.18644,2022-10-25,13,7,custard,floating islands,90.0,pistachio and praline ice cream,165.0,custard gâteau,240.0,2.0,Pea pistachio and lime bread,2025-10-24,-1095 days
 fortune cookies,70.96774,2017-09-05,8,2,biscuit,24 sandwich biscuits,135.0, fortune cookies,120.0,biscuit board games,210.0,2.0,Brownie cookies,2025-10-24,-2971 days
lemon meringue pie,81.08108,2022-10-11,13,5,desserts,8 steamed puddings,120.0,lemon meringue pie,120.0,hidden surprise mousse dessert,270.0,2.0,Lemon meringue cake,2025-10-25,-1110 days
 chocolate teacakes,70.27027,2012-10-02,3,8,biscuit,48 crackers,120.0, chocolate teacakes,120.0,gingerbread structure,240.0,2.0,Chocolate cake! <3,2025-10-26,-4772 days
 miniature pineapple upside-down cakes,70.454544,2020-09-22,11,1,cake,battenberg cake,120.0, miniature pineapple upside-down cakes,90.0,celebrity hero cake bust,240.0,2.0,Silicone liners and pineapple upside down cupcakes,2025-10-26,-1860 days
chocolate soufflé,88.23529,2015-09-30,6,9,chocolate,chocolate tart,150.0,chocolate soufflé,75.0,chocolate centrepieces,240.0,,Chocolate Soufflé,2025-10-26,-3679 days
red velvet cake,73.333336,2022-09-13,13,1,cake,12 mini sandwich cakes,120.0,red velvet cake,120.0,3d cake home,240.0,2.0,Red velvet help,2025-10-27,-1140 days
tarte au citron,89.655174,2011-08-23,2,2,tarts,quiche,120.0,tarte au citron,90.0,24 miniature sweet tarts,,,Tart au citron,2025-10-27,-5179 days
 chocolate teacakes,73.17073,2012-10-02,3,8,biscuit,48 crackers,120.0, chocolate teacakes,120.0,gingerbread structure,240.0,2.0,9 layer chocolate cake,2025-10-27,-4773 days
 sticky toffee puddings,75.0,2021-10-12,12,4,desserts,pavlova,165.0, sticky toffee puddings,90.0,joconde imprime dessert,270.0,2.0,"Sticky toffee pudding, first time",2025-10-28,-1477 days
focaccia,72.72727,2011-08-30,2,3,bread,free form loaf,195.0,focaccia,210.0,12 sweet and 12 savoury rolls,300.0,,Made focaccia!,2025-10-28,-5173 days
chocolate soufflé,70.588234,2015-09-30,6,9,chocolate,chocolate tart,150.0,chocolate soufflé,75.0,chocolate centrepieces,240.0,,Chocolate muffins,2025-10-28,-3681 days
frosted walnut layer cake,70.833336,2015-08-05,6,1,cake,madeira cake,120.0,frosted walnut layer cake,105.0,black forest gâteau,210.0,2.0,My first walnut pancake,2025-10-29,-3738 days
 chocolate teacakes,71.42857,2012-10-02,3,8,biscuit,48 crackers,120.0, chocolate teacakes,120.0,gingerbread structure,240.0,2.0,chocolate sugar cookies,2025-10-29,-4775 days
chocolate soufflé,78.04878,2015-09-30,6,9,chocolate,chocolate tart,150.0,chocolate soufflé,75.0,chocolate centrepieces,240.0,,Chocolate stout soufflés,2025-10-30,-3683 days
 chocolate teacakes,78.78788,2012-10-02,3,8,biscuit,48 crackers,120.0, chocolate teacakes,120.0,gingerbread structure,240.0,2.0,Chocolate cake,2025-10-31,-4777 days
 english muffins,84.210526,2013-08-27,4,2,bread,36 breadsticks,120.0, english muffins,165.0,decorative loaf,240.0,,I made English muffins,2025-11-01,-4449 days
tiramisu cake,80.0,2014-08-27,5,4,dessert,8 self-saucing puddings,120.0,tiramisu cake,150.0,baked alaska,270.0,,Tiramisu cupcakes,2025-11-02,-4085 days
 molten chocolate puddings,74.4186,2017-09-26,8,5,pudding,steamed school pudding,180.0, molten chocolate puddings,60.0,ornamental trifle terrine,270.0,1.0,Chocolate pudding,2025-11-03,-2960 days
 fortune cookies,72.72727,2017-09-05,8,2,biscuit,24 sandwich biscuits,135.0, fortune cookies,120.0,biscuit board games,210.0,2.0,Tombstone cookies,2025-11-03,-2981 days
 sticky toffee puddings,77.192986,2021-10-12,12,4,desserts,pavlova,165.0, sticky toffee puddings,90.0,joconde imprime dessert,270.0,2.0,First run at sticky toffee pudding,2025-11-06,-1486 days
 sticky toffee puddings,78.57143,2021-10-12,12,4,desserts,pavlova,165.0, sticky toffee puddings,90.0,joconde imprime dessert,270.0,2.0,First go at sticky toffee pudding,2025-11-06,-1486 days
focaccia,87.5,2011-08-30,2,3,bread,free form loaf,195.0,focaccia,210.0,12 sweet and 12 savoury rolls,300.0,,Focaccia,2025-11-07,-5183 days
focaccia,87.5,2011-08-30,2,3,bread,free form loaf,195.0,focaccia,210.0,12 sweet and 12 savoury rolls,300.0,,Focaccia,2025-11-07,-5183 days
 chocolate teacakes,71.79487,2012-10-02,3,8,biscuit,48 crackers,120.0, chocolate teacakes,120.0,gingerbread structure,240.0,2.0,Mini Chocolate Cakes,2025-11-07,-4784 days
chocolate roulade,72.72727,2011-09-20,2,6,desserts,baked cheesecake,150.0,chocolate roulade,105.0,croquembouche,300.0,,Chocolate mousse,2025-11-08,-5163 days
 custard creams,80.0,2023-10-03,14,2,biscuits,12 marshmallow biscuits,, custard creams,90.0,illusion biscuit meal,240.0,1.0,Custard Creams😍,2025-11-08,-767 days
 fortune cookies,80.0,2017-09-05,8,2,biscuit,24 sandwich biscuits,135.0, fortune cookies,120.0,biscuit board games,210.0,2.0,Homemade fortune cookies,2025-11-09,-2987 days
 baguettes,84.210526,2015-08-19,6,3,bread,2 quick breads,90.0, baguettes,150.0,3d bread sculpture,300.0,,Baguettes,2025-11-10,-3736 days
lemon meringue pie,70.27027,2022-10-11,13,5,desserts,8 steamed puddings,120.0,lemon meringue pie,120.0,hidden surprise mousse dessert,270.0,2.0,Autumn Meringue Pie,2025-11-10,-1126 days
chocolate roulade,70.588234,2011-09-20,2,6,desserts,baked cheesecake,150.0,chocolate roulade,105.0,croquembouche,300.0,,Chocolate Volcano,2025-11-10,-5165 days
 chocolate teacakes,71.42857,2012-10-02,3,8,biscuit,48 crackers,120.0, chocolate teacakes,120.0,gingerbread structure,240.0,2.0,Dubai chocolate cookies,2025-11-11,-4788 days
lemon meringue pie,76.92308,2022-10-11,13,5,desserts,8 steamed puddings,120.0,lemon meringue pie,120.0,hidden surprise mousse dessert,270.0,2.0,Lemon meringue cake 🍋,2025-11-12,-1128 days
red velvet cake,75.675674,2022-09-13,13,1,cake,12 mini sandwich cakes,120.0,red velvet cake,120.0,3d cake home,240.0,2.0,Red velvet forest cake,2025-11-12,-1156 days
 chocolate teacakes,70.588234,2012-10-02,3,8,biscuit,48 crackers,120.0, chocolate teacakes,120.0,gingerbread structure,240.0,2.0,Chocolate tarte,2025-11-14,-4791 days
 sticky toffee puddings,86.95652,2021-10-12,12,4,desserts,pavlova,165.0, sticky toffee puddings,90.0,joconde imprime dessert,270.0,2.0,Sticky toffee pudding 🍮,2025-11-16,-1496 days
red velvet cake,75.0,2022-09-13,13,1,cake,12 mini sandwich cakes,120.0,red velvet cake,120.0,3d cake home,240.0,2.0,Red velvet failed,2025-11-16,-1160 days
chocolate roulade,70.96774,2011-09-20,2,6,desserts,baked cheesecake,150.0,chocolate roulade,105.0,croquembouche,300.0,,Chocolate dome,2025-11-16,-5171 days
 chocolate teacakes,73.68421,2012-10-02,3,8,biscuit,48 crackers,120.0, chocolate teacakes,120.0,gingerbread structure,240.0,2.0,Chocolate lava cake,2025-11-19,-4796 days
tennis cake,72.72727,2015-09-16,6,7,victorian,raised game pie,180.0,tennis cake,180.0,charlotte russe,330.0,,kitten cake,2025-11-19,-3717 days
spring rolls,76.92308,2022-11-01,13,8,pastry,12 sweet vol-au-vents,120.0,spring rolls,80.0,3d storybook pie scene,240.0,2.0,Freezing rolls,2025-11-22,-1117 days
 chocolate teacakes,75.0,2012-10-02,3,8,biscuit,48 crackers,120.0, chocolate teacakes,120.0,gingerbread structure,240.0,2.0,Floral chocolate cake,2025-11-23,-4800 days
 miniature pineapple upside-down cakes,70.588234,2020-09-22,11,1,cake,battenberg cake,120.0, miniature pineapple upside-down cakes,90.0,celebrity hero cake bust,240.0,2.0,Favorite way to make pineapple Upside-down cake,2025-11-23,-1888 days
 chocolate teacakes,78.78788,2012-10-02,3,8,biscuit,48 crackers,120.0, chocolate teacakes,120.0,gingerbread structure,240.0,2.0,Chocolate cake,2025-11-24,-4801 days
lemon meringue pie,78.947365,2022-10-11,13,5,desserts,8 steamed puddings,120.0,lemon meringue pie,120.0,hidden surprise mousse dessert,270.0,2.0,Lemon Meringue Pie 🥧,2025-11-24,-1140 days
 miniature pineapple upside-down cakes,75.757576,2020-09-22,11,1,cake,battenberg cake,120.0, miniature pineapple upside-down cakes,90.0,celebrity hero cake bust,240.0,2.0,pineapple upside down cake!!,2025-11-25,-1890 days
tiramisu cake,92.30769,2014-08-27,5,4,dessert,8 self-saucing puddings,120.0,tiramisu cake,150.0,baked alaska,270.0,,Tiramisu cake,2025-11-26,-4109 days
tiramisu cake,72.72727,2014-08-27,5,4,dessert,8 self-saucing puddings,120.0,tiramisu cake,150.0,baked alaska,270.0,,Tiramisu Cheesecake!,2025-11-27,-4110 days
 chocolate teacakes,71.79487,2012-10-02,3,8,biscuit,48 crackers,120.0, chocolate teacakes,120.0,gingerbread structure,240.0,2.0,Chocolate stump cake,2025-11-27,-4804 days
 miniature pineapple upside-down cakes,78.125,2020-09-22,11,1,cake,battenberg cake,120.0, miniature pineapple upside-down cakes,90.0,celebrity hero cake bust,240.0,2.0,Pineapple upside-down cake,2025-11-27,-1892 days
 chocolate teacakes,71.111115,2012-10-02,3,8,biscuit,48 crackers,120.0, chocolate teacakes,120.0,gingerbread structure,240.0,2.0,Dubai chocolate cheesecake,2025-11-29,-4806 days
 chocolate teacakes,72.22222,2012-10-02,3,8,biscuit,48 crackers,120.0, chocolate teacakes,120.0,gingerbread structure,240.0,2.0,Chocolate cupcake,2025-11-30,-4807 days
lemon meringue pie,80.0,2022-10-11,13,5,desserts,8 steamed puddings,120.0,lemon meringue pie,120.0,hidden surprise mousse dessert,270.0,2.0,My first lemon meringue pie,2025-12-02,-1148 days
chocolate babka,75.86207,2020-10-13,11,4,chocolate,18 chocolate brownies,90.0,chocolate babka,150.0,white chocolate celebration cake,240.0,2.0,Chocolate Cake,2025-12-02,-1876 days
 sticky toffee puddings,70.27027,2021-10-12,12,4,desserts,pavlova,165.0, sticky toffee puddings,90.0,joconde imprime dessert,270.0,2.0,Toffee pudding,2025-12-03,-1513 days
 molten chocolate puddings,72.0,2017-09-26,8,5,pudding,steamed school pudding,180.0, molten chocolate puddings,60.0,ornamental trifle terrine,270.0,1.0,Double chocolate muffins,2025-12-03,-2990 days
chocolate roulade,74.28571,2011-09-20,2,6,desserts,baked cheesecake,150.0,chocolate roulade,105.0,croquembouche,300.0,,Chocolate truffles,2025-12-03,-5188 days
the signature chocolate cake with fresh raspberries,78.35052,2023-09-26,14,1,cake,vertical layer cake,,the signature chocolate cake with fresh raspberries,120.0,3d shaped animal cake,240.0,2.0,White and dark chocolate cake with raspberries,2025-12-03,-799 days
 sticky toffee puddings,70.37037,2021-10-12,12,4,desserts,pavlova,165.0, sticky toffee puddings,90.0,joconde imprime dessert,270.0,2.0,Homemade Sticky Toffee Pudding.,2025-12-04,-1514 days
 viennese whirls,83.870964,2016-08-31,7,2,biscuit,24 iced biscuits,150.0, viennese whirls,90.0,gingerbread 3d scene,240.0,2.0,Viennese Swirls,2025-12-05,-3383 days
 fortune cookies,70.588234,2017-09-05,8,2,biscuit,24 sandwich biscuits,135.0, fortune cookies,120.0,biscuit board games,210.0,2.0,Shortbread cookies,2025-12-06,-3014 days
chocolate roulade,81.25,2011-09-20,2,6,desserts,baked cheesecake,150.0,chocolate roulade,105.0,croquembouche,300.0,,chocolate bread,2025-12-06,-5191 days
chocolate soufflé,84.84849,2015-09-30,6,9,chocolate,chocolate tart,150.0,chocolate soufflé,75.0,chocolate centrepieces,240.0,,Chocate soufflés,2025-12-06,-3720 days
chocolate babka,75.86207,2020-10-13,11,4,chocolate,18 chocolate brownies,90.0,chocolate babka,150.0,white chocolate celebration cake,240.0,2.0,Chocolate Cake,2025-12-06,-1880 days
chocolate babka,70.588234,2020-10-13,11,4,chocolate,18 chocolate brownies,90.0,chocolate babka,150.0,white chocolate celebration cake,240.0,2.0,Rich Chocolate Cake,2025-12-07,-1881 days
 chocolate teacakes,77.77778,2012-10-02,3,8,biscuit,48 crackers,120.0, chocolate teacakes,120.0,gingerbread structure,240.0,2.0,Chocolate cake is,2025-12-07,-4814 days
 chocolate teacakes,76.92308,2012-10-02,3,8,biscuit,48 crackers,120.0, chocolate teacakes,120.0,gingerbread structure,240.0,2.0,Gooey chocolate cake,2025-12-08,-4815 days
 chocolate teacakes,75.0,2012-10-02,3,8,biscuit,48 crackers,120.0, chocolate teacakes,120.0,gingerbread structure,240.0,2.0,Made a chocolate cake,2025-12-09,-4816 days
 fortune cookies,71.42857,2017-09-05,8,2,biscuit,24 sandwich biscuits,135.0, fortune cookies,120.0,biscuit board games,210.0,2.0,More Cookies,2025-12-09,-3017 days
tiramisu cake,75.86207,2014-08-27,5,4,dessert,8 self-saucing puddings,120.0,tiramisu cake,150.0,baked alaska,270.0,,Tiramisu cookies,2025-12-10,-4123 days
 miniature pineapple upside-down cakes,73.84615,2020-09-22,11,1,cake,battenberg cake,120.0, miniature pineapple upside-down cakes,90.0,celebrity hero cake bust,240.0,2.0,Pineapple upside down cake!,2025-12-10,-1905 days
chocolate babka,86.666664,2020-10-13,11,4,chocolate,18 chocolate brownies,90.0,chocolate babka,150.0,white chocolate celebration cake,240.0,2.0,Chocolate Babka,2025-12-10,-1884 days
red velvet cake,80.0,2022-09-13,13,1,cake,12 mini sandwich cakes,120.0,red velvet cake,120.0,3d cake home,240.0,2.0,Red Velvet Cake,2025-12-11,-1185 days
"chocolate, hazelnut, & raspberry vertical tarts",73.56322,2022-11-08,13,9,pâtisserie,mini charlottes,150.0,"chocolate, hazelnut, & raspberry vertical tarts",120.0,krokan,240.0,3.0,"chocolate, hazelnut salted caramel tarts",2025-12-12,-1130 days
lemon meringue pie,75.675674,2022-10-11,13,5,desserts,8 steamed puddings,120.0,lemon meringue pie,120.0,hidden surprise mousse dessert,270.0,2.0,Lemon Meringue Fail,2025-12-13,-1159 days
 fortune cookies,73.333336,2017-09-05,8,2,biscuit,24 sandwich biscuits,135.0, fortune cookies,120.0,biscuit board games,210.0,2.0,Turtle cookies,2025-12-13,-3021 days
 chocolate teacakes,71.79487,2012-10-02,3,8,biscuit,48 crackers,120.0, chocolate teacakes,120.0,gingerbread structure,240.0,2.0,Chocolate cheesecake,2025-12-13,-4820 days
 sticky toffee puddings,75.0,2021-10-12,12,4,desserts,pavlova,165.0, sticky toffee puddings,90.0,joconde imprime dessert,270.0,2.0,Sticky toffee pudding cookies may,2025-12-13,-1523 days
 sticky toffee puddings,80.76923,2021-10-12,12,4,desserts,pavlova,165.0, sticky toffee puddings,90.0,joconde imprime dessert,270.0,2.0,Sticky toffee pudding cookies,2025-12-13,-1523 days
 sticky toffee puddings,73.07692,2021-10-12,12,4,desserts,pavlova,165.0, sticky toffee puddings,90.0,joconde imprime dessert,270.0,2.0,Sticky Toffee Pudding Cookies,2025-12-13,-1523 days
scones,100.0,2010-08-24,1,2,biscuit,personality biscuits,120.0,scones,60.0,"meringue, choux, and macaron petits fours",240.0,1.0,scones,2025-12-13,-5590 days
lemon meringue pie,83.333336,2022-10-11,13,5,desserts,8 steamed puddings,120.0,lemon meringue pie,120.0,hidden surprise mousse dessert,270.0,2.0,Lemon Meringue Pie,2025-12-13,-1159 days
 fortune cookies,70.96774,2017-09-05,8,2,biscuit,24 sandwich biscuits,135.0, fortune cookies,120.0,biscuit board games,210.0,2.0,S'mores cookies,2025-12-14,-3022 days
angel food cake,70.96774,2013-08-20,4,1,cake,sandwich cake,120.0,angel food cake,150.0,chocolate cake,240.0,,Orange loaf cake,2025-12-15,-4500 days
 fortune cookies,78.57143,2017-09-05,8,2,biscuit,24 sandwich biscuits,135.0, fortune cookies,120.0,biscuit board games,210.0,2.0,More cookies,2025-12-17,-3025 days
 sticky toffee puddings,81.48148,2021-10-12,12,4,desserts,pavlova,165.0, sticky toffee puddings,90.0,joconde imprime dessert,270.0,2.0,Hawksmoor sticky toffee pudding,2025-12-18,-1528 days
 baguettes,75.0,2015-08-19,6,3,bread,2 quick breads,90.0, baguettes,150.0,3d bread sculpture,300.0,,First baguette,2025-12-19,-3775 days
focaccia,72.72727,2011-08-30,2,3,bread,free form loaf,195.0,focaccia,210.0,12 sweet and 12 savoury rolls,300.0,,First focaccia,2025-12-20,-5226 days
lemon meringue pie,71.42857,2022-10-11,13,5,desserts,8 steamed puddings,120.0,lemon meringue pie,120.0,hidden surprise mousse dessert,270.0,2.0,Lemon meringue tartelett,2025-12-21,-1167 days
red velvet cake,73.17073,2022-09-13,13,1,cake,12 mini sandwich cakes,120.0,red velvet cake,120.0,3d cake home,240.0,2.0,Eggless red velvet cupcake,2025-12-23,-1197 days
 miniature pineapple upside-down cakes,78.37838,2020-09-22,11,1,cake,battenberg cake,120.0, miniature pineapple upside-down cakes,90.0,celebrity hero cake bust,240.0,2.0,1st time pineapple upside down cake!,2025-12-23,-1918 days
red velvet cake,71.42857,2022-09-13,13,1,cake,12 mini sandwich cakes,120.0,red velvet cake,120.0,3d cake home,240.0,2.0,Eggless red velvet cupcakes,2025-12-24,-1198 days
chocolate roulade,70.588234,2011-09-20,2,6,desserts,baked cheesecake,150.0,chocolate roulade,105.0,croquembouche,300.0,,Chocolate Crinkle,2025-12-24,-5209 days
 sticky toffee puddings,81.818184,2021-10-12,12,4,desserts,pavlova,165.0, sticky toffee puddings,90.0,joconde imprime dessert,270.0,2.0,Sticky Toffee Pudding,2025-12-24,-1534 days
tiramisu cake,75.0,2014-08-27,5,4,dessert,8 self-saucing puddings,120.0,tiramisu cake,150.0,baked alaska,270.0,,Tiramisu Cheesecake,2025-12-24,-4137 days
lemon meringue pie,71.42857,2022-10-11,13,5,desserts,8 steamed puddings,120.0,lemon meringue pie,120.0,hidden surprise mousse dessert,270.0,2.0,made lemon meringue tart,2025-12-25,-1171 days
cherry cake,71.42857,2014-08-06,5,1,cake,swiss roll,150.0,cherry cake,120.0,36 classic miniature british cakes,210.0,,Cherry cheesecake,2025-12-25,-4159 days
 sticky toffee puddings,81.48148,2021-10-12,12,4,desserts,pavlova,165.0, sticky toffee puddings,90.0,joconde imprime dessert,270.0,2.0,My first stick toffee puddings!,2025-12-26,-1536 days
 sticky toffee puddings,85.106384,2021-10-12,12,4,desserts,pavlova,165.0, sticky toffee puddings,90.0,joconde imprime dessert,270.0,2.0,Sticky toffee pudding :D,2025-12-28,-1538 days
focaccia,82.35294,2011-08-30,2,3,bread,free form loaf,195.0,focaccia,210.0,12 sweet and 12 savoury rolls,300.0,,Focaccia.,2025-12-30,-5236 days
 chocolate teacakes,75.0,2012-10-02,3,8,biscuit,48 crackers,120.0, chocolate teacakes,120.0,gingerbread structure,240.0,2.0,German chocolate cake,2025-12-31,-4838 days
lemon meringue pie,81.25,2022-10-11,13,5,desserts,8 steamed puddings,120.0,lemon meringue pie,120.0,hidden surprise mousse dessert,270.0,2.0,Lemon meringue,2025-12-31,-1177 days
sachertorte,90.90909,2011-10-04,2,8,final,12 mille-feuille,150.0,sachertorte,160.0,3 types of petits fours,240.0,,Sachertorte,2026-01-01,-5203 days
tiramisu cake,76.190475,2014-08-27,5,4,dessert,8 self-saucing puddings,120.0,tiramisu cake,150.0,baked alaska,270.0,,tiramisu,2026-01-03,-4147 days
 viennese whirls,90.32258,2016-08-31,7,2,biscuit,24 iced biscuits,150.0, viennese whirls,90.0,gingerbread 3d scene,240.0,2.0,Viennese whirls,2026-01-04,-3413 days
 english muffins,90.32258,2013-08-27,4,2,bread,36 breadsticks,120.0, english muffins,165.0,decorative loaf,240.0,,English muffins,2026-01-04,-4513 days
red velvet cake,85.71429,2022-09-13,13,1,cake,12 mini sandwich cakes,120.0,red velvet cake,120.0,3d cake home,240.0,2.0,HELP red velvet cake,2026-01-06,-1211 days
chocolate roulade,74.28571,2011-09-20,2,6,desserts,baked cheesecake,150.0,chocolate roulade,105.0,croquembouche,300.0,,Chocolate truffles,2026-01-06,-5222 days
 baguettes,71.42857,2015-08-19,6,3,bread,2 quick breads,90.0, baguettes,150.0,3d bread sculpture,300.0,,My first baguettes,2026-01-06,-3793 days
angel food cake,80.0,2013-08-20,4,1,cake,sandwich cake,120.0,angel food cake,150.0,chocolate cake,240.0,,Angel Food Cake,2026-01-07,-4523 days
frasier cake,80.0,2012-10-09,3,9,pâtisserie,3 types of petits fours,,frasier cake,150.0,choux pastry gâteau,,,Fraisier Cake,2026-01-07,-4838 days
angel food cake,93.333336,2013-08-20,4,1,cake,sandwich cake,120.0,angel food cake,150.0,chocolate cake,240.0,,Angel food cake,2026-01-08,-4524 days
angel food cake,93.333336,2013-08-20,4,1,cake,sandwich cake,120.0,angel food cake,150.0,chocolate cake,240.0,,Angel food cake,2026-01-08,-4524 days
 miniature pineapple upside-down cakes,79.45206,2020-09-22,11,1,cake,battenberg cake,120.0, miniature pineapple upside-down cakes,90.0,celebrity hero cake bust,240.0,2.0,My first pineapple upside down cake,2026-01-10,-1936 days
 chocolate teacakes,73.68421,2012-10-02,3,8,biscuit,48 crackers,120.0, chocolate teacakes,120.0,gingerbread structure,240.0,2.0,Mint Chocolate cake,2026-01-10,-4848 days
focaccia,87.5,2011-08-30,2,3,bread,free form loaf,195.0,focaccia,210.0,12 sweet and 12 savoury rolls,300.0,,Focaccia,2026-01-10,-5247 days
 chocolate teacakes,71.42857,2012-10-02,3,8,biscuit,48 crackers,120.0, chocolate teacakes,120.0,gingerbread structure,240.0,2.0,I made a chocolate cake,2026-01-12,-4850 days
 chocolate teacakes,75.0,2012-10-02,3,8,biscuit,48 crackers,120.0, chocolate teacakes,120.0,gingerbread structure,240.0,2.0,chocolate cheesecake.,2026-01-12,-4850 days
 chocolate teacakes,75.0,2012-10-02,3,8,biscuit,48 crackers,120.0, chocolate teacakes,120.0,gingerbread structure,240.0,2.0,Triple chocolate cake,2026-01-15,-4853 days
 chocolate teacakes,71.42857,2012-10-02,3,8,biscuit,48 crackers,120.0, chocolate teacakes,120.0,gingerbread structure,240.0,2.0,Hazelnut chocolate cake,2026-01-15,-4853 days
scones,76.92308,2010-08-24,1,2,biscuit,personality biscuits,120.0,scones,60.0,"meringue, choux, and macaron petits fours",240.0,1.0,Scones!,2026-01-15,-5623 days
 chocolate teacakes,75.0,2012-10-02,3,8,biscuit,48 crackers,120.0, chocolate teacakes,120.0,gingerbread structure,240.0,2.0,Double chocolate cake,2026-01-16,-4854 days
red velvet cake,78.78788,2022-09-13,13,1,cake,12 mini sandwich cakes,120.0,red velvet cake,120.0,3d cake home,240.0,2.0,Red velvet cookies,2026-01-17,-1222 days
red velvet cake,78.78788,2022-09-13,13,1,cake,12 mini sandwich cakes,120.0,red velvet cake,120.0,3d cake home,240.0,2.0,Red velvet cookies,2026-01-17,-1222 days
red velvet cake,78.78788,2022-09-13,13,1,cake,12 mini sandwich cakes,120.0,red velvet cake,120.0,3d cake home,240.0,2.0,Red velvet cookies,2026-01-17,-1222 days
red velvet cake,78.78788,2022-09-13,13,1,cake,12 mini sandwich cakes,120.0,red velvet cake,120.0,3d cake home,240.0,2.0,Red velvet cookies,2026-01-17,-1222 days
 fortune cookies,75.675674,2017-09-05,8,2,biscuit,24 sandwich biscuits,135.0, fortune cookies,120.0,biscuit board games,210.0,2.0,My favorite cookies!!,2026-01-17,-3056 days
red velvet cake,78.78788,2022-09-13,13,1,cake,12 mini sandwich cakes,120.0,red velvet cake,120.0,3d cake home,240.0,2.0,Red velvet cookies,2026-01-17,-1222 days
red velvet cake,71.79487,2022-09-13,13,1,cake,12 mini sandwich cakes,120.0,red velvet cake,120.0,3d cake home,240.0,2.0,Red velvet cupcakes 😊🧁❤️,2026-01-17,-1222 days
 english muffins,87.5,2013-08-27,4,2,bread,36 breadsticks,120.0, english muffins,165.0,decorative loaf,240.0,,English muffins.,2026-01-18,-4527 days
chocolate roulade,70.588234,2011-09-20,2,6,desserts,baked cheesecake,150.0,chocolate roulade,105.0,croquembouche,300.0,,Chocolate Brownie,2026-01-19,-5235 days
 chocolate teacakes,71.79487,2012-10-02,3,8,biscuit,48 crackers,120.0, chocolate teacakes,120.0,gingerbread structure,240.0,2.0,Chocolate Oreo cake!,2026-01-19,-4857 days
 chocolate teacakes,71.79487,2012-10-02,3,8,biscuit,48 crackers,120.0, chocolate teacakes,120.0,gingerbread structure,240.0,2.0,Chocolate Oreo cake!,2026-01-19,-4857 days
 lardy cake slices,70.27027,2023-11-28,14,10,final,8 éclairs,135.0, lardy cake slices,180.0,tiered celebration cake,270.0,2.0,layer cake success!,2026-01-20,-784 days
 egg custard tarts,73.17073,2013-09-10,4,4,pies and tarts,double crust fruit pie,120.0, egg custard tarts,120.0,filo pie,240.0,,Portugese custard tarts,2026-01-20,-4515 days
 chocolate teacakes,71.111115,2012-10-02,3,8,biscuit,48 crackers,120.0, chocolate teacakes,120.0,gingerbread structure,240.0,2.0,Dark chocolate mousse cake,2026-01-20,-4858 days
focaccia,82.35294,2011-08-30,2,3,bread,free form loaf,195.0,focaccia,210.0,12 sweet and 12 savoury rolls,300.0,,Focaccia!,2026-01-21,-5258 days
 miniature pineapple upside-down cakes,75.0,2020-09-22,11,1,cake,battenberg cake,120.0, miniature pineapple upside-down cakes,90.0,celebrity hero cake bust,240.0,2.0,Pineapple upside down cake,2026-01-21,-1947 days
chocolate babka,71.42857,2020-10-13,11,4,chocolate,18 chocolate brownies,90.0,chocolate babka,150.0,white chocolate celebration cake,240.0,2.0,Individual chocolate babkas,2026-01-22,-1927 days
mille-feuille,84.61539,2015-10-07,6,10,final,16 iced buns,180.0,mille-feuille,120.0,classic british cake,240.0,2.0,Mille-Feuille,2026-01-22,-3760 days
 white chocolate and blackberry cheesecakes,74.4186,2023-10-18,14,4,chocolate,chocolate torte,, white chocolate and blackberry cheesecakes,,edible chocolate box cake,,2.0,White chocolate raspberry basque cheesecake,2026-01-23,-828 days
 sticky toffee puddings,90.90909,2021-10-12,12,4,desserts,pavlova,165.0, sticky toffee puddings,90.0,joconde imprime dessert,270.0,2.0,Sticky toffee pudding,2026-01-24,-1565 days
tiramisu cake,84.61539,2014-08-27,5,4,dessert,8 self-saucing puddings,120.0,tiramisu cake,150.0,baked alaska,270.0,,Tiramisu Cake,2026-01-25,-4169 days
chocolate soufflé,70.588234,2015-09-30,6,9,chocolate,chocolate tart,150.0,chocolate soufflé,75.0,chocolate centrepieces,240.0,,Chocolate muffins,2026-01-25,-3770 days
focaccia,72.72727,2011-08-30,2,3,bread,free form loaf,195.0,focaccia,210.0,12 sweet and 12 savoury rolls,300.0,,Pesto focaccia,2026-01-26,-5263 days
 chocolate teacakes,72.22222,2012-10-02,3,8,biscuit,48 crackers,120.0, chocolate teacakes,120.0,gingerbread structure,240.0,2.0,Chocolate cookies,2026-01-27,-4865 days
 fortune cookies,70.96774,2017-09-05,8,2,biscuit,24 sandwich biscuits,135.0, fortune cookies,120.0,biscuit board games,210.0,2.0,S'mores cookies,2026-01-29,-3068 days
mille-feuille,76.92308,2015-10-07,6,10,final,16 iced buns,180.0,mille-feuille,120.0,classic british cake,240.0,2.0,Mille Feuille,2026-01-29,-3767 days
red velvet cake,81.08108,2022-09-13,13,1,cake,12 mini sandwich cakes,120.0,red velvet cake,120.0,3d cake home,240.0,2.0,red velvet loaf cake!!,2026-01-29,-1234 days
 baguettes,84.210526,2015-08-19,6,3,bread,2 quick breads,90.0, baguettes,150.0,3d bread sculpture,300.0,,Baguettes,2026-01-29,-3816 days
chocolate babka,83.870964,2020-10-13,11,4,chocolate,18 chocolate brownies,90.0,chocolate babka,150.0,white chocolate celebration cake,240.0,2.0,Chocolate Babka!,2026-01-30,-1935 days
 ginger biscuits,72.72727,2017-10-31,8,10,final,12 small loaves,180.0, ginger biscuits,150.0,large entremet,300.0,2.0,My beautiful ginger biscuits,2026-01-30,-3013 days
 miniature pineapple upside-down cakes,74.62687,2020-09-22,11,1,cake,battenberg cake,120.0, miniature pineapple upside-down cakes,90.0,celebrity hero cake bust,240.0,2.0,pineapple upside down cake!!!,2026-01-31,-1957 days
 chocolate teacakes,78.78788,2012-10-02,3,8,biscuit,48 crackers,120.0, chocolate teacakes,120.0,gingerbread structure,240.0,2.0,Chocolate cake,2026-01-31,-4869 days
 florentines,86.95652,2014-08-13,5,2,biscuit,36 savoury biscuits,120.0, florentines,105.0,3d biscuit scene,240.0,,Florentines,2026-01-31,-4189 days
lemon meringue pie,88.888885,2022-10-11,13,5,desserts,8 steamed puddings,120.0,lemon meringue pie,120.0,hidden surprise mousse dessert,270.0,2.0,Lemon meringue Pie,2026-02-01,-1209 days
 sticky toffee puddings,81.818184,2021-10-12,12,4,desserts,pavlova,165.0, sticky toffee puddings,90.0,joconde imprime dessert,270.0,2.0,Sticky Toffee Pudding,2026-02-01,-1573 days
 chocolate teacakes,71.79487,2012-10-02,3,8,biscuit,48 crackers,120.0, chocolate teacakes,120.0,gingerbread structure,240.0,2.0,Chocolate Cheesecake,2026-02-03,-4872 days
 miniature pineapple upside-down cakes,76.92308,2020-09-22,11,1,cake,battenberg cake,120.0, miniature pineapple upside-down cakes,90.0,celebrity hero cake bust,240.0,2.0,pineapple upside down cake!,2026-02-03,-1960 days
 chocolate teacakes,76.92308,2012-10-02,3,8,biscuit,48 crackers,120.0, chocolate teacakes,120.0,gingerbread structure,240.0,2.0,Fudge chocolate cake,2026-02-03,-4872 days
red velvet cake,72.22222,2022-09-13,13,1,cake,12 mini sandwich cakes,120.0,red velvet cake,120.0,3d cake home,240.0,2.0,Red Velvet Cheesecake,2026-02-04,-1240 days
chocolate babka,73.17073,2020-10-13,11,4,chocolate,18 chocolate brownies,90.0,chocolate babka,150.0,white chocolate celebration cake,240.0,2.0,Made chocolate babka today,2026-02-04,-1940 days
lemon meringue pie,78.26087,2022-10-11,13,5,desserts,8 steamed puddings,120.0,lemon meringue pie,120.0,hidden surprise mousse dessert,270.0,2.0,My first lemon meringue pie!,2026-02-07,-1215 days
 chocolate teacakes,71.79487,2012-10-02,3,8,biscuit,48 crackers,120.0, chocolate teacakes,120.0,gingerbread structure,240.0,2.0,Chocolate Cheesecake,2026-02-07,-4876 days
 chocolate teacakes,71.42857,2012-10-02,3,8,biscuit,48 crackers,120.0, chocolate teacakes,120.0,gingerbread structure,240.0,2.0,Chocolate birthday cake,2026-02-08,-4877 days
 chocolate teacakes,70.27027,2012-10-02,3,8,biscuit,48 crackers,120.0, chocolate teacakes,120.0,gingerbread structure,240.0,2.0,Hot Chocolate Cake,2026-02-08,-4877 days
 chocolate teacakes,71.42857,2012-10-02,3,8,biscuit,48 crackers,120.0, chocolate teacakes,120.0,gingerbread structure,240.0,2.0,Game day chocolate cake,2026-02-08,-4877 days
 chocolate teacakes,75.0,2012-10-02,3,8,biscuit,48 crackers,120.0, chocolate teacakes,120.0,gingerbread structure,240.0,2.0,German chocolate cake,2026-02-10,-4879 days
cherry cake,81.818184,2014-08-06,5,1,cake,swiss roll,150.0,cherry cake,120.0,36 classic miniature british cakes,210.0,,Cherry Cake,2026-02-11,-4207 days
chocolate babka,71.79487,2020-10-13,11,4,chocolate,18 chocolate brownies,90.0,chocolate babka,150.0,white chocolate celebration cake,240.0,2.0,Chocolate cinnamon babka,2026-02-11,-1947 days
chocolate babka,71.79487,2020-10-13,11,4,chocolate,18 chocolate brownies,90.0,chocolate babka,150.0,white chocolate celebration cake,240.0,2.0,Chocolate cinnamon babka,2026-02-11,-1947 days
angel food cake,70.96774,2013-08-20,4,1,cake,sandwich cake,120.0,angel food cake,150.0,chocolate cake,240.0,,Orange loaf cake,2026-02-11,-4558 days
red velvet cake,72.72727,2022-09-13,13,1,cake,12 mini sandwich cakes,120.0,red velvet cake,120.0,3d cake home,240.0,2.0,Red Velvet cookies,2026-02-14,-1250 days
red velvet cake,71.79487,2022-09-13,13,1,cake,12 mini sandwich cakes,120.0,red velvet cake,120.0,3d cake home,240.0,2.0,Made red velvet cookies!,2026-02-14,-1250 days
lemon meringue pie,75.675674,2022-10-11,13,5,desserts,8 steamed puddings,120.0,lemon meringue pie,120.0,hidden surprise mousse dessert,270.0,2.0,Lemon Meringue Cake,2026-02-16,-1224 days
large baklava,74.07407,2021-10-26,12,6,pastry,chouxnuts,,large baklava,165.0,terrine pie,270.0,3.0,I made baklava,2026-02-17,-1575 days
 chocolate teacakes,73.68421,2012-10-02,3,8,biscuit,48 crackers,120.0, chocolate teacakes,120.0,gingerbread structure,240.0,2.0,Chocolate swan cake,2026-02-18,-4887 days
 chocolate teacakes,75.0,2012-10-02,3,8,biscuit,48 crackers,120.0, chocolate teacakes,120.0,gingerbread structure,240.0,2.0,Made a chocolate cake,2026-02-18,-4887 days
 fortune cookies,70.96774,2017-09-05,8,2,biscuit,24 sandwich biscuits,135.0, fortune cookies,120.0,biscuit board games,210.0,2.0,my first cookie,2026-02-20,-3090 days
matcha crepe cake,75.0,2020-10-27,11,6,japanese,8 steamed buns,150.0,matcha crepe cake,120.0,kawaii cake,240.0,,Matcha cupcakes,2026-02-20,-1942 days
 chocolate teacakes,78.04878,2012-10-02,3,8,biscuit,48 crackers,120.0, chocolate teacakes,120.0,gingerbread structure,240.0,2.0,Double chocolate cakes,2026-02-21,-4890 days
chocolate babka,100.0,2020-10-13,11,4,chocolate,18 chocolate brownies,90.0,chocolate babka,150.0,white chocolate celebration cake,240.0,2.0,chocolate babka,2026-02-21,-1957 days
 fortune cookies,80.0,2017-09-05,8,2,biscuit,24 sandwich biscuits,135.0, fortune cookies,120.0,biscuit board games,210.0,2.0,My favorite cookies,2026-02-22,-3092 days
 chocolate teacakes,72.22222,2012-10-02,3,8,biscuit,48 crackers,120.0, chocolate teacakes,120.0,gingerbread structure,240.0,2.0,Chocolate cookies,2026-02-23,-4892 days
prinsesstårta,72.72727,2014-09-10,5,6,european cakes,yeast-leavened cake,180.0,prinsesstårta,135.0,dobos torte,300.0,,Pandan Prinsesstårta,2026-02-23,-4184 days
prinsesstårta,72.72727,2014-09-10,5,6,european cakes,yeast-leavened cake,180.0,prinsesstårta,135.0,dobos torte,300.0,,Pandan Prinsesstårta,2026-02-23,-4184 days
 ginger biscuits,78.04878,2017-10-31,8,10,final,12 small loaves,180.0, ginger biscuits,150.0,large entremet,300.0,2.0,I made ginger biscuits :),2026-02-24,-3038 days
 white chocolate and blackberry cheesecakes,70.42254,2023-10-18,14,4,chocolate,chocolate torte,, white chocolate and blackberry cheesecakes,,edible chocolate box cake,,2.0,Chocolate and blueberry cake,2026-02-25,-861 days
 ginger biscuits,70.96774,2017-10-31,8,10,final,12 small loaves,180.0, ginger biscuits,150.0,large entremet,300.0,2.0,Empire biscuits,2026-02-26,-3040 days
 english muffins,76.190475,2013-08-27,4,2,bread,36 breadsticks,120.0, english muffins,165.0,decorative loaf,240.0,,Semi vegan English muffins,2026-02-28,-4568 days
 english muffins,90.32258,2013-08-27,4,2,bread,36 breadsticks,120.0, english muffins,165.0,decorative loaf,240.0,,English muffins,2026-02-28,-4568 days
 chocolate teacakes,76.47059,2012-10-02,3,8,biscuit,48 crackers,120.0, chocolate teacakes,120.0,gingerbread structure,240.0,2.0,Chocolate cake?,2026-03-01,-4898 days
 fortune cookies,71.42857,2017-09-05,8,2,biscuit,24 sandwich biscuits,135.0, fortune cookies,120.0,biscuit board games,210.0,2.0,Corn Cookies,2026-03-02,-3100 days
 fortune cookies,78.04878,2017-09-05,8,2,biscuit,24 sandwich biscuits,135.0, fortune cookies,120.0,biscuit board games,210.0,2.0,Help with fortune cookies,2026-03-02,-3100 days
chocolate babka,86.666664,2020-10-13,11,4,chocolate,18 chocolate brownies,90.0,chocolate babka,150.0,white chocolate celebration cake,240.0,2.0,Chocolate Babka,2026-03-02,-1966 days
 viennese whirls,83.870964,2016-08-31,7,2,biscuit,24 iced biscuits,150.0, viennese whirls,90.0,gingerbread 3d scene,240.0,2.0,Viennese Swirls,2026-03-02,-3470 days
 sticky toffee puddings,90.90909,2021-10-12,12,4,desserts,pavlova,165.0, sticky toffee puddings,90.0,joconde imprime dessert,270.0,2.0,Sticky toffee pudding,2026-03-02,-1602 days
red velvet cake,78.78788,2022-09-13,13,1,cake,12 mini sandwich cakes,120.0,red velvet cake,120.0,3d cake home,240.0,2.0,Red velvet cookies,2026-03-03,-1267 days
 chocolate teacakes,71.42857,2012-10-02,3,8,biscuit,48 crackers,120.0, chocolate teacakes,120.0,gingerbread structure,240.0,2.0,german chocolate cake 🍫,2026-03-03,-4900 days
 miniature pineapple upside-down cakes,81.159424,2020-09-22,11,1,cake,battenberg cake,120.0, miniature pineapple upside-down cakes,90.0,celebrity hero cake bust,240.0,2.0,2 am pineapple upside down cake,2026-03-04,-1989 days
 fortune cookies,75.86207,2017-09-05,8,2,biscuit,24 sandwich biscuits,135.0, fortune cookies,120.0,biscuit board games,210.0,2.0,honey cookies,2026-03-04,-3102 days
 sticky toffee puddings,83.01887,2021-10-12,12,4,desserts,pavlova,165.0, sticky toffee puddings,90.0,joconde imprime dessert,270.0,2.0,the best sticky toffee pudding,2026-03-05,-1605 days
 fortune cookies,70.588234,2017-09-05,8,2,biscuit,24 sandwich biscuits,135.0, fortune cookies,120.0,biscuit board games,210.0,2.0,Shortbread cookies,2026-03-05,-3103 days
 chocolate teacakes,71.42857,2012-10-02,3,8,biscuit,48 crackers,120.0, chocolate teacakes,120.0,gingerbread structure,240.0,2.0,chocolate hersheys cake,2026-03-06,-4903 days
 devonshire splits,91.42857,2023-10-10,14,3,bread,cottage loaf,120.0, devonshire splits,,plaited centrepiece loaf,,2.0,Devonshire splits,2026-03-06,-878 days
 white chocolate and blackberry cheesecakes,79.012344,2023-10-18,14,4,chocolate,chocolate torte,, white chocolate and blackberry cheesecakes,,edible chocolate box cake,,2.0,White chocolate raspberry cheesecake!!,2026-03-08,-872 days
 custard creams,70.96774,2023-10-03,14,2,biscuits,12 marshmallow biscuits,, custard creams,90.0,illusion biscuit meal,240.0,1.0,Custard Problems,2026-03-08,-887 days
red velvet cake,84.84849,2022-09-13,13,1,cake,12 mini sandwich cakes,120.0,red velvet cake,120.0,3d cake home,240.0,2.0,red velvet cookies,2026-03-11,-1275 days
tiramisu cake,72.0,2014-08-27,5,4,dessert,8 self-saucing puddings,120.0,tiramisu cake,150.0,baked alaska,270.0,,Tiramisu Pie,2026-03-12,-4215 days
 chocolate teacakes,73.68421,2012-10-02,3,8,biscuit,48 crackers,120.0, chocolate teacakes,120.0,gingerbread structure,240.0,2.0,Chocolate loaf cake,2026-03-13,-4910 days
lemon meringue pie,97.14286,2022-10-11,13,5,desserts,8 steamed puddings,120.0,lemon meringue pie,120.0,hidden surprise mousse dessert,270.0,2.0,lemon meringue pi,2026-03-15,-1251 days
cherry cake,72.0,2014-08-06,5,1,cake,swiss roll,150.0,cherry cake,120.0,36 classic miniature british cakes,210.0,,Blueberry cake,2026-03-15,-4239 days
 chocolate teacakes,76.47059,2012-10-02,3,8,biscuit,48 crackers,120.0, chocolate teacakes,120.0,gingerbread structure,240.0,2.0,Chocolate cake!,2026-03-16,-4913 days
 chocolate teacakes,71.42857,2012-10-02,3,8,biscuit,48 crackers,120.0, chocolate teacakes,120.0,gingerbread structure,240.0,2.0,17-layer chocolate cake,2026-03-17,-4914 days
 sticky toffee puddings,81.48148,2021-10-12,12,4,desserts,pavlova,165.0, sticky toffee puddings,90.0,joconde imprime dessert,270.0,2.0,Biscoff sticky toffee pudding 🍮,2026-03-18,-1618 days
 chocolate teacakes,81.08108,2012-10-02,3,8,biscuit,48 crackers,120.0, chocolate teacakes,120.0,gingerbread structure,240.0,2.0,Hot chocolate cake,2026-03-19,-4916 days
chocolate babka,86.666664,2020-10-13,11,4,chocolate,18 chocolate brownies,90.0,chocolate babka,150.0,white chocolate celebration cake,240.0,2.0,Chocolate Babka,2026-03-19,-1983 days
chocolate roulade,80.0,2011-09-20,2,6,desserts,baked cheesecake,150.0,chocolate roulade,105.0,croquembouche,300.0,,Choco roulade,2026-03-19,-5294 days
focaccia,76.190475,2011-08-30,2,3,bread,free form loaf,195.0,focaccia,210.0,12 sweet and 12 savoury rolls,300.0,,peak focaccia,2026-03-20,-5316 days
angel food cake,80.0,2013-08-20,4,1,cake,sandwich cake,120.0,angel food cake,150.0,chocolate cake,240.0,,Angel Food Cake,2026-03-20,-4595 days
 baguettes,84.210526,2015-08-19,6,3,bread,2 quick breads,90.0, baguettes,150.0,3d bread sculpture,300.0,,Baguettes,2026-03-21,-3867 days
 chocolate teacakes,72.34042,2012-10-02,3,8,biscuit,48 crackers,120.0, chocolate teacakes,120.0,gingerbread structure,240.0,2.0,Mini chocolate bundt cakes 🌺,2026-03-22,-4919 days
red velvet cake,73.68421,2022-09-13,13,1,cake,12 mini sandwich cakes,120.0,red velvet cake,120.0,3d cake home,240.0,2.0,my red velvet cookies 🍪,2026-03-22,-1286 days
red velvet cake,93.333336,2022-09-13,13,1,cake,12 mini sandwich cakes,120.0,red velvet cake,120.0,3d cake home,240.0,2.0,Red velvet cake,2026-03-22,-1286 days
red velvet cake,80.0,2022-09-13,13,1,cake,12 mini sandwich cakes,120.0,red velvet cake,120.0,3d cake home,240.0,2.0,Red Velvet Cake,2026-03-22,-1286 days
matcha crepe cake,71.79487,2020-10-27,11,6,japanese,8 steamed buns,150.0,matcha crepe cake,120.0,kawaii cake,240.0,,My birthday crepe cake,2026-03-22,-1972 days
 english muffins,75.0,2013-08-27,4,2,bread,36 breadsticks,120.0, english muffins,165.0,decorative loaf,240.0,,Homemade English muffins,2026-03-23,-4591 days
matcha crepe cake,71.79487,2020-10-27,11,6,japanese,8 steamed buns,150.0,matcha crepe cake,120.0,kawaii cake,240.0,,My birthday crepe cake,2026-03-23,-1973 days
frasier cake,72.72727,2012-10-09,3,9,pâtisserie,3 types of petits fours,,frasier cake,150.0,choux pastry gâteau,,,first cake,2026-03-23,-4913 days
 chocolate teacakes,78.78788,2012-10-02,3,8,biscuit,48 crackers,120.0, chocolate teacakes,120.0,gingerbread structure,240.0,2.0,Chocolate cake,2026-03-24,-4921 days
 chocolate teacakes,75.0,2012-10-02,3,8,biscuit,48 crackers,120.0, chocolate teacakes,120.0,gingerbread structure,240.0,2.0,First chocolate cake🎂,2026-03-24,-4921 days
red velvet cake,80.0,2022-09-13,13,1,cake,12 mini sandwich cakes,120.0,red velvet cake,120.0,3d cake home,240.0,2.0,Red Velvet Cake,2026-03-25,-1289 days
 lardy cake slices,70.27027,2023-11-28,14,10,final,8 éclairs,135.0, lardy cake slices,180.0,tiered celebration cake,270.0,2.0,Variety Cake Slices,2026-03-25,-848 days
red velvet cake,80.0,2022-09-13,13,1,cake,12 mini sandwich cakes,120.0,red velvet cake,120.0,3d cake home,240.0,2.0,Red Velvet Cake,2026-03-25,-1289 days
lemon meringue pie,83.333336,2022-10-11,13,5,desserts,8 steamed puddings,120.0,lemon meringue pie,120.0,hidden surprise mousse dessert,270.0,2.0,Lemon Meringue Pie,2026-03-26,-1262 days
lemon meringue pie,70.27027,2022-10-11,13,5,desserts,8 steamed puddings,120.0,lemon meringue pie,120.0,hidden surprise mousse dessert,270.0,2.0,Lemon Meringue Tart,2026-03-27,-1263 days
 chocolate mini rolls,73.07692,2017-08-29,8,1,cake,fruity cake,120.0, chocolate mini rolls,120.0,illusion cake,240.0,2.0,dark chocolate cinnamon rolls 🍫,2026-03-28,-3133 days
chocolate soufflé,77.27273,2015-09-30,6,9,chocolate,chocolate tart,150.0,chocolate soufflé,75.0,chocolate centrepieces,240.0,,My first chocolate soufflé!,2026-03-29,-3833 days
 chocolate teacakes,73.68421,2012-10-02,3,8,biscuit,48 crackers,120.0, chocolate teacakes,120.0,gingerbread structure,240.0,2.0,Chocolate crackles?,2026-03-29,-4926 days
frasier cake,75.0,2012-10-09,3,9,pâtisserie,3 types of petits fours,,frasier cake,150.0,choux pastry gâteau,,,Easter cake!,2026-03-29,-4919 days
 chocolate teacakes,72.22222,2012-10-02,3,8,biscuit,48 crackers,120.0, chocolate teacakes,120.0,gingerbread structure,240.0,2.0,Chocolate cupcake,2026-03-30,-4927 days
 chocolate teacakes,78.78788,2012-10-02,3,8,biscuit,48 crackers,120.0, chocolate teacakes,120.0,gingerbread structure,240.0,2.0,Chocolate cake,2026-03-30,-4927 days
 white chocolate and blackberry cheesecakes,75.86207,2023-10-18,14,4,chocolate,chocolate torte,, white chocolate and blackberry cheesecakes,,edible chocolate box cake,,2.0,White chocolate & strawberry cheesecake!! 😊😊,2026-03-30,-894 days
 white chocolate and blackberry cheesecakes,75.86207,2023-10-18,14,4,chocolate,chocolate torte,, white chocolate and blackberry cheesecakes,,edible chocolate box cake,,2.0,White chocolate & strawberry cheesecake!! 😊😊,2026-03-30,-894 days
spring rolls,88.0,2022-11-01,13,8,pastry,12 sweet vol-au-vents,120.0,spring rolls,80.0,3d storybook pie scene,240.0,2.0,shaping rolls,2026-03-31,-1246 days
spring rolls,88.0,2022-11-01,13,8,pastry,12 sweet vol-au-vents,120.0,spring rolls,80.0,3d storybook pie scene,240.0,2.0,shaping rolls,2026-03-31,-1246 days
chocolate roulade,70.96774,2011-09-20,2,6,desserts,baked cheesecake,150.0,chocolate roulade,105.0,croquembouche,300.0,,Chocolate loaf,2026-03-31,-5306 days
 chocolate teacakes,78.78788,2012-10-02,3,8,biscuit,48 crackers,120.0, chocolate teacakes,120.0,gingerbread structure,240.0,2.0,Chocolate cake,2026-04-01,-4929 days
angel food cake,80.0,2013-08-20,4,1,cake,sandwich cake,120.0,angel food cake,150.0,chocolate cake,240.0,,Angel Food Cake,2026-04-04,-4610 days
frasier cake,78.26087,2012-10-09,3,9,pâtisserie,3 types of petits fours,,frasier cake,150.0,choux pastry gâteau,,,Easter cake,2026-04-04,-4925 days
lemon meringue pie,94.44444,2022-10-11,13,5,desserts,8 steamed puddings,120.0,lemon meringue pie,120.0,hidden surprise mousse dessert,270.0,2.0,Lemon meringue pie,2026-04-05,-1272 days
sachertorte,100.0,2011-10-04,2,8,final,12 mille-feuille,150.0,sachertorte,160.0,3 types of petits fours,240.0,,sachertorte,2026-04-05,-5297 days
lemon meringue pie,70.27027,2022-10-11,13,5,desserts,8 steamed puddings,120.0,lemon meringue pie,120.0,hidden surprise mousse dessert,270.0,2.0,Lemon Meringue Tart,2026-04-05,-1272 days
frasier cake,78.26087,2012-10-09,3,9,pâtisserie,3 types of petits fours,,frasier cake,150.0,choux pastry gâteau,,,Easter cake,2026-04-05,-4926 days
tiramisu cake,100.0,2014-08-27,5,4,dessert,8 self-saucing puddings,120.0,tiramisu cake,150.0,baked alaska,270.0,,tiramisu cake,2026-04-06,-4240 days
spring rolls,75.0,2022-11-01,13,8,pastry,12 sweet vol-au-vents,120.0,spring rolls,80.0,3d storybook pie scene,240.0,2.0,Orange rolls,2026-04-07,-1253 days
 chocolate teacakes,73.68421,2012-10-02,3,8,biscuit,48 crackers,120.0, chocolate teacakes,120.0,gingerbread structure,240.0,2.0,Chocolate loaf cake,2026-04-07,-4935 days
chocolate babka,86.666664,2020-10-13,11,4,chocolate,18 chocolate brownies,90.0,chocolate babka,150.0,white chocolate celebration cake,240.0,2.0,Chocolate Babka,2026-04-08,-2003 days
 chocolate teacakes,73.17073,2012-10-02,3,8,biscuit,48 crackers,120.0, chocolate teacakes,120.0,gingerbread structure,240.0,2.0,German chocolate cake!,2026-04-08,-4936 days
chocolate babka,93.333336,2020-10-13,11,4,chocolate,18 chocolate brownies,90.0,chocolate babka,150.0,white chocolate celebration cake,240.0,2.0,Chocolate babka,2026-04-09,-2004 days
red velvet cake,80.0,2022-09-13,13,1,cake,12 mini sandwich cakes,120.0,red velvet cake,120.0,3d cake home,240.0,2.0,Red Velvet Cake,2026-04-11,-1306 days
chocolate roulade,70.27027,2011-09-20,2,6,desserts,baked cheesecake,150.0,chocolate roulade,105.0,croquembouche,300.0,,Chocolate Cloud Cake,2026-04-12,-5318 days
 chocolate teacakes,84.84849,2012-10-02,3,8,biscuit,48 crackers,120.0, chocolate teacakes,120.0,gingerbread structure,240.0,2.0,chocolate cake,2026-04-13,-4941 days
 miniature pineapple upside-down cakes,70.588234,2020-09-22,11,1,cake,battenberg cake,120.0, miniature pineapple upside-down cakes,90.0,celebrity hero cake bust,240.0,2.0,Presenting my humble pineapple upside down cake,2026-04-17,-2033 days
focaccia,77.77778,2011-08-30,2,3,bread,free form loaf,195.0,focaccia,210.0,12 sweet and 12 savoury rolls,300.0,,Focaccia 🌼,2026-04-17,-5344 days
 ginger biscuits,73.68421,2017-10-31,8,10,final,12 small loaves,180.0, ginger biscuits,150.0,large entremet,300.0,2.0,Baking powder biscuits,2026-04-17,-3090 days
 white chocolate and blackberry cheesecakes,70.588234,2023-10-18,14,4,chocolate,chocolate torte,, white chocolate and blackberry cheesecakes,,edible chocolate box cake,,2.0,Chocolate blackberry cake,2026-04-18,-913 days
 pastéis de nata,72.22222,2017-10-03,8,6,pastry,4 shortcrust savoury pies,150.0, pastéis de nata,120.0,family-sized hand-raised pie,240.0,2.0,Pasteis de nata fail,2026-04-18,-3119 days
 campfire pita breads,74.28571,2018-10-30,9,10,final,12 iced doughnuts,180.0, campfire pita breads,90.0,landscape desert,270.0,2.0,Campfire bread,2026-04-19,-2728 days
 campfire pita breads,74.28571,2018-10-30,9,10,final,12 iced doughnuts,180.0, campfire pita breads,90.0,landscape desert,270.0,2.0,Campfire bread,2026-04-19,-2728 days
 chocolate teacakes,78.78788,2012-10-02,3,8,biscuit,48 crackers,120.0, chocolate teacakes,120.0,gingerbread structure,240.0,2.0,Chocolate cake,2026-04-19,-4947 days
cottage loaf,75.0,2017-09-12,8,3,bread,12 teacakes,165.0,cottage loaf,150.0,multicoloured bread sculpture,270.0,1.0,Cottage laws,2026-04-21,-3143 days
 chocolate teacakes,73.17073,2012-10-02,3,8,biscuit,48 crackers,120.0, chocolate teacakes,120.0,gingerbread structure,240.0,2.0,German chocolate cake!,2026-04-22,-4950 days
tiramisu cake,75.86207,2014-08-27,5,4,dessert,8 self-saucing puddings,120.0,tiramisu cake,150.0,baked alaska,270.0,,tiramisu storage,2026-04-22,-4256 days
chocolate babka,75.86207,2020-10-13,11,4,chocolate,18 chocolate brownies,90.0,chocolate babka,150.0,white chocolate celebration cake,240.0,2.0,Chocolate Cake,2026-04-23,-2018 days
 chocolate teacakes,76.92308,2012-10-02,3,8,biscuit,48 crackers,120.0, chocolate teacakes,120.0,gingerbread structure,240.0,2.0,Spicy chocolate cake,2026-04-24,-4952 days
 gluten-free pita bread,73.46939,2015-09-02,6,5,alternative ingredients,sugar-free cake,150.0, gluten-free pita bread,120.0,dairy-free ice cream roll,270.0,,Gluten-free banana bread 🍌,2026-04-24,-3887 days
frasier cake,80.0,2012-10-09,3,9,pâtisserie,3 types of petits fours,,frasier cake,150.0,choux pastry gâteau,,,Fraisier Cake,2026-04-25,-4946 days
lemon meringue pie,75.0,2022-10-11,13,5,desserts,8 steamed puddings,120.0,lemon meringue pie,120.0,hidden surprise mousse dessert,270.0,2.0,Lemon Meringue,2026-04-25,-1292 days
chocolate babka,71.79487,2020-10-13,11,4,chocolate,18 chocolate brownies,90.0,chocolate babka,150.0,white chocolate celebration cake,240.0,2.0,Chocolate hazelnut babka,2026-04-25,-2020 days
focaccia,100.0,2011-08-30,2,3,bread,free form loaf,195.0,focaccia,210.0,12 sweet and 12 savoury rolls,300.0,,focaccia,2026-04-25,-5352 days
 molten chocolate puddings,76.92308,2017-09-26,8,5,pudding,steamed school pudding,180.0, molten chocolate puddings,60.0,ornamental trifle terrine,270.0,1.0,Homemade chocolate pudding,2026-04-26,-3134 days
red velvet cake,72.22222,2022-09-13,13,1,cake,12 mini sandwich cakes,120.0,red velvet cake,120.0,3d cake home,240.0,2.0,Red Velvet Cheesecake,2026-04-26,-1321 days
chocolate babka,72.22222,2020-10-13,11,4,chocolate,18 chocolate brownies,90.0,chocolate babka,150.0,white chocolate celebration cake,240.0,2.0,Smores chocolate bark,2026-04-26,-2021 days
tiramisu cake,76.190475,2014-08-27,5,4,dessert,8 self-saucing puddings,120.0,tiramisu cake,150.0,baked alaska,270.0,,tiramisu,2026-04-27,-4261 days
focaccia,87.5,2011-08-30,2,3,bread,free form loaf,195.0,focaccia,210.0,12 sweet and 12 savoury rolls,300.0,,Focaccia,2026-04-27,-5354 days
 chocolate teacakes,71.42857,2012-10-02,3,8,biscuit,48 crackers,120.0, chocolate teacakes,120.0,gingerbread structure,240.0,2.0,Chocolate Birthday cake,2026-04-27,-4955 days
victoria sandwich,75.0,2010-08-17,1,1,cake,cake,180.0,victoria sandwich,,chocolate celebration cake,,1.0,Victorian Sandwich Cake,2026-04-28,-5733 days
 fortune cookies,70.96774,2017-09-05,8,2,biscuit,24 sandwich biscuits,135.0, fortune cookies,120.0,biscuit board games,210.0,2.0,Funeral cookies,2026-04-28,-3157 days
tiramisu cake,72.72727,2014-08-27,5,4,dessert,8 self-saucing puddings,120.0,tiramisu cake,150.0,baked alaska,270.0,,Tiramisu layer cake?,2026-04-28,-4262 days
chocolate roulade,74.28571,2011-09-20,2,6,desserts,baked cheesecake,150.0,chocolate roulade,105.0,croquembouche,300.0,,Chocolate Kolaches,2026-04-29,-5335 days
tiramisu cake,70.27027,2014-08-27,5,4,dessert,8 self-saucing puddings,120.0,tiramisu cake,150.0,baked alaska,270.0,,my tiramisu cheesecake!!,2026-05-01,-4265 days
 chocolate teacakes,71.111115,2012-10-02,3,8,biscuit,48 crackers,120.0, chocolate teacakes,120.0,gingerbread structure,240.0,2.0,German chocolate cupcakes!,2026-05-03,-4961 days
 chocolate teacakes,76.92308,2012-10-02,3,8,biscuit,48 crackers,120.0, chocolate teacakes,120.0,gingerbread structure,240.0,2.0,Chocolate heart cake,2026-05-03,-4961 days
matcha crepe cake,74.07407,2020-10-27,11,6,japanese,8 steamed buns,150.0,matcha crepe cake,120.0,kawaii cake,240.0,,crepe cake,2026-05-03,-2014 days
red velvet cake,72.72727,2022-09-13,13,1,cake,12 mini sandwich cakes,120.0,red velvet cake,120.0,3d cake home,240.0,2.0,Purple Velvet Cake,2026-05-04,-1329 days
scones,70.588234,2010-08-24,1,2,biscuit,personality biscuits,120.0,scones,60.0,"meringue, choux, and macaron petits fours",240.0,1.0,Date scones,2026-05-05,-5733 days
frasier cake,80.0,2012-10-09,3,9,pâtisserie,3 types of petits fours,,frasier cake,150.0,choux pastry gâteau,,,Fraisier Cake,2026-05-07,-4958 days
 fortune cookies,72.72727,2017-09-05,8,2,biscuit,24 sandwich biscuits,135.0, fortune cookies,120.0,biscuit board games,210.0,2.0,Even more cookies,2026-05-07,-3166 days
lemon meringue pie,71.42857,2022-10-11,13,5,desserts,8 steamed puddings,120.0,lemon meringue pie,120.0,hidden surprise mousse dessert,270.0,2.0,Little lemon meringues 🍋,2026-05-08,-1305 days
 chocolate teacakes,73.68421,2012-10-02,3,8,biscuit,48 crackers,120.0, chocolate teacakes,120.0,gingerbread structure,240.0,2.0,Made Chocolate cake,2026-05-08,-4966 days
 fortune cookies,70.27027,2017-09-05,8,2,biscuit,24 sandwich biscuits,135.0, fortune cookies,120.0,biscuit board games,210.0,2.0,My first ever cookies,2026-05-08,-3167 days
 white chocolate and blackberry cheesecakes,72.94118,2023-10-18,14,4,chocolate,chocolate torte,, white chocolate and blackberry cheesecakes,,edible chocolate box cake,,2.0,White chocolate and blackcurrant charlotte,2026-05-08,-933 days
 chocolate teacakes,75.0,2012-10-02,3,8,biscuit,48 crackers,120.0, chocolate teacakes,120.0,gingerbread structure,240.0,2.0,chocolate mousse cake,2026-05-10,-4968 days
 chocolate teacakes,71.79487,2012-10-02,3,8,biscuit,48 crackers,120.0, chocolate teacakes,120.0,gingerbread structure,240.0,2.0,Chocolate Cheesecake,2026-05-10,-4968 days
focaccia,82.35294,2011-08-30,2,3,bread,free form loaf,195.0,focaccia,210.0,12 sweet and 12 savoury rolls,300.0,,Focaccia?,2026-05-10,-5367 days
 campfire pita breads,74.28571,2018-10-30,9,10,final,12 iced doughnuts,180.0, campfire pita breads,90.0,landscape desert,270.0,2.0,Campfire bread,2026-05-11,-2750 days
angel food cake,72.22222,2013-08-20,4,1,cake,sandwich cake,120.0,angel food cake,150.0,chocolate cake,240.0,,Mango Angel Food Cake,2026-05-11,-4647 days
 white chocolate and blackberry cheesecakes,75.0,2023-10-18,14,4,chocolate,chocolate torte,, white chocolate and blackberry cheesecakes,,edible chocolate box cake,,2.0,White chocolate and raspberry cookies,2026-05-11,-936 days
chocolate soufflé,70.588234,2015-09-30,6,9,chocolate,chocolate tart,150.0,chocolate soufflé,75.0,chocolate centrepieces,240.0,,Chocolate Muffins,2026-05-11,-3876 days
 fortune cookies,73.333336,2017-09-05,8,2,biscuit,24 sandwich biscuits,135.0, fortune cookies,120.0,biscuit board games,210.0,2.0,smores cookies,2026-05-13,-3172 days
red velvet cake,70.96774,2022-09-13,13,1,cake,12 mini sandwich cakes,120.0,red velvet cake,120.0,3d cake home,240.0,2.0,Blue Velvet Cake,2026-05-14,-1339 days
focaccia,87.5,2011-08-30,2,3,bread,free form loaf,195.0,focaccia,210.0,12 sweet and 12 savoury rolls,300.0,,Focaccia,2026-05-14,-5371 days
cherry cake,72.72727,2014-08-06,5,1,cake,swiss roll,150.0,cherry cake,120.0,36 classic miniature british cakes,210.0,,carrot cake,2026-05-15,-4300 days
 chocolate teacakes,75.55556,2012-10-02,3,8,biscuit,48 crackers,120.0, chocolate teacakes,120.0,gingerbread structure,240.0,2.0,Chocolate Nutella cupcakes,2026-05-17,-4975 days
chocolate babka,81.25,2020-10-13,11,4,chocolate,18 chocolate brownies,90.0,chocolate babka,150.0,white chocolate celebration cake,240.0,2.0,Chocolate Babka🍞🍫,2026-05-17,-2042 days
chocolate babka,81.25,2020-10-13,11,4,chocolate,18 chocolate brownies,90.0,chocolate babka,150.0,white chocolate celebration cake,240.0,2.0,Chocolate Babka🍞🍫,2026-05-17,-2042 days
lemon meringue pie,97.297295,2022-10-11,13,5,desserts,8 steamed puddings,120.0,lemon meringue pie,120.0,hidden surprise mousse dessert,270.0,2.0,lemon meringue pie!,2026-05-17,-1314 days
frasier cake,74.07407,2012-10-09,3,9,pâtisserie,3 types of petits fours,,frasier cake,150.0,choux pastry gâteau,,,nashi pear cake,2026-05-17,-4968 days
 white chocolate and blackberry cheesecakes,74.1573,2023-10-18,14,4,chocolate,chocolate torte,, white chocolate and blackberry cheesecakes,,edible chocolate box cake,,2.0,White chocolate strawberry cheesecake buns 🍓❤️,2026-05-17,-942 days
 chocolate teacakes,71.42857,2012-10-02,3,8,biscuit,48 crackers,120.0, chocolate teacakes,120.0,gingerbread structure,240.0,2.0,chocolate bundt cake 🍫🤤,2026-05-18,-4976 days
 fortune cookies,71.42857,2017-09-05,8,2,biscuit,24 sandwich biscuits,135.0, fortune cookies,120.0,biscuit board games,210.0,2.0,Oreo cookies,2026-05-20,-3179 days
 fortune cookies,70.96774,2017-09-05,8,2,biscuit,24 sandwich biscuits,135.0, fortune cookies,120.0,biscuit board games,210.0,2.0,S’mores cookies,2026-05-20,-3179 days
red velvet cake,86.666664,2022-09-13,13,1,cake,12 mini sandwich cakes,120.0,red velvet cake,120.0,3d cake home,240.0,2.0,Red velvet Cake,2026-05-21,-1346 days
 white chocolate and blackberry cheesecakes,71.052635,2023-10-18,14,4,chocolate,chocolate torte,, white chocolate and blackberry cheesecakes,,edible chocolate box cake,,2.0,White chocolate blackberry tart 😋,2026-05-21,-946 days
lemon meringue pie,94.44444,2022-10-11,13,5,desserts,8 steamed puddings,120.0,lemon meringue pie,120.0,hidden surprise mousse dessert,270.0,2.0,Lemon meringue pie,2026-05-22,-1319 days
crème caramel,84.61539,2012-09-04,3,4,desserts,wheat-free torte cake,180.0,crème caramel,165.0,4 layered meringue dessert,,,Creme caramel,2026-05-22,-5008 days
 white chocolate and blackberry cheesecakes,71.052635,2023-10-18,14,4,chocolate,chocolate torte,, white chocolate and blackberry cheesecakes,,edible chocolate box cake,,2.0,Orange white chocolate cheesecake,2026-05-23,-948 days
 chocolate teacakes,76.92308,2012-10-02,3,8,biscuit,48 crackers,120.0, chocolate teacakes,120.0,gingerbread structure,240.0,2.0,Dubai chocolate cake,2026-05-23,-4981 days
 chocolate teacakes,75.675674,2012-10-02,3,8,biscuit,48 crackers,120.0, chocolate teacakes,120.0,gingerbread structure,240.0,2.0,Chocolate Cupcakes,2026-05-24,-4982 days
 fortune cookies,72.72727,2017-09-05,8,2,biscuit,24 sandwich biscuits,135.0, fortune cookies,120.0,biscuit board games,210.0,2.0,Cornbread cookies,2026-05-24,-3183 days
chocolate babka,86.666664,2020-10-13,11,4,chocolate,18 chocolate brownies,90.0,chocolate babka,150.0,white chocolate celebration cake,240.0,2.0,Chocolate Babka,2026-05-24,-2049 days
chocolate roulade,70.588234,2011-09-20,2,6,desserts,baked cheesecake,150.0,chocolate roulade,105.0,croquembouche,300.0,,Chocolate Madness,2026-05-25,-5361 days
 fortune cookies,70.96774,2017-09-05,8,2,biscuit,24 sandwich biscuits,135.0, fortune cookies,120.0,biscuit board games,210.0,2.0,S'mores cookies,2026-05-26,-3185 days
 english muffins,71.79487,2013-08-27,4,2,bread,36 breadsticks,120.0, english muffins,165.0,decorative loaf,240.0,,English muffins problem,2026-05-26,-4655 days
 chocolate teacakes,76.92308,2012-10-02,3,8,biscuit,48 crackers,120.0, chocolate teacakes,120.0,gingerbread structure,240.0,2.0,Dubai chocolate cake,2026-05-28,-4986 days
 chocolate teacakes,75.0,2012-10-02,3,8,biscuit,48 crackers,120.0, chocolate teacakes,120.0,gingerbread structure,240.0,2.0,Double chocolate cake,2026-05-28,-4986 days
 chocolate teacakes,71.79487,2012-10-02,3,8,biscuit,48 crackers,120.0, chocolate teacakes,120.0,gingerbread structure,240.0,2.0,Chocolate sheet cake,2026-05-29,-4987 days
 chocolate teacakes,78.78788,2012-10-02,3,8,biscuit,48 crackers,120.0, chocolate teacakes,120.0,gingerbread structure,240.0,2.0,Chocolate cake,2026-05-29,-4987 days
matcha crepe cake,77.77778,2020-10-27,11,6,japanese,8 steamed buns,150.0,matcha crepe cake,120.0,kawaii cake,240.0,,I made a crepe cake,2026-05-30,-2041 days
chocolate babka,70.588234,2020-10-13,11,4,chocolate,18 chocolate brownies,90.0,chocolate babka,150.0,white chocolate celebration cake,240.0,2.0,Chocolate kladdkaka,2026-05-31,-2056 days
lemon meringue pie,75.675674,2022-10-11,13,5,desserts,8 steamed puddings,120.0,lemon meringue pie,120.0,hidden surprise mousse dessert,270.0,2.0,Lemon meringue tart,2026-06-01,-1329 days
chocolate babka,74.28571,2020-10-13,11,4,chocolate,18 chocolate brownies,90.0,chocolate babka,150.0,white chocolate celebration cake,240.0,2.0,Chocolate chip Babka,2026-06-03,-2059 days
chocolate babka,74.28571,2020-10-13,11,4,chocolate,18 chocolate brownies,90.0,chocolate babka,150.0,white chocolate celebration cake,240.0,2.0,Chocolate chip Babka,2026-06-03,-2059 days
 chocolate teacakes,74.4186,2012-10-02,3,8,biscuit,48 crackers,120.0, chocolate teacakes,120.0,gingerbread structure,240.0,2.0,Moist chocolate cupcakes,2026-06-04,-4993 days
 viennese whirls,78.78788,2016-08-31,7,2,biscuit,24 iced biscuits,150.0, viennese whirls,90.0,gingerbread 3d scene,240.0,2.0,Viennese Whirls 😋,2026-06-04,-3564 days
lemon meringue pie,75.675674,2022-10-11,13,5,desserts,8 steamed puddings,120.0,lemon meringue pie,120.0,hidden surprise mousse dessert,270.0,2.0,Lemon Meringue Cake,2026-06-06,-1334 days
 fortune cookies,70.96774,2017-09-05,8,2,biscuit,24 sandwich biscuits,135.0, fortune cookies,120.0,biscuit board games,210.0,2.0,Brittle cookies,2026-06-06,-3196 days
red velvet cake,75.0,2022-09-13,13,1,cake,12 mini sandwich cakes,120.0,red velvet cake,120.0,3d cake home,240.0,2.0,Red Velvet Cake 🎂,2026-06-08,-1364 days
 chocolate teacakes,71.79487,2012-10-02,3,8,biscuit,48 crackers,120.0, chocolate teacakes,120.0,gingerbread structure,240.0,2.0,Moist Chocolate cake,2026-06-09,-4998 days
chocolate soufflé,70.588234,2015-09-30,6,9,chocolate,chocolate tart,150.0,chocolate soufflé,75.0,chocolate centrepieces,240.0,,Chocolate muffins,2026-06-10,-3906 days
frasier cake,71.42857,2012-10-09,3,9,pâtisserie,3 types of petits fours,,frasier cake,150.0,choux pastry gâteau,,,raspberry cake 🥰,2026-06-10,-4992 days
the signature chocolate cake with fresh raspberries,71.15385,2023-09-26,14,1,cake,vertical layer cake,,the signature chocolate cake with fresh raspberries,120.0,3d shaped animal cake,240.0,2.0,Gluten Free Flourless Chocolate cake with raspberries,2026-06-10,-988 days
lemon meringue pie,83.333336,2022-10-11,13,5,desserts,8 steamed puddings,120.0,lemon meringue pie,120.0,hidden surprise mousse dessert,270.0,2.0,Lemon Meringue Pie,2026-06-12,-1340 days
tiramisu cake,75.86207,2014-08-27,5,4,dessert,8 self-saucing puddings,120.0,tiramisu cake,150.0,baked alaska,270.0,,Tiramisu cookies,2026-06-12,-4307 days
 fortune cookies,72.22222,2017-09-05,8,2,biscuit,24 sandwich biscuits,135.0, fortune cookies,120.0,biscuit board games,210.0,2.0,Black forest cookies,2026-06-12,-3202 days
 chocolate teacakes,72.22222,2012-10-02,3,8,biscuit,48 crackers,120.0, chocolate teacakes,120.0,gingerbread structure,240.0,2.0,Chocolate cookies,2026-06-14,-5003 days
coffee and walnut battenberg,74.5098,2011-08-16,2,1,cake,24 cupcakes,120.0,coffee and walnut battenberg,120.0,chocolate tiered cake,300.0,,Coffee and walnut cake!,2026-06-14,-5416 days
 chocolate teacakes,78.78788,2012-10-02,3,8,biscuit,48 crackers,120.0, chocolate teacakes,120.0,gingerbread structure,240.0,2.0,Chocolate cake,2026-06-14,-5003 days
tiramisu cake,92.85714,2014-08-27,5,4,dessert,8 self-saucing puddings,120.0,tiramisu cake,150.0,baked alaska,270.0,,tiramisu cake☕️,2026-06-15,-4310 days
chocolate roulade,72.22222,2011-09-20,2,6,desserts,baked cheesecake,150.0,chocolate roulade,105.0,croquembouche,300.0,,Chocolate Oreo Cake,2026-06-16,-5383 days
 chocolate mini rolls,71.42857,2017-08-29,8,1,cake,fruity cake,120.0, chocolate mini rolls,120.0,illusion cake,240.0,2.0,Chocolate muffin recs,2026-06-16,-3213 days
 chocolate teacakes,78.78788,2012-10-02,3,8,biscuit,48 crackers,120.0, chocolate teacakes,120.0,gingerbread structure,240.0,2.0,Chocolate cake,2026-06-17,-5006 days
tiramisu cake,77.41936,2014-08-27,5,4,dessert,8 self-saucing puddings,120.0,tiramisu cake,150.0,baked alaska,270.0,,Tiramisu cupcakes!,2026-06-17,-4312 days
 chocolate teacakes,75.0,2012-10-02,3,8,biscuit,48 crackers,120.0, chocolate teacakes,120.0,gingerbread structure,240.0,2.0,Chocolatecake,2026-06-18,-5007 days
 miniature pineapple upside-down cakes,78.125,2020-09-22,11,1,cake,battenberg cake,120.0, miniature pineapple upside-down cakes,90.0,celebrity hero cake bust,240.0,2.0,pineapple upside down cake,2026-06-18,-2095 days
 sticky toffee puddings,76.59574,2021-10-12,12,4,desserts,pavlova,165.0, sticky toffee puddings,90.0,joconde imprime dessert,270.0,2.0,Sticky Toffee Pudding...,2026-06-20,-1712 days
 fortune cookies,75.86207,2017-09-05,8,2,biscuit,24 sandwich biscuits,135.0, fortune cookies,120.0,biscuit board games,210.0,2.0,Smore cookies,2026-06-20,-3210 days
focaccia,87.5,2011-08-30,2,3,bread,free form loaf,195.0,focaccia,210.0,12 sweet and 12 savoury rolls,300.0,,Focaccia,2026-06-20,-5408 days
 chocolate teacakes,73.17073,2012-10-02,3,8,biscuit,48 crackers,120.0, chocolate teacakes,120.0,gingerbread structure,240.0,2.0,Chatgpt chocolate cake,2026-06-21,-5010 days
caterpiller cake,75.86207,2023-11-14,14,8,party,12 sausage rolls,150.0,caterpiller cake,150.0,anything but beige buffet,270.0,2.0,castella cake,2026-06-21,-950 days
 sticky toffee puddings,95.454544,2021-10-12,12,4,desserts,pavlova,165.0, sticky toffee puddings,90.0,joconde imprime dessert,270.0,2.0,sticky toffee pudding,2026-06-23,-1715 days
lemon meringue pie,75.0,2022-10-11,13,5,desserts,8 steamed puddings,120.0,lemon meringue pie,120.0,hidden surprise mousse dessert,270.0,2.0,Lemon meringue scones!,2026-06-24,-1352 days
tiramisu cake,72.22222,2014-08-27,5,4,dessert,8 self-saucing puddings,120.0,tiramisu cake,150.0,baked alaska,270.0,,Chocolate tiramisu cake,2026-06-25,-4320 days
 chocolate teacakes,78.78788,2012-10-02,3,8,biscuit,48 crackers,120.0, chocolate teacakes,120.0,gingerbread structure,240.0,2.0,Chocolate cake,2026-06-26,-5015 days
 sticky toffee puddings,86.27451,2021-10-12,12,4,desserts,pavlova,165.0, sticky toffee puddings,90.0,joconde imprime dessert,270.0,2.0,Ginger sticky toffee pudding,2026-06-26,-1718 days
frasier cake,78.26087,2012-10-09,3,9,pâtisserie,3 types of petits fours,,frasier cake,150.0,choux pastry gâteau,,,Easter cake,2026-06-27,-5009 days
lemon and thyme drizzle cake,73.91304,2023-10-31,14,6,botanical,12 individual spiced buns,165.0,lemon and thyme drizzle cake,90.0,floral dessert,240.0,,Lemon drizzle cake,2026-06-27,-970 days
 chocolate teacakes,72.72727,2012-10-02,3,8,biscuit,48 crackers,120.0, chocolate teacakes,120.0,gingerbread structure,240.0,2.0,My chocolate caramel cake,2026-06-28,-5017 days
 jam doughnuts,71.42857,2012-09-25,3,7,sweet dough,24 sweet buns,180.0, jam doughnuts,150.0,celebratory loaf,,,Cake Doughnuts,2026-06-30,-5026 days
 chocolate teacakes,71.42857,2012-10-02,3,8,biscuit,48 crackers,120.0, chocolate teacakes,120.0,gingerbread structure,240.0,2.0,chocolate hazelnut cake,2026-06-30,-5019 days
 chocolate teacakes,71.42857,2012-10-02,3,8,biscuit,48 crackers,120.0, chocolate teacakes,120.0,gingerbread structure,240.0,2.0,chocolate hazelnut cake,2026-06-30,-5019 days
 white chocolate and blackberry cheesecakes,74.28571,2023-10-18,14,4,chocolate,chocolate torte,, white chocolate and blackberry cheesecakes,,edible chocolate box cake,,2.0,chocolate cherry cheesecake,2026-06-30,-986 days
 fortune cookies,73.333336,2017-09-05,8,2,biscuit,24 sandwich biscuits,135.0, fortune cookies,120.0,biscuit board games,210.0,2.0,Smores cookies,2026-07-01,-3221 days
 chocolate teacakes,75.0,2012-10-02,3,8,biscuit,48 crackers,120.0, chocolate teacakes,120.0,gingerbread structure,240.0,2.0,German chocolate cake,2026-07-02,-5021 days
cherry cake,76.92308,2014-08-06,5,1,cake,swiss roll,150.0,cherry cake,120.0,36 classic miniature british cakes,210.0,,Cherry cupcakes,2026-07-02,-4348 days
focaccia,72.72727,2011-08-30,2,3,bread,free form loaf,195.0,focaccia,210.0,12 sweet and 12 savoury rolls,300.0,,First focaccia,2026-07-04,-5422 days
lemon meringue pie,73.17073,2022-10-11,13,5,desserts,8 steamed puddings,120.0,lemon meringue pie,120.0,hidden surprise mousse dessert,270.0,2.0,lemon meringue macarons,2026-07-04,-1362 days
red velvet cake,90.90909,2022-09-13,13,1,cake,12 mini sandwich cakes,120.0,red velvet cake,120.0,3d cake home,240.0,2.0,My red velvet cake,2026-07-05,-1391 days
 white chocolate and blackberry cheesecakes,80.95238,2023-10-18,14,4,chocolate,chocolate torte,, white chocolate and blackberry cheesecakes,,edible chocolate box cake,,2.0,White Chocolate and Raspberry Cheesecake!,2026-07-05,-991 days
chocolate babka,75.86207,2020-10-13,11,4,chocolate,18 chocolate brownies,90.0,chocolate babka,150.0,white chocolate celebration cake,240.0,2.0,Chocolate Cake,2026-07-06,-2092 days
red velvet cake,93.333336,2022-09-13,13,1,cake,12 mini sandwich cakes,120.0,red velvet cake,120.0,3d cake home,240.0,2.0,Red velvet cake,2026-07-06,-1392 days
lemon meringue pie,73.17073,2022-10-11,13,5,desserts,8 steamed puddings,120.0,lemon meringue pie,120.0,hidden surprise mousse dessert,270.0,2.0,Lemon Meringue Pie Bars,2026-07-06,-1364 days
 miniature pineapple upside-down cakes,75.0,2020-09-22,11,1,cake,battenberg cake,120.0, miniature pineapple upside-down cakes,90.0,celebrity hero cake bust,240.0,2.0,Pineapple upside down cake,2026-07-08,-2115 days
scones,83.333336,2010-08-24,1,2,biscuit,personality biscuits,120.0,scones,60.0,"meringue, choux, and macaron petits fours",240.0,1.0,Scones,2026-07-08,-5797 days
cherry cake,72.72727,2014-08-06,5,1,cake,swiss roll,150.0,cherry cake,120.0,36 classic miniature british cakes,210.0,,Terry Bakes,2026-07-09,-4355 days
 chocolate teacakes,71.42857,2012-10-02,3,8,biscuit,48 crackers,120.0, chocolate teacakes,120.0,gingerbread structure,240.0,2.0,My first chocolate cake,2026-07-09,-5028 days
 sticky toffee puddings,81.818184,2021-10-12,12,4,desserts,pavlova,165.0, sticky toffee puddings,90.0,joconde imprime dessert,270.0,2.0,Sticky Toffee Pudding,2026-07-11,-1733 days
 chocolate teacakes,71.79487,2012-10-02,3,8,biscuit,48 crackers,120.0, chocolate teacakes,120.0,gingerbread structure,240.0,2.0,Chocolate dot cake⭐️,2026-07-11,-5030 days
chocolate babka,86.666664,2020-10-13,11,4,chocolate,18 chocolate brownies,90.0,chocolate babka,150.0,white chocolate celebration cake,240.0,2.0,Chocolate Babka,2026-07-12,-2098 days
 chocolate teacakes,71.79487,2012-10-02,3,8,biscuit,48 crackers,120.0, chocolate teacakes,120.0,gingerbread structure,240.0,2.0,Chocolate bundt cake,2026-07-13,-5032 days
 english muffins,81.25,2013-08-27,4,2,bread,36 breadsticks,120.0, english muffins,165.0,decorative loaf,240.0,,English Muffins!,2026-07-14,-4704 days
 sticky toffee puddings,90.90909,2021-10-12,12,4,desserts,pavlova,165.0, sticky toffee puddings,90.0,joconde imprime dessert,270.0,2.0,Sticky toffee pudding,2026-07-14,-1736 days
angel food cake,72.0,2013-08-20,4,1,cake,sandwich cake,120.0,angel food cake,150.0,chocolate cake,240.0,,Mango cake,2026-07-14,-4711 days
lemon meringue pie,75.0,2022-10-11,13,5,desserts,8 steamed puddings,120.0,lemon meringue pie,120.0,hidden surprise mousse dessert,270.0,2.0,lemon mirangue,2026-07-14,-1372 days
 chocolate teacakes,82.35294,2012-10-02,3,8,biscuit,48 crackers,120.0, chocolate teacakes,120.0,gingerbread structure,240.0,2.0,Chocolate cakes,2026-07-15,-5034 days
 chocolate teacakes,71.42857,2012-10-02,3,8,biscuit,48 crackers,120.0, chocolate teacakes,120.0,gingerbread structure,240.0,2.0,Chocolate stump cakes 🍄,2026-07-16,-5035 days
frasier cake,72.0,2012-10-09,3,9,pâtisserie,3 types of petits fours,,frasier cake,150.0,choux pastry gâteau,,,Practice cake,2026-07-17,-5029 days
lemon meringue pie,75.55556,2022-10-11,13,5,desserts,8 steamed puddings,120.0,lemon meringue pie,120.0,hidden surprise mousse dessert,270.0,2.0,My first lemon merengue pie,2026-07-17,-1375 days
scones,83.333336,2010-08-24,1,2,biscuit,personality biscuits,120.0,scones,60.0,"meringue, choux, and macaron petits fours",240.0,1.0,Scones,2026-07-17,-5806 days
tiramisu cake,70.96774,2014-08-27,5,4,dessert,8 self-saucing puddings,120.0,tiramisu cake,150.0,baked alaska,270.0,,Tiramisu Cake Roll,2026-07-17,-4342 days
cherry cake,71.42857,2014-08-06,5,1,cake,swiss roll,150.0,cherry cake,120.0,36 classic miniature british cakes,210.0,,Cherry Cheesecake,2026-07-18,-4364 days
focaccia,72.72727,2011-08-30,2,3,bread,free form loaf,195.0,focaccia,210.0,12 sweet and 12 savoury rolls,300.0,,First focaccia,2026-07-19,-5437 days
 chocolate teacakes,75.675674,2012-10-02,3,8,biscuit,48 crackers,120.0, chocolate teacakes,120.0,gingerbread structure,240.0,2.0,Chocolate ale cake,2026-07-19,-5038 days
 miniature pineapple upside-down cakes,78.87324,2020-09-22,11,1,cake,battenberg cake,120.0, miniature pineapple upside-down cakes,90.0,celebrity hero cake bust,240.0,2.0,First pineapple upside down cake!,2026-07-21,-2128 days
