,date,count
0,04/12/2020,627
1,05/10/2020,510
2,12/25/2020,485
3,12/24/2024,474
4,12/24/2020,462
5,12/24/2022,453
6,02/14/2021,439
7,11/26/2020,437
8,12/11/2022,433
9,03/29/2020,409
10,04/13/2020,396
11,11/28/2024,393
12,12/25/2024,389
13,04/27/2020,382
14,12/25/2023,379
15,03/28/2020,375
16,04/19/2020,373
17,04/11/2020,371
18,12/24/2021,371
19,11/25/2021,369
20,04/04/2021,361
21,12/24/2025,357
22,12/26/2020,356
23,04/26/2020,355
24,12/25/2021,352
25,12/25/2022,352
26,12/23/2022,351
27,02/15/2021,349
28,02/13/2021,345
29,12/23/2024,345
30,12/24/2023,344
31,12/20/2020,343
32,05/17/2020,340
33,11/24/2022,338
34,02/07/2021,337
35,04/05/2020,336
36,04/25/2020,336
37,06/21/2020,336
38,04/18/2020,335
39,10/31/2020,334
40,01/24/2021,332
41,11/23/2023,332
42,05/16/2020,328
43,05/18/2020,327
44,11/29/2024,325
45,12/22/2024,325
46,04/09/2023,323
47,05/09/2020,321
48,11/28/2019,320
49,12/26/2022,320
50,11/27/2024,320
51,12/25/2025,320
52,12/21/2020,319
53,12/23/2020,317
54,05/23/2020,316
55,12/26/2024,316
56,11/27/2025,316
57,04/10/2020,315
58,11/27/2020,314
59,04/22/2020,313
60,05/02/2020,313
61,04/17/2022,312
62,01/17/2021,311
63,03/14/2021,311
64,07/04/2020,309
65,05/03/2020,301
66,04/04/2020,300
67,01/31/2021,300
68,12/23/2021,300
69,04/20/2025,299
70,03/27/2020,298
71,11/25/2020,298
72,07/26/2020,297
73,04/07/2020,296
74,05/24/2020,296
75,12/23/2025,293
76,12/18/2022,292
77,03/30/2020,291
78,06/20/2020,291
79,01/10/2021,290
80,04/09/2020,288
81,04/30/2020,287
82,02/21/2021,287
83,07/12/2020,285
84,04/06/2020,284
85,05/11/2020,284
86,12/19/2020,284
87,10/04/2020,283
88,12/31/2020,282
89,11/26/2025,282
90,05/25/2020,281
91,12/22/2020,281
92,12/13/2020,279
93,12/24/2019,278
94,04/03/2020,278
95,04/08/2020,278
96,04/20/2020,278
97,04/24/2020,278
98,05/08/2020,278
99,12/21/2022,277
100,12/17/2024,277
101,12/21/2025,277
102,05/04/2020,276
103,08/09/2020,276
104,03/22/2020,275
105,12/06/2020,275
106,12/26/2021,275
107,12/22/2025,275
108,07/05/2020,274
109,12/16/2024,274
110,03/26/2020,273
111,04/15/2020,273
112,04/17/2020,272
113,05/22/2020,272
114,01/01/2021,272
115,12/23/2023,272
116,12/14/2020,271
117,12/22/2022,271
118,12/19/2024,271
119,04/21/2020,270
120,01/03/2021,270
121,12/18/2024,270
122,05/31/2020,269
123,06/14/2020,269
124,06/15/2020,269
125,07/19/2020,269
126,03/21/2020,268
127,06/17/2020,268
128,01/25/2021,268
129,03/31/2024,268
130,04/14/2020,267
131,08/30/2020,267
132,05/01/2020,266
133,05/30/2020,266
134,06/27/2020,266
135,11/25/2022,266
136,05/07/2020,265
137,01/30/2021,265
138,09/27/2020,264
139,04/05/2026,264
140,12/15/2024,263
141,10/11/2020,262
142,10/18/2020,262
143,11/01/2020,262
144,04/03/2021,262
145,06/06/2020,260
146,07/25/2020,260
147,08/02/2020,260
148,11/26/2021,259
149,12/25/2019,258
150,01/16/2021,258
151,12/19/2021,258
152,12/17/2022,258
153,05/06/2020,257
154,09/20/2020,257
155,10/31/2021,257
156,12/22/2023,257
157,12/27/2024,257
158,12/21/2024,256
159,06/07/2020,255
160,06/22/2020,255
161,01/02/2021,255
162,04/05/2021,255
163,12/20/2024,255
164,11/22/2020,254
165,12/12/2020,254
166,04/01/2020,253
167,11/14/2021,253
168,02/12/2021,252
169,11/28/2025,252
170,01/22/2021,251
171,01/23/2021,251
172,12/12/2021,251
173,02/13/2022,251
174,10/25/2020,250
175,12/20/2021,250
176,12/18/2020,249
177,04/02/2020,248
178,05/13/2020,248
179,12/19/2022,248
180,04/16/2020,247
181,04/23/2020,246
182,04/29/2020,246
183,05/26/2020,246
184,06/26/2020,246
185,10/10/2020,246
186,01/19/2021,246
187,01/26/2025,246
188,05/05/2020,245
189,05/15/2020,245
190,04/21/2019,244
191,12/23/2019,244
192,03/31/2020,244
193,05/14/2020,244
194,12/21/2021,244
195,02/10/2025,244
196,08/23/2020,242
197,12/07/2020,242
198,12/27/2020,242
199,01/15/2023,242
200,02/05/2023,242
201,12/13/2024,242
202,10/26/2020,241
203,02/12/2023,241
204,10/24/2021,240
205,12/21/2023,240
206,04/28/2020,239
207,09/13/2020,239
208,12/05/2020,239
209,12/22/2021,239
210,06/28/2020,237
211,01/11/2021,237
212,01/18/2021,237
213,10/22/2023,237
214,04/19/2025,236
215,12/15/2025,236
216,12/24/2018,235
217,06/29/2020,235
218,07/21/2020,235
219,11/08/2020,235
220,02/06/2021,235
221,03/23/2020,234
222,06/08/2020,234
223,07/11/2020,234
224,12/16/2022,234
225,04/08/2023,234
226,12/14/2025,234
227,12/26/2025,234
228,02/14/2020,233
229,05/12/2020,233
230,10/17/2020,233
231,10/30/2020,233
232,11/28/2020,233
233,12/28/2020,233
234,12/14/2024,233
235,09/06/2020,232
236,09/19/2020,232
237,10/02/2022,232
238,01/05/2025,232
239,03/25/2020,231
240,08/10/2020,231
241,02/08/2021,231
242,03/15/2020,230
243,08/16/2020,229
244,03/21/2021,229
245,12/13/2021,229
246,12/20/2025,229
247,01/01/2026,229
248,02/14/2026,229
249,07/03/2020,228
250,03/06/2021,228
251,01/29/2023,228
252,04/04/2026,228
253,06/13/2020,227
254,12/17/2023,227
255,03/30/2024,227
256,01/25/2026,227
257,08/08/2020,226
258,03/01/2021,226
259,03/12/2023,226
260,05/27/2024,226
261,05/28/2020,225
262,06/23/2020,225
263,10/12/2020,225
264,01/08/2021,225
265,02/01/2021,225
266,01/01/2022,225
267,11/22/2023,225
268,12/22/2019,224
269,07/27/2020,224
270,11/29/2020,224
271,05/09/2021,224
272,11/24/2021,224
273,12/31/2021,224
274,12/20/2022,224
275,02/14/2025,224
276,03/15/2026,224
277,07/15/2020,223
278,02/28/2021,223
279,12/18/2021,223
280,02/04/2023,223
281,11/19/2023,223
282,01/14/2024,223
283,03/16/2025,223
284,06/01/2020,222
285,12/16/2023,222
286,12/19/2023,222
287,02/15/2025,222
288,06/12/2020,221
289,04/16/2022,221
290,11/13/2022,221
291,12/31/2025,221
292,03/24/2020,220
293,05/29/2020,220
294,12/18/2023,220
295,02/09/2025,220
296,02/16/2025,220
297,12/19/2025,220
298,10/30/2022,219
299,02/14/2023,219
300,04/02/2023,219
301,11/30/2024,218
302,12/01/2024,218
303,05/21/2020,217
304,10/19/2020,217
305,01/29/2021,217
306,12/07/2025,217
307,02/08/2026,217
308,06/10/2020,216
309,02/16/2021,216
310,07/04/2021,216
311,12/15/2022,216
312,12/12/2024,216
313,12/15/2019,215
314,06/03/2020,215
315,12/04/2020,215
316,02/14/2024,215
317,12/09/2024,215
318,12/31/2024,215
319,01/25/2025,215
320,05/10/2026,215
321,06/11/2020,214
322,08/22/2020,214
323,12/29/2020,214
324,02/03/2021,214
325,06/19/2022,214
326,12/12/2022,214
327,02/11/2023,214
328,12/11/2023,214
329,11/24/2024,214
330,02/23/2020,213
331,01/09/2021,213
332,01/15/2021,213
333,10/27/2024,213
334,01/20/2025,213
335,06/16/2020,212
336,06/18/2020,212
337,07/01/2020,212
338,11/15/2020,212
339,02/20/2021,212
340,04/21/2025,212
341,11/25/2025,212
342,12/17/2025,212
343,06/02/2020,211
344,07/09/2020,211
345,05/20/2020,210
346,11/24/2020,210
347,03/05/2021,210
348,10/25/2021,210
349,11/21/2021,210
350,12/11/2021,210
351,10/09/2022,210
352,01/26/2026,210
353,12/17/2020,209
354,01/28/2021,209
355,01/23/2022,209
356,02/18/2023,209
357,02/26/2023,209
358,12/20/2023,209
359,06/17/2024,209
360,02/22/2026,209
361,11/22/2018,208
362,07/18/2020,208
363,04/10/2023,208
364,10/20/2024,208
365,01/12/2025,208
366,06/09/2020,207
367,06/24/2020,207
368,12/08/2020,207
369,03/29/2026,207
370,02/14/2019,206
371,07/08/2020,206
372,08/15/2020,206
373,06/20/2021,206
374,12/10/2022,206
375,03/05/2023,206
376,01/13/2025,206
377,04/06/2026,206
378,06/19/2020,205
379,09/29/2020,205
380,10/03/2020,205
381,03/07/2021,205
382,04/24/2021,205
383,10/08/2023,205
384,06/09/2024,205
385,11/26/2024,205
386,12/08/2024,205
387,11/23/2025,205
388,11/30/2025,205
389,02/02/2020,204
390,02/09/2020,204
391,08/17/2020,204
392,10/13/2020,204
393,10/16/2020,204
394,11/16/2020,204
395,12/16/2020,204
396,12/30/2020,204
397,11/26/2022,204
398,06/18/2023,204
399,11/25/2024,204
400,12/13/2025,204
401,09/08/2020,203
402,01/04/2021,203
403,03/15/2021,203
404,03/15/2023,203
405,05/11/2025,203
406,07/26/2025,203
407,12/08/2025,203
408,05/27/2020,202
409,07/17/2020,202
410,08/29/2020,202
411,01/30/2022,202
412,05/08/2022,202
413,04/07/2023,202
414,12/09/2023,202
415,06/05/2020,201
416,08/01/2020,201
417,08/03/2020,201
418,02/23/2021,201
419,10/23/2021,201
420,03/19/2023,201
421,07/05/2023,201
422,12/26/2023,201
423,12/29/2023,201
424,12/02/2024,201
425,12/28/2024,201
426,02/23/2025,201
427,11/29/2025,201
428,12/21/2019,200
429,05/19/2020,200
430,07/22/2020,200
431,08/31/2020,200
432,09/26/2020,200
433,11/21/2020,200
434,11/23/2020,200
435,01/20/2021,200
436,02/27/2021,200
437,03/08/2021,200
438,03/27/2021,200
439,05/16/2021,200
440,12/09/2021,200
441,04/18/2022,200
442,02/13/2023,200
443,02/25/2024,200
444,11/18/2024,200
445,10/24/2020,199
446,10/10/2021,199
447,12/14/2021,199
448,02/14/2022,199
449,03/26/2023,199
450,10/21/2023,199
451,11/16/2025,199
452,12/10/2025,199
453,03/08/2026,199
454,08/24/2020,198
455,01/07/2021,198
456,07/03/2021,198
457,01/02/2022,198
458,01/01/2023,198
459,02/15/2023,198
460,01/19/2025,198
461,11/09/2025,198
462,10/05/2020,197
463,01/21/2021,197
464,08/29/2021,197
465,11/08/2021,197
466,01/03/2022,197
467,01/16/2022,197
468,02/18/2024,197
469,06/23/2024,197
470,01/01/2025,197
471,01/11/2025,197
472,12/18/2025,197
473,06/04/2020,196
474,12/15/2020,196
475,02/04/2021,196
476,05/08/2021,196
477,10/13/2025,196
478,02/15/2026,196
479,03/20/2020,195
480,07/02/2020,195
481,07/06/2020,195
482,07/10/2020,195
483,07/13/2020,195
484,08/14/2020,195
485,08/21/2020,195
486,09/07/2020,195
487,11/02/2020,195
488,03/19/2021,195
489,03/28/2021,195
490,05/10/2021,195
491,10/03/2021,195
492,10/31/2022,195
493,02/20/2023,195
494,12/03/2023,195
495,12/04/2023,195
496,02/11/2024,195
497,03/14/2025,195
498,03/19/2020,194
499,08/12/2020,194
500,02/11/2021,194
501,11/23/2022,194
502,12/14/2022,194
503,12/31/2022,194
504,01/08/2023,194
505,06/14/2023,194
506,12/10/2023,194
507,06/12/2024,194
508,11/21/2024,194
509,02/02/2025,194
510,10/21/2025,194
511,02/16/2026,194
512,07/20/2020,193
513,04/25/2021,193
514,08/08/2021,193
515,10/17/2021,193
516,11/22/2021,193
517,10/30/2023,193
518,08/25/2024,193
519,11/23/2024,193
520,08/04/2020,192
521,02/09/2021,192
522,02/10/2021,192
523,02/19/2021,192
524,03/02/2021,192
525,04/11/2021,192
526,12/05/2021,192
527,01/24/2022,192
528,04/11/2022,192
529,11/24/2023,192
530,03/09/2025,192
531,03/23/2025,192
532,04/14/2025,192
533,08/03/2025,192
534,10/19/2025,192
535,01/18/2026,192
536,08/13/2020,191
537,03/13/2021,191
538,04/02/2021,191
539,09/19/2021,191
540,10/30/2021,191
541,12/17/2021,191
542,11/27/2022,191
543,12/04/2022,191
544,04/23/2023,191
545,01/28/2024,191
546,12/07/2024,191
547,12/11/2024,191
548,04/18/2025,191
549,03/23/2026,191
550,09/29/2019,190
551,07/29/2020,190
552,10/29/2020,190
553,04/17/2021,190
554,02/07/2022,190
555,03/17/2023,190
556,12/23/2018,189
557,04/14/2019,189
558,12/16/2019,189
559,01/12/2020,189
560,08/05/2020,189
561,08/06/2020,189
562,09/05/2020,189
563,10/08/2020,189
564,12/11/2020,189
565,10/04/2021,189
566,11/20/2022,189
567,04/22/2023,189
568,09/14/2024,189
569,11/16/2024,189
570,11/17/2024,189
571,01/27/2025,189
572,07/16/2020,188
573,08/11/2020,188
574,09/04/2020,188
575,09/28/2020,188
576,12/09/2020,188
577,12/10/2020,188
578,01/27/2021,188
579,04/23/2021,188
580,11/07/2021,188
581,01/16/2023,188
582,12/13/2023,188
583,09/22/2024,188
584,10/03/2025,188
585,10/12/2025,188
586,12/09/2025,188
587,05/17/2026,188
588,02/24/2019,187
589,09/25/2020,187
590,10/02/2020,187
591,10/09/2020,187
592,02/22/2021,187
593,03/17/2021,187
594,03/20/2021,187
595,05/02/2021,187
596,12/15/2021,187
597,12/05/2022,187
598,02/10/2023,187
599,02/27/2023,187
600,11/10/2024,187
601,12/30/2024,187
602,03/22/2026,187
603,10/13/2019,186
604,08/19/2020,186
605,11/09/2020,186
606,11/30/2020,186
607,12/03/2020,186
608,01/05/2021,186
609,02/18/2021,186
610,11/12/2022,186
611,01/02/2023,186
612,05/12/2024,186
613,06/22/2024,186
614,10/13/2024,186
615,04/27/2025,186
616,06/21/2025,186
617,11/17/2025,186
618,02/15/2020,185
619,07/28/2020,185
620,10/07/2020,185
621,10/27/2020,185
622,11/20/2021,185
623,12/06/2021,185
624,06/18/2024,185
625,09/08/2024,185
626,02/13/2025,185
627,03/15/2025,185
628,01/02/2026,185
629,03/21/2026,185
630,12/25/2018,184
631,04/22/2019,184
632,07/31/2020,184
633,09/15/2020,184
634,11/14/2020,184
635,03/18/2021,184
636,10/29/2021,184
637,11/23/2021,184
638,12/08/2021,184
639,01/08/2022,184
640,01/28/2023,184
641,02/19/2023,184
642,06/27/2024,184
643,09/29/2024,184
644,12/29/2024,184
645,01/04/2025,184
646,01/08/2025,184
647,04/13/2025,184
648,05/18/2025,184
649,06/15/2025,184
650,12/06/2025,184
651,03/14/2020,183
652,06/25/2020,183
653,10/23/2020,183
654,11/03/2020,183
655,12/01/2020,183
656,01/12/2021,183
657,02/17/2021,183
658,04/26/2021,183
659,06/27/2021,183
660,01/09/2022,183
661,11/21/2022,183
662,07/08/2023,183
663,12/14/2023,183
664,01/19/2024,183
665,09/15/2024,183
666,01/06/2025,183
667,10/06/2025,183
668,11/22/2025,183
669,12/11/2025,183
670,12/08/2019,182
671,08/26/2020,182
672,05/23/2021,182
673,02/13/2024,182
674,05/23/2024,182
675,10/02/2024,182
676,10/19/2024,182
677,10/21/2024,182
678,03/25/2025,182
679,10/26/2025,182
680,01/19/2020,181
681,02/16/2020,181
682,11/06/2020,181
683,11/07/2020,181
684,12/04/2021,181
685,12/10/2021,181
686,09/04/2022,181
687,11/09/2024,181
688,08/17/2025,181
689,10/04/2025,181
690,02/01/2026,181
691,03/20/2026,181
692,12/26/2019,180
693,07/24/2020,180
694,10/22/2020,180
695,11/01/2021,180
696,11/27/2021,180
697,01/25/2023,180
698,11/26/2023,180
699,12/08/2023,180
700,12/12/2023,180
701,01/21/2024,180
702,01/30/2025,180
703,02/01/2025,180
704,10/05/2025,180
705,11/27/2019,179
706,11/29/2019,179
707,01/26/2020,179
708,09/21/2020,179
709,10/21/2020,179
710,01/06/2021,179
711,04/06/2021,179
712,08/22/2021,179
713,10/09/2021,179
714,02/20/2022,179
715,10/23/2022,179
716,10/15/2023,179
717,11/19/2024,179
718,03/30/2025,179
719,07/13/2025,179
720,10/25/2025,179
721,11/15/2025,179
722,07/07/2020,178
723,07/23/2020,178
724,10/28/2020,178
725,11/11/2020,178
726,01/14/2021,178
727,06/13/2021,178
728,11/28/2021,178
729,12/30/2021,178
730,01/31/2022,178
731,10/16/2022,178
732,11/06/2022,178
733,09/23/2024,178
734,02/06/2025,178
735,08/31/2025,178
736,01/17/2026,178
737,04/20/2019,177
738,02/02/2021,177
739,05/31/2021,177
740,01/29/2022,177
741,02/12/2022,177
742,01/21/2023,177
743,06/17/2023,177
744,10/23/2023,177
745,05/11/2024,177
746,07/04/2024,177
747,09/28/2024,177
748,05/08/2025,177
749,09/21/2025,177
750,09/22/2025,177
751,03/16/2026,177
752,03/01/2020,176
753,07/14/2020,176
754,02/26/2021,176
755,06/05/2021,176
756,09/20/2021,176
757,10/02/2021,176
758,10/28/2021,176
759,06/20/2022,176
760,12/08/2022,176
761,01/17/2023,176
762,03/04/2023,176
763,03/18/2023,176
764,03/27/2023,176
765,05/07/2023,176
766,06/11/2023,176
767,12/06/2023,176
768,12/07/2023,176
769,02/24/2024,176
770,01/21/2025,176
771,07/04/2025,176
772,02/23/2026,176
773,05/24/2026,176
774,01/01/2020,175
775,06/30/2020,175
776,09/01/2020,175
777,12/02/2020,175
778,05/01/2021,175
779,10/10/2022,175
780,01/03/2023,175
781,12/05/2023,175
782,02/04/2024,175
783,04/07/2024,175
784,08/24/2025,175
785,12/16/2025,175
786,02/27/2026,175
787,05/11/2026,175
788,08/07/2020,174
789,09/14/2020,174
790,09/23/2020,174
791,05/30/2021,174
792,12/16/2021,174
793,12/27/2021,174
794,03/11/2023,174
795,10/07/2023,174
796,06/16/2024,174
797,09/17/2024,174
798,10/26/2024,174
799,11/11/2024,174
800,02/11/2025,174
801,04/06/2025,174
802,05/04/2025,174
803,06/16/2025,174
804,01/03/2026,174
805,06/21/2021,173
806,09/18/2021,173
807,03/13/2022,173
808,03/27/2022,173
809,06/12/2022,173
810,09/25/2022,173
811,02/06/2023,173
812,04/16/2023,173
813,08/12/2023,173
814,01/13/2024,173
815,01/27/2024,173
816,02/17/2024,173
817,04/01/2024,173
818,10/31/2024,173
819,12/06/2024,173
820,01/31/2025,173
821,03/10/2025,173
822,06/22/2025,173
823,10/24/2025,173
824,05/09/2026,173
825,08/18/2020,172
826,10/06/2020,172
827,01/26/2021,172
828,02/05/2021,172
829,04/10/2022,172
830,05/01/2022,172
831,09/26/2022,172
832,12/28/2022,172
833,03/08/2023,172
834,11/25/2023,172
835,10/14/2024,172
836,02/04/2025,172
837,05/12/2025,172
838,05/17/2025,172
839,11/19/2025,172
840,11/17/2019,171
841,11/24/2019,171
842,03/08/2020,171
843,07/30/2020,171
844,03/12/2021,171
845,06/06/2021,171
846,10/16/2021,171
847,01/10/2022,171
848,09/23/2022,171
849,12/03/2022,171
850,12/13/2022,171
851,10/25/2023,171
852,11/14/2023,171
853,12/15/2023,171
854,09/13/2024,171
855,03/04/2025,171
856,06/01/2025,171
857,09/14/2025,171
858,10/31/2025,171
859,02/13/2026,171
860,04/12/2026,171
861,02/13/2020,170
862,02/17/2020,170
863,08/28/2020,170
864,12/02/2022,170
865,07/04/2023,170
866,10/28/2023,170
867,10/29/2023,170
868,01/01/2024,170
869,03/03/2024,170
870,02/03/2025,170
871,02/08/2025,170
872,03/17/2025,170
873,04/12/2025,170
874,09/28/2025,170
875,10/11/2025,170
876,12/03/2025,170
877,01/11/2026,170
878,03/30/2026,170
879,06/21/2026,170
880,03/14/2019,169
881,03/17/2019,169
882,04/07/2021,169
883,09/11/2021,169
884,10/28/2022,169
885,02/22/2023,169
886,05/28/2023,169
887,06/19/2023,169
888,09/23/2023,169
889,09/26/2023,169
890,11/05/2023,169
891,01/08/2024,169
892,02/16/2024,169
893,03/17/2024,169
894,10/06/2024,169
895,12/03/2024,169
896,12/05/2024,169
897,01/03/2025,169
898,02/17/2025,169
899,03/02/2025,169
900,09/29/2025,169
901,10/20/2025,169
902,10/23/2025,169
903,12/05/2025,169
904,01/16/2026,169
905,01/24/2026,169
906,03/01/2026,169
907,05/03/2026,169
908,12/20/2019,168
909,04/22/2021,168
910,09/27/2021,168
911,07/17/2022,168
912,01/09/2023,168
913,07/16/2023,168
914,10/29/2024,168
915,11/07/2024,168
916,01/29/2025,168
917,02/20/2025,168
918,05/30/2025,168
919,02/07/2026,168
920,05/25/2026,168
921,06/08/2026,168
922,11/05/2020,167
923,02/24/2021,167
924,02/06/2022,167
925,01/14/2023,167
926,01/23/2023,167
927,04/01/2023,167
928,04/15/2023,167
929,02/15/2024,167
930,06/02/2024,167
931,06/03/2024,167
932,02/28/2025,167
933,03/24/2025,167
934,06/08/2025,167
935,10/27/2025,167
936,01/19/2026,167
937,07/04/2026,167
938,02/13/2019,166
939,03/31/2019,166
940,09/09/2020,166
941,05/24/2021,166
942,01/22/2023,166
943,01/31/2023,166
944,02/24/2023,166
945,01/22/2024,166
946,02/03/2024,166
947,11/03/2024,166
948,11/05/2024,166
949,11/12/2024,166
950,11/20/2024,166
951,12/10/2024,166
952,02/05/2025,166
953,03/21/2025,166
954,04/11/2025,166
955,05/26/2025,166
956,08/16/2025,166
957,12/01/2025,166
958,12/27/2025,166
959,01/04/2026,166
960,03/24/2026,166
961,06/06/2026,166
962,11/17/2020,165
963,11/20/2020,165
964,01/13/2021,165
965,12/29/2022,165
966,10/20/2023,165
967,10/31/2023,165
968,11/12/2023,165
969,11/21/2023,165
970,02/10/2024,165
971,03/10/2024,165
972,07/12/2024,165
973,01/28/2025,165
974,02/25/2025,165
975,06/02/2025,165
976,06/29/2025,165
977,08/11/2025,165
978,09/06/2025,165
979,10/29/2025,165
980,11/24/2025,165
981,03/14/2026,165
982,03/16/2020,164
983,10/20/2020,164
984,11/10/2020,164
985,06/28/2021,164
986,09/12/2021,164
987,11/06/2021,164
988,12/28/2021,164
989,10/26/2022,164
990,06/13/2023,164
991,09/24/2023,164
992,11/02/2024,164
993,02/21/2025,164
994,03/08/2025,164
995,05/25/2025,164
996,08/05/2025,164
997,11/12/2025,164
998,02/26/2026,164
999,02/22/2020,163
1000,03/26/2021,163
1001,06/26/2021,163
1002,12/27/2022,163
1003,12/30/2022,163
1004,01/30/2023,163
1005,02/01/2023,163
1006,02/21/2023,163
1007,10/09/2023,163
1008,10/17/2023,163
1009,01/07/2024,163
1010,03/18/2024,163
1011,09/21/2024,163
1012,11/08/2024,163
1013,11/15/2024,163
1014,02/18/2025,163
1015,03/01/2025,163
1016,03/29/2025,163
1017,07/12/2025,163
1018,08/10/2025,163
1019,10/30/2025,163
1020,11/02/2025,163
1021,11/10/2025,163
1022,12/28/2025,163
1023,03/31/2026,163
1024,04/03/2026,163
1025,06/20/2026,163
1026,11/10/2019,162
1027,03/17/2020,162
1028,10/01/2020,162
1029,10/14/2020,162
1030,10/11/2021,162
1031,03/14/2022,162
1032,05/29/2022,162
1033,09/05/2022,162
1034,09/28/2022,162
1035,12/09/2022,162
1036,02/02/2023,162
1037,03/06/2023,162
1038,03/10/2023,162
1039,10/19/2023,162
1040,12/02/2023,162
1041,12/30/2023,162
1042,06/26/2024,162
1043,02/24/2025,162
1044,03/18/2025,162
1045,03/31/2025,162
1046,08/09/2025,162
1047,09/30/2025,162
1048,02/17/2026,162
1049,02/28/2026,162
1050,04/27/2026,162
1051,09/11/2020,161
1052,02/25/2021,161
1053,03/10/2021,161
1054,08/01/2021,161
1055,09/06/2021,161
1056,04/09/2022,161
1057,01/20/2023,161
1058,02/03/2023,161
1059,05/21/2023,161
1060,01/02/2024,161
1061,02/19/2024,161
1062,03/24/2024,161
1063,05/13/2024,161
1064,10/15/2024,161
1065,11/22/2024,161
1066,03/20/2025,161
1067,03/22/2025,161
1068,05/15/2025,161
1069,07/23/2025,161
1070,07/27/2025,161
1071,08/15/2025,161
1072,09/13/2025,161
1073,10/18/2025,161
1074,02/15/2019,160
1075,02/23/2019,160
1076,06/09/2019,160
1077,01/20/2020,160
1078,09/17/2020,160
1079,10/15/2020,160
1080,03/03/2021,160
1081,08/15/2021,160
1082,09/24/2022,160
1083,07/06/2023,160
1084,02/09/2024,160
1085,03/09/2024,160
1086,05/20/2024,160
1087,07/05/2024,160
1088,03/03/2025,160
1089,04/05/2025,160
1090,04/26/2025,160
1091,06/14/2025,160
1092,07/22/2025,160
1093,08/18/2025,160
1094,03/26/2026,160
1095,05/18/2026,160
1096,12/18/2019,159
1097,03/09/2021,159
1098,04/29/2021,159
1099,03/12/2022,159
1100,10/29/2022,159
1101,11/07/2022,159
1102,05/06/2023,159
1103,05/14/2023,159
1104,11/17/2023,159
1105,11/27/2023,159
1106,01/06/2024,159
1107,01/15/2024,159
1108,08/27/2024,159
1109,09/01/2024,159
1110,07/06/2025,159
1111,07/08/2025,159
1112,07/24/2025,159
1113,02/06/2026,159
1114,05/20/2026,159
1115,06/14/2026,159
1116,12/26/2018,158
1117,06/16/2019,158
1118,11/13/2021,158
1119,11/30/2021,158
1120,01/17/2022,158
1121,03/16/2022,158
1122,05/15/2022,158
1123,09/18/2022,158
1124,09/19/2022,158
1125,02/17/2023,158
1126,03/13/2023,158
1127,08/26/2023,158
1128,12/27/2023,158
1129,03/02/2024,158
1130,03/23/2024,158
1131,06/20/2024,158
1132,12/04/2024,158
1133,01/07/2025,158
1134,01/18/2025,158
1135,01/24/2025,158
1136,02/22/2025,158
1137,03/12/2025,158
1138,03/19/2025,158
1139,06/20/2025,158
1140,07/19/2025,158
1141,08/25/2025,158
1142,11/08/2025,158
1143,02/24/2026,158
1144,12/16/2018,157
1145,03/03/2019,157
1146,11/11/2019,157
1147,01/05/2020,157
1148,03/22/2021,157
1149,04/19/2021,157
1150,07/12/2021,157
1151,10/22/2021,157
1152,01/22/2022,157
1153,02/15/2022,157
1154,11/05/2022,157
1155,11/11/2022,157
1156,04/03/2023,157
1157,11/04/2023,157
1158,11/13/2023,157
1159,11/15/2023,157
1160,10/11/2024,157
1161,10/12/2024,157
1162,10/28/2024,157
1163,11/04/2024,157
1164,05/20/2025,157
1165,07/10/2025,157
1166,12/29/2025,157
1167,03/02/2026,157
1168,03/11/2026,157
1169,03/13/2026,157
1170,06/19/2026,157
1171,09/16/2020,156
1172,11/12/2020,156
1173,04/10/2021,156
1174,06/19/2021,156
1175,07/19/2021,156
1176,12/07/2021,156
1177,01/04/2022,156
1178,01/21/2022,156
1179,02/02/2022,156
1180,05/09/2022,156
1181,07/10/2022,156
1182,01/27/2023,156
1183,02/25/2023,156
1184,04/05/2023,156
1185,05/13/2023,156
1186,05/30/2023,156
1187,06/12/2023,156
1188,11/18/2023,156
1189,01/23/2024,156
1190,02/20/2024,156
1191,06/13/2024,156
1192,09/09/2024,156
1193,01/02/2025,156
1194,03/06/2025,156
1195,04/02/2025,156
1196,07/18/2025,156
1197,08/04/2025,156
1198,08/13/2025,156
1199,11/03/2025,156
1200,11/20/2025,156
1201,01/31/2026,156
1202,03/28/2026,156
1203,02/10/2019,155
1204,09/12/2020,155
1205,03/29/2021,155
1206,04/01/2021,155
1207,11/05/2021,155
1208,11/19/2021,155
1209,03/20/2022,155
1210,06/13/2022,155
1211,01/07/2023,155
1212,03/20/2023,155
1213,07/03/2023,155
1214,03/27/2024,155
1215,05/05/2024,155
1216,08/07/2024,155
1217,01/23/2025,155
1218,04/01/2025,155
1219,04/17/2025,155
1220,06/03/2025,155
1221,06/13/2025,155
1222,07/31/2025,155
1223,08/12/2025,155
1224,09/07/2025,155
1225,11/18/2025,155
1226,02/02/2026,155
1227,03/09/2026,155
1228,05/04/2026,155
1229,01/20/2019,154
1230,03/10/2019,154
1231,09/22/2020,154
1232,09/30/2020,154
1233,09/23/2021,154
1234,10/26/2021,154
1235,11/29/2021,154
1236,12/29/2021,154
1237,01/15/2022,154
1238,07/04/2022,154
1239,10/17/2022,154
1240,02/16/2023,154
1241,10/12/2023,154
1242,01/18/2024,154
1243,04/27/2024,154
1244,06/04/2024,154
1245,06/08/2024,154
1246,06/19/2024,154
1247,09/20/2024,154
1248,10/08/2024,154
1249,04/04/2025,154
1250,07/09/2025,154
1251,07/28/2025,154
1252,09/08/2025,154
1253,11/07/2025,154
1254,04/26/2026,154
1255,11/25/2019,153
1256,09/02/2020,153
1257,09/18/2020,153
1258,11/18/2020,153
1259,10/06/2021,153
1260,10/27/2021,153
1261,10/15/2022,153
1262,12/06/2022,153
1263,01/04/2023,153
1264,03/25/2023,153
1265,03/31/2023,153
1266,09/16/2023,153
1267,11/16/2023,153
1268,04/06/2024,153
1269,04/28/2024,153
1270,05/26/2024,153
1271,09/03/2024,153
1272,09/30/2024,153
1273,01/15/2025,153
1274,08/28/2025,153
1275,10/17/2025,153
1276,11/01/2025,153
1277,11/06/2025,153
1278,12/04/2025,153
1279,04/07/2026,153
1280,05/27/2019,152
1281,12/07/2019,152
1282,08/25/2020,152
1283,03/16/2021,152
1284,04/12/2021,152
1285,09/05/2021,152
1286,07/22/2022,152
1287,09/11/2022,152
1288,10/27/2022,152
1289,01/24/2023,152
1290,01/26/2023,152
1291,02/28/2023,152
1292,03/24/2023,152
1293,04/30/2023,152
1294,05/29/2023,152
1295,09/10/2023,152
1296,03/04/2024,152
1297,03/15/2024,152
1298,06/01/2024,152
1299,08/11/2024,152
1300,01/16/2025,152
1301,01/17/2025,152
1302,01/22/2025,152
1303,02/07/2025,152
1304,04/15/2025,152
1305,07/05/2025,152
1306,08/29/2025,152
1307,10/28/2025,152
1308,03/06/2026,152
1309,06/22/2026,152
1310,07/17/2026,152
1311,03/16/2019,151
1312,10/27/2019,151
1313,12/01/2019,151
1314,02/10/2020,151
1315,07/11/2021,151
1316,09/26/2021,151
1317,10/18/2021,151
1318,02/05/2022,151
1319,04/25/2022,151
1320,07/24/2022,151
1321,09/27/2022,151
1322,10/04/2022,151
1323,12/07/2022,151
1324,01/06/2023,151
1325,02/23/2023,151
1326,03/03/2023,151
1327,04/06/2023,151
1328,05/01/2023,151
1329,08/08/2023,151
1330,10/16/2023,151
1331,03/26/2024,151
1332,07/06/2024,151
1333,09/16/2024,151
1334,10/22/2024,151
1335,10/30/2024,151
1336,01/10/2025,151
1337,03/07/2025,151
1338,04/07/2025,151
1339,05/10/2025,151
1340,05/19/2025,151
1341,06/23/2025,151
1342,01/30/2026,151
1343,02/19/2026,151
1344,03/03/2026,151
1345,05/08/2026,151
1346,05/31/2026,151
1347,07/05/2026,151
1348,01/13/2019,150
1349,09/01/2019,150
1350,10/20/2019,150
1351,12/17/2019,150
1352,02/24/2020,150
1353,03/18/2020,150
1354,11/04/2020,150
1355,03/25/2021,150
1356,05/15/2021,150
1357,07/18/2021,150
1358,11/02/2021,150
1359,03/17/2022,150
1360,04/24/2022,150
1361,11/04/2022,150
1362,01/18/2023,150
1363,09/04/2023,150
1364,10/26/2023,150
1365,02/22/2024,150
1366,03/16/2024,150
1367,05/19/2024,150
1368,06/21/2024,150
1369,09/19/2024,150
1370,11/13/2024,150
1371,05/23/2025,150
1372,07/11/2025,150
1373,07/14/2025,150
1374,08/02/2025,150
1375,08/06/2025,150
1376,12/02/2025,150
1377,03/19/2026,150
1378,04/19/2026,150
1379,05/02/2026,150
1380,06/07/2026,150
1381,11/23/2018,149
1382,10/06/2019,149
1383,01/25/2020,149
1384,11/13/2020,149
1385,11/19/2020,149
1386,04/18/2021,149
1387,07/10/2021,149
1388,11/17/2021,149
1389,02/11/2022,149
1390,09/07/2022,149
1391,05/22/2023,149
1392,07/07/2023,149
1393,08/25/2023,149
1394,01/17/2024,149
1395,03/08/2024,149
1396,03/14/2024,149
1397,05/25/2024,149
1398,07/14/2024,149
1399,11/14/2024,149
1400,05/05/2025,149
1401,06/26/2025,149
1402,08/27/2025,149
1403,09/01/2025,149
1404,10/14/2025,149
1405,01/29/2026,149
1406,04/21/2026,149
1407,05/07/2026,149
1408,08/04/2019,148
1409,05/29/2021,148
1410,07/05/2021,148
1411,05/07/2022,148
1412,10/01/2022,148
1413,11/22/2022,148
1414,02/07/2023,148
1415,07/10/2023,148
1416,08/11/2023,148
1417,08/15/2023,148
1418,11/11/2023,148
1419,03/21/2024,148
1420,07/21/2024,148
1421,07/27/2024,148
1422,01/14/2025,148
1423,02/12/2025,148
1424,02/26/2025,148
1425,03/13/2025,148
1426,07/07/2025,148
1427,07/16/2025,148
1428,10/15/2025,148
1429,01/10/2026,148
1430,01/27/2026,148
1431,03/25/2026,148
1432,06/29/2026,148
1433,03/24/2019,147
1434,10/05/2019,147
1435,11/03/2019,147
1436,02/29/2020,147
1437,08/20/2020,147
1438,04/08/2021,147
1439,05/07/2021,147
1440,08/30/2021,147
1441,11/09/2021,147
1442,01/06/2022,147
1443,03/06/2022,147
1444,03/26/2022,147
1445,06/11/2022,147
1446,03/23/2023,147
1447,04/28/2023,147
1448,11/28/2023,147
1449,02/02/2024,147
1450,02/26/2024,147
1451,03/29/2024,147
1452,05/28/2024,147
1453,06/11/2024,147
1454,07/01/2024,147
1455,10/16/2024,147
1456,10/23/2024,147
1457,05/09/2025,147
1458,05/31/2025,147
1459,06/11/2025,147
1460,06/25/2025,147
1461,08/19/2025,147
1462,09/25/2025,147
1463,10/09/2025,147
1464,12/12/2025,147
1465,01/07/2026,147
1466,02/09/2026,147
1467,03/10/2026,147
1468,04/08/2026,147
1469,02/17/2019,146
1470,05/26/2019,146
1471,10/31/2019,146
1472,12/19/2019,146
1473,05/03/2021,146
1474,08/28/2021,146
1475,09/13/2021,146
1476,09/21/2021,146
1477,01/18/2022,146
1478,11/28/2022,146
1479,01/10/2023,146
1480,12/31/2023,146
1481,02/20/2026,146
1482,04/01/2026,146
1483,04/20/2026,146
1484,06/01/2026,146
1485,10/14/2019,145
1486,02/08/2020,145
1487,03/02/2020,145
1488,09/24/2020,145
1489,05/19/2021,145
1490,09/25/2021,145
1491,03/07/2022,145
1492,11/16/2022,145
1493,04/17/2023,145
1494,05/08/2023,145
1495,11/29/2023,145
1496,02/05/2024,145
1497,03/28/2024,145
1498,06/10/2024,145
1499,08/10/2024,145
1500,10/03/2024,145
1501,10/05/2024,145
1502,10/09/2024,145
1503,03/28/2025,145
1504,08/26/2025,145
1505,10/01/2025,145
1506,11/13/2025,145
1507,12/30/2025,145
1508,01/09/2026,145
1509,02/03/2026,145
1510,04/02/2026,145
1511,04/16/2026,145
1512,05/12/2019,144
1513,03/04/2021,144
1514,04/21/2021,144
1515,06/12/2021,144
1516,06/17/2021,144
1517,06/17/2022,144
1518,10/03/2022,144
1519,10/18/2022,144
1520,01/13/2023,144
1521,07/17/2023,144
1522,07/20/2023,144
1523,07/30/2023,144
1524,08/10/2023,144
1525,09/12/2023,144
1526,10/02/2023,144
1527,11/20/2023,144
1528,01/31/2024,144
1529,06/15/2024,144
1530,07/08/2024,144
1531,08/06/2024,144
1532,08/24/2024,144
1533,02/27/2025,144
1534,04/28/2025,144
1535,05/21/2025,144
1536,06/06/2025,144
1537,06/30/2025,144
1538,08/20/2025,144
1539,10/02/2025,144
1540,10/16/2025,144
1541,02/25/2026,144
1542,03/18/2026,144
1543,12/21/2018,143
1544,12/12/2019,143
1545,12/14/2019,143
1546,03/07/2020,143
1547,08/23/2021,143
1548,02/08/2023,143
1549,04/29/2023,143
1550,07/09/2023,143
1551,08/13/2023,143
1552,08/27/2023,143
1553,10/18/2023,143
1554,03/06/2024,143
1555,04/21/2024,143
1556,06/30/2024,143
1557,09/06/2024,143
1558,09/27/2024,143
1559,10/07/2024,143
1560,05/07/2025,143
1561,05/16/2025,143
1562,05/29/2025,143
1563,11/11/2025,143
1564,01/15/2026,143
1565,02/05/2026,143
1566,07/10/2026,143
1567,12/22/2018,142
1568,12/09/2019,142
1569,12/31/2019,142
1570,04/16/2021,142
1571,05/12/2021,142
1572,05/17/2021,142
1573,06/29/2021,142
1574,07/27/2021,142
1575,11/15/2021,142
1576,03/05/2022,142
1577,04/30/2022,142
1578,09/10/2022,142
1579,11/01/2022,142
1580,11/19/2022,142
1581,03/07/2023,142
1582,03/09/2023,142
1583,06/04/2023,142
1584,01/03/2024,142
1585,04/29/2024,142
1586,07/07/2024,142
1587,07/28/2024,142
1588,07/29/2024,142
1589,08/03/2024,142
1590,09/12/2025,142
1591,09/15/2025,142
1592,10/08/2025,142
1593,03/17/2026,142
1594,04/10/2026,142
1595,04/11/2026,142
1596,05/12/2026,142
1597,05/30/2026,142
1598,07/13/2026,142
1599,01/21/2019,141
1600,02/12/2019,141
1601,09/23/2019,141
1602,01/27/2020,141
1603,03/09/2020,141
1604,05/22/2021,141
1605,10/05/2021,141
1606,02/19/2022,141
1607,03/30/2022,141
1608,04/15/2022,141
1609,05/22/2022,141
1610,07/30/2022,141
1611,09/17/2022,141
1612,09/21/2022,141
1613,10/24/2022,141
1614,03/02/2023,141
1615,06/06/2023,141
1616,08/06/2023,141
1617,09/15/2023,141
1618,09/17/2023,141
1619,10/27/2023,141
1620,05/18/2024,141
1621,06/07/2024,141
1622,08/18/2024,141
1623,10/18/2024,141
1624,03/05/2025,141
1625,05/22/2025,141
1626,11/21/2025,141
1627,05/26/2026,141
1628,02/02/2019,140
1629,03/04/2019,140
1630,04/06/2019,140
1631,06/23/2019,140
1632,02/01/2020,140
1633,06/16/2021,140
1634,08/14/2021,140
1635,09/24/2021,140
1636,10/21/2022,140
1637,06/10/2023,140
1638,06/26/2023,140
1639,08/19/2023,140
1640,09/21/2023,140
1641,01/16/2024,140
1642,03/01/2024,140
1643,05/03/2024,140
1644,05/10/2024,140
1645,06/24/2024,140
1646,06/28/2024,140
1647,08/20/2024,140
1648,08/29/2024,140
1649,09/25/2024,140
1650,10/25/2024,140
1651,03/11/2025,140
1652,04/09/2025,140
1653,06/19/2025,140
1654,07/15/2025,140
1655,07/21/2025,140
1656,07/30/2025,140
1657,09/02/2025,140
1658,09/20/2025,140
1659,05/23/2026,140
1660,05/28/2026,140
1661,09/08/2019,139
1662,11/18/2019,139
1663,12/29/2019,139
1664,02/11/2020,139
1665,08/27/2020,139
1666,05/05/2021,139
1667,06/14/2021,139
1668,07/26/2021,139
1669,11/11/2021,139
1670,01/14/2022,139
1671,05/14/2022,139
1672,06/03/2022,139
1673,07/03/2022,139
1674,08/07/2022,139
1675,10/08/2022,139
1676,01/11/2023,139
1677,01/12/2023,139
1678,02/09/2023,139
1679,05/19/2023,139
1680,08/28/2023,139
1681,08/29/2023,139
1682,01/20/2024,139
1683,02/29/2024,139
1684,06/29/2024,139
1685,06/09/2025,139
1686,07/02/2025,139
1687,07/17/2025,139
1688,08/23/2025,139
1689,10/10/2025,139
1690,06/03/2026,139
1691,06/18/2026,139
1692,12/15/2018,138
1693,08/11/2019,138
1694,09/15/2019,138
1695,09/22/2019,138
1696,02/03/2020,138
1697,04/13/2021,138
1698,05/11/2021,138
1699,08/19/2021,138
1700,09/04/2021,138
1701,10/15/2021,138
1702,10/19/2021,138
1703,10/20/2021,138
1704,05/28/2022,138
1705,06/26/2022,138
1706,10/13/2022,138
1707,06/25/2023,138
1708,07/22/2023,138
1709,09/02/2023,138
1710,10/14/2023,138
1711,04/20/2024,138
1712,05/21/2024,138
1713,08/12/2024,138
1714,08/21/2024,138
1715,09/12/2024,138
1716,05/03/2025,138
1717,05/13/2025,138
1718,05/24/2025,138
1719,07/29/2025,138
1720,08/21/2025,138
1721,09/03/2025,138
1722,09/09/2025,138
1723,09/19/2025,138
1724,11/05/2025,138
1725,01/05/2026,138
1726,01/21/2026,138
1727,01/28/2026,138
1728,02/18/2026,138
1729,05/05/2026,138
1730,05/15/2026,138
1731,06/24/2026,138
1732,04/01/2018,137
1733,12/18/2018,137
1734,01/28/2019,137
1735,02/03/2019,137
1736,08/05/2019,137
1737,01/13/2020,137
1738,04/30/2021,137
1739,05/13/2021,137
1740,10/08/2021,137
1741,11/12/2021,137
1742,11/16/2021,137
1743,03/19/2022,137
1744,07/25/2022,137
1745,10/12/2022,137
1746,03/16/2023,137
1747,04/11/2023,137
1748,04/21/2023,137
1749,06/27/2023,137
1750,08/21/2023,137
1751,10/03/2023,137
1752,10/11/2023,137
1753,04/12/2024,137
1754,06/25/2024,137
1755,08/04/2024,137
1756,08/22/2024,137
1757,05/14/2025,137
1758,08/30/2025,137
1759,09/23/2025,137
1760,11/04/2025,137
1761,01/08/2026,137
1762,05/22/2026,137
1763,06/13/2026,137
1764,11/02/2019,136
1765,03/30/2021,136
1766,05/14/2021,136
1767,06/18/2021,136
1768,07/06/2021,136
1769,07/31/2022,136
1770,08/28/2022,136
1771,09/06/2022,136
1772,10/22/2022,136
1773,11/09/2022,136
1774,07/31/2023,136
1775,08/23/2023,136
1776,11/01/2023,136
1777,11/06/2023,136
1778,01/29/2024,136
1779,02/23/2024,136
1780,04/11/2024,136
1781,05/08/2024,136
1782,09/07/2024,136
1783,10/10/2024,136
1784,05/28/2025,136
1785,06/12/2025,136
1786,07/25/2025,136
1787,08/01/2025,136
1788,11/14/2025,136
1789,02/12/2026,136
1790,03/07/2026,136
1791,04/13/2026,136
1792,05/21/2026,136
1793,02/18/2020,135
1794,03/31/2021,135
1795,06/08/2021,135
1796,12/01/2021,135
1797,01/28/2022,135
1798,02/03/2022,135
1799,06/05/2022,135
1800,07/20/2022,135
1801,09/29/2022,135
1802,10/19/2022,135
1803,01/19/2023,135
1804,05/09/2023,135
1805,06/15/2023,135
1806,08/04/2023,135
1807,09/03/2023,135
1808,10/01/2023,135
1809,03/11/2024,135
1810,05/22/2024,135
1811,06/06/2024,135
1812,07/03/2024,135
1813,07/20/2024,135
1814,08/17/2024,135
1815,08/30/2024,135
1816,09/02/2024,135
1817,06/07/2025,135
1818,06/24/2025,135
1819,08/08/2025,135
1820,01/22/2026,135
1821,03/27/2026,135
1822,04/24/2026,135
1823,04/25/2026,135
1824,06/04/2026,135
1825,06/28/2026,135
1826,07/19/2026,135
1827,12/09/2018,134
1828,02/16/2019,134
1829,11/19/2019,134
1830,03/06/2020,134
1831,06/02/2021,134
1832,09/10/2021,134
1833,09/22/2021,134
1834,01/12/2022,134
1835,01/20/2022,134
1836,02/27/2022,134
1837,03/29/2022,134
1838,04/02/2022,134
1839,04/08/2022,134
1840,05/06/2022,134
1841,06/24/2022,134
1842,03/01/2023,134
1843,07/19/2023,134
1844,08/20/2023,134
1845,08/24/2023,134
1846,10/06/2023,134
1847,11/30/2023,134
1848,03/07/2024,134
1849,03/25/2024,134
1850,05/02/2024,134
1851,05/04/2024,134
1852,05/14/2024,134
1853,06/05/2024,134
1854,08/23/2024,134
1855,08/31/2024,134
1856,09/26/2024,134
1857,09/18/2025,134
1858,06/16/2026,134
1859,07/12/2026,134
1860,08/10/2019,133
1861,10/07/2019,133
1862,09/01/2021,133
1863,09/07/2021,133
1864,01/07/2022,133
1865,04/12/2022,133
1866,10/11/2022,133
1867,11/29/2022,133
1868,03/28/2023,133
1869,07/23/2023,133
1870,09/11/2023,133
1871,09/28/2023,133
1872,11/10/2023,133
1873,01/05/2024,133
1874,01/09/2024,133
1875,07/13/2024,133
1876,08/26/2024,133
1877,09/04/2024,133
1878,10/17/2024,133
1879,02/19/2025,133
1880,07/20/2025,133
1881,01/13/2026,133
1882,03/04/2026,133
1883,03/12/2026,133
1884,04/18/2026,133
1885,06/05/2026,133
1886,03/18/2019,132
1887,06/30/2019,132
1888,12/30/2019,132
1889,09/03/2020,132
1890,05/25/2021,132
1891,06/22/2021,132
1892,07/31/2021,132
1893,02/10/2022,132
1894,03/15/2022,132
1895,06/10/2022,132
1896,08/02/2022,132
1897,09/03/2022,132
1898,05/05/2023,132
1899,06/29/2023,132
1900,07/02/2023,132
1901,01/12/2024,132
1902,02/01/2024,132
1903,05/01/2024,132
1904,05/06/2024,132
1905,05/31/2024,132
1906,07/22/2024,132
1907,08/19/2024,132
1908,09/11/2024,132
1909,09/24/2024,132
1910,04/03/2025,132
1911,04/22/2025,132
1912,09/27/2025,132
1913,06/02/2026,132
1914,07/03/2026,132
1915,08/18/2019,131
1916,01/02/2020,131
1917,01/03/2020,131
1918,01/15/2020,131
1919,01/18/2020,131
1920,04/20/2021,131
1921,04/27/2021,131
1922,06/23/2021,131
1923,06/25/2021,131
1924,08/24/2021,131
1925,03/21/2022,131
1926,05/26/2022,131
1927,06/04/2022,131
1928,06/21/2022,131
1929,07/09/2022,131
1930,07/15/2022,131
1931,09/22/2022,131
1932,05/20/2023,131
1933,06/01/2023,131
1934,06/07/2023,131
1935,07/25/2023,131
1936,09/18/2023,131
1937,10/24/2023,131
1938,02/21/2024,131
1939,02/27/2024,131
1940,03/05/2024,131
1941,03/13/2024,131
1942,04/14/2024,131
1943,08/13/2024,131
1944,10/01/2024,131
1945,10/24/2024,131
1946,11/06/2024,131
1947,01/09/2025,131
1948,03/26/2025,131
1949,04/16/2025,131
1950,06/04/2025,131
1951,06/27/2025,131
1952,06/28/2025,131
1953,01/06/2026,131
1954,04/28/2026,131
1955,06/10/2026,131
1956,07/18/2026,131
1957,06/10/2019,130
1958,07/04/2019,130
1959,07/05/2019,130
1960,03/24/2021,130
1961,05/27/2021,130
1962,10/12/2021,130
1963,02/25/2022,130
1964,02/28/2022,130
1965,04/03/2022,130
1966,07/05/2022,130
1967,08/21/2022,130
1968,08/30/2022,130
1969,10/25/2022,130
1970,03/21/2023,130
1971,05/25/2023,130
1972,06/16/2023,130
1973,06/21/2023,130
1974,06/30/2023,130
1975,07/21/2023,130
1976,07/24/2023,130
1977,08/09/2023,130
1978,09/13/2023,130
1979,11/02/2023,130
1980,11/08/2023,130
1981,11/09/2023,130
1982,04/24/2025,130
1983,10/07/2025,130
1984,01/20/2026,130
1985,04/28/2021,129
1986,07/17/2021,129
1987,08/04/2021,129
1988,10/14/2021,129
1989,01/25/2022,129
1990,02/09/2022,129
1991,05/02/2022,129
1992,06/02/2022,129
1993,08/14/2022,129
1994,08/20/2022,129
1995,11/14/2022,129
1996,06/23/2023,129
1997,08/01/2023,129
1998,08/22/2023,129
1999,09/25/2023,129
2000,09/27/2023,129
2001,10/04/2023,129
2002,05/30/2024,129
2003,06/14/2024,129
2004,07/03/2025,129
2005,01/23/2026,129
2006,03/05/2026,129
2007,12/17/2018,128
2008,12/20/2018,128
2009,11/30/2019,128
2010,12/10/2019,128
2011,01/21/2020,128
2012,06/07/2021,128
2013,08/16/2021,128
2014,09/15/2021,128
2015,02/04/2022,128
2016,04/14/2022,128
2017,10/07/2022,128
2018,11/10/2022,128
2019,11/30/2022,128
2020,04/13/2023,128
2021,05/15/2023,128
2022,08/14/2023,128
2023,09/22/2023,128
2024,10/10/2023,128
2025,01/04/2024,128
2026,02/06/2024,128
2027,02/08/2024,128
2028,03/19/2024,128
2029,04/03/2024,128
2030,05/29/2024,128
2031,10/04/2024,128
2032,04/08/2025,128
2033,08/14/2025,128
2034,09/24/2025,128
2035,01/12/2026,128
2036,02/21/2026,128
2037,05/01/2026,128
2038,12/19/2018,127
2039,04/07/2019,127
2040,06/21/2019,127
2041,08/24/2019,127
2042,08/25/2019,127
2043,12/28/2019,127
2044,02/20/2020,127
2045,06/04/2021,127
2046,08/18/2021,127
2047,11/18/2021,127
2048,01/11/2022,127
2049,05/27/2022,127
2050,07/18/2022,127
2051,09/12/2022,127
2052,11/18/2022,127
2053,05/11/2023,127
2054,07/28/2023,127
2055,12/28/2023,127
2056,03/22/2024,127
2057,05/15/2024,127
2058,08/02/2024,127
2059,04/25/2025,127
2060,05/27/2025,127
2061,02/10/2026,127
2062,06/23/2026,127
2063,07/21/2019,126
2064,09/30/2019,126
2065,10/26/2019,126
2066,12/13/2019,126
2067,09/10/2020,126
2068,03/23/2021,126
2069,05/18/2021,126
2070,06/01/2021,126
2071,07/02/2021,126
2072,09/29/2021,126
2073,02/26/2022,126
2074,03/02/2022,126
2075,07/19/2022,126
2076,08/27/2022,126
2077,04/24/2023,126
2078,05/24/2023,126
2079,05/26/2023,126
2080,05/27/2023,126
2081,08/03/2023,126
2082,08/07/2023,126
2083,04/05/2024,126
2084,04/16/2024,126
2085,08/09/2024,126
2086,08/16/2024,126
2087,04/23/2025,126
2088,06/10/2025,126
2089,08/07/2025,126
2090,09/05/2025,126
2091,04/17/2026,126
2092,05/06/2026,126
2093,03/23/2019,125
2094,04/28/2019,125
2095,05/19/2019,125
2096,07/07/2019,125
2097,09/28/2019,125
2098,12/04/2019,125
2099,01/11/2020,125
2100,04/09/2021,125
2101,06/30/2021,125
2102,08/21/2021,125
2103,02/08/2022,125
2104,02/21/2022,125
2105,07/12/2022,125
2106,07/21/2022,125
2107,09/20/2022,125
2108,12/01/2022,125
2109,04/12/2023,125
2110,05/04/2023,125
2111,06/20/2023,125
2112,08/05/2023,125
2113,08/18/2023,125
2114,09/20/2023,125
2115,01/26/2024,125
2116,01/30/2024,125
2117,02/07/2024,125
2118,09/05/2024,125
2119,09/18/2024,125
2120,11/01/2024,125
2121,09/10/2025,125
2122,09/11/2025,125
2123,09/17/2025,125
2124,09/26/2025,125
2125,02/04/2026,125
2126,04/22/2026,125
2127,05/16/2026,125
2128,07/06/2026,125
2129,03/15/2019,124
2130,07/14/2019,124
2131,11/23/2019,124
2132,02/25/2020,124
2133,07/25/2021,124
2134,09/03/2021,124
2135,09/28/2021,124
2136,10/01/2021,124
2137,10/21/2021,124
2138,12/02/2021,124
2139,05/31/2022,124
2140,09/30/2022,124
2141,01/05/2023,124
2142,07/12/2023,124
2143,09/19/2023,124
2144,07/11/2024,124
2145,07/19/2024,124
2146,04/10/2025,124
2147,06/17/2025,124
2148,05/27/2026,124
2149,06/11/2026,124
2150,06/12/2026,124
2151,10/31/2018,123
2152,11/21/2018,123
2153,12/08/2018,123
2154,02/25/2019,123
2155,09/16/2019,123
2156,10/12/2019,123
2157,11/16/2019,123
2158,08/25/2021,123
2159,10/13/2021,123
2160,01/19/2022,123
2161,03/08/2022,123
2162,03/09/2022,123
2163,04/01/2022,123
2164,04/04/2022,123
2165,07/16/2022,123
2166,07/27/2022,123
2167,08/15/2022,123
2168,08/31/2022,123
2169,09/15/2022,123
2170,04/26/2023,123
2171,06/08/2023,123
2172,07/01/2023,123
2173,04/15/2024,123
2174,07/24/2024,123
2175,08/15/2024,123
2176,05/19/2026,123
2177,06/09/2026,123
2178,06/15/2026,123
2179,07/21/2026,123
2180,01/27/2019,122
2181,02/04/2019,122
2182,06/17/2019,122
2183,09/09/2019,122
2184,09/21/2019,122
2185,10/28/2019,122
2186,11/09/2019,122
2187,11/26/2019,122
2188,01/24/2020,122
2189,06/03/2021,122
2190,07/29/2021,122
2191,01/27/2022,122
2192,03/11/2022,122
2193,05/03/2022,122
2194,06/06/2022,122
2195,06/15/2022,122
2196,08/29/2022,122
2197,11/08/2022,122
2198,11/17/2022,122
2199,05/18/2023,122
2200,11/07/2023,122
2201,12/01/2023,122
2202,01/10/2024,122
2203,02/12/2024,122
2204,02/28/2024,122
2205,04/10/2024,122
2206,07/01/2025,122
2207,01/14/2026,122
2208,05/13/2026,122
2209,05/29/2026,122
2210,02/18/2019,121
2211,02/20/2019,121
2212,03/05/2019,121
2213,10/19/2019,121
2214,11/01/2019,121
2215,04/14/2021,121
2216,04/15/2021,121
2217,07/14/2021,121
2218,04/20/2022,121
2219,05/16/2022,121
2220,05/21/2022,121
2221,05/23/2022,121
2222,06/23/2022,121
2223,07/01/2022,121
2224,07/07/2022,121
2225,07/08/2022,121
2226,07/11/2022,121
2227,08/25/2022,121
2228,10/06/2022,121
2229,03/22/2023,121
2230,05/10/2023,121
2231,07/14/2023,121
2232,09/08/2023,121
2233,01/11/2024,121
2234,04/25/2024,121
2235,05/16/2024,121
2236,07/10/2024,121
2237,07/15/2024,121
2238,04/30/2025,121
2239,02/11/2026,121
2240,04/30/2026,121
2241,07/01/2026,121
2242,07/04/2018,120
2243,10/07/2018,120
2244,04/15/2019,120
2245,06/02/2019,120
2246,10/02/2019,120
2247,10/21/2019,120
2248,01/16/2020,120
2249,05/20/2021,120
2250,06/11/2021,120
2251,07/08/2021,120
2252,07/24/2021,120
2253,04/13/2022,120
2254,04/22/2022,120
2255,05/05/2022,120
2256,07/13/2022,120
2257,08/01/2022,120
2258,08/22/2022,120
2259,10/14/2022,120
2260,03/29/2023,120
2261,08/17/2023,120
2262,10/13/2023,120
2263,03/20/2024,120
2264,04/08/2024,120
2265,04/09/2024,120
2266,05/24/2024,120
2267,04/09/2026,120
2268,07/11/2026,120
2269,12/03/2018,119
2270,04/13/2019,119
2271,01/31/2020,119
2272,05/21/2021,119
2273,06/09/2021,119
2274,02/01/2022,119
2275,03/23/2022,119
2276,03/28/2022,119
2277,05/25/2022,119
2278,08/06/2022,119
2279,09/02/2022,119
2280,10/20/2022,119
2281,11/03/2022,119
2282,07/27/2023,119
2283,07/31/2024,119
2284,08/01/2024,119
2285,04/15/2026,119
2286,07/14/2026,119
2287,07/15/2026,119
2288,11/18/2018,118
2289,11/24/2018,118
2290,12/31/2018,118
2291,03/11/2019,118
2292,06/15/2019,118
2293,07/15/2019,118
2294,10/03/2019,118
2295,02/19/2020,118
2296,09/14/2021,118
2297,06/07/2022,118
2298,04/18/2023,118
2299,07/29/2023,118
2300,10/05/2023,118
2301,09/10/2024,118
2302,08/22/2025,118
2303,04/29/2026,118
2304,05/04/2019,117
2305,06/13/2019,117
2306,06/29/2019,117
2307,07/20/2019,117
2308,01/04/2020,117
2309,02/12/2020,117
2310,03/11/2021,117
2311,05/06/2021,117
2312,05/28/2021,117
2313,07/15/2021,117
2314,07/23/2021,117
2315,08/17/2021,117
2316,04/19/2022,117
2317,05/04/2022,117
2318,03/30/2023,117
2319,04/25/2023,117
2320,06/09/2023,117
2321,06/24/2023,117
2322,07/15/2023,117
2323,01/25/2024,117
2324,07/02/2024,117
2325,07/09/2024,117
2326,07/18/2024,117
2327,07/30/2024,117
2328,08/05/2024,117
2329,08/08/2024,117
2330,06/18/2025,117
2331,09/16/2025,117
2332,06/25/2026,117
2333,07/20/2026,117
2334,06/17/2018,116
2335,10/27/2018,116
2336,06/22/2019,116
2337,05/04/2021,116
2338,08/07/2021,116
2339,08/09/2021,116
2340,08/26/2021,116
2341,09/30/2021,116
2342,01/05/2022,116
2343,03/04/2022,116
2344,04/07/2022,116
2345,04/23/2022,116
2346,06/22/2022,116
2347,07/28/2022,116
2348,11/15/2022,116
2349,05/03/2023,116
2350,06/02/2023,116
2351,04/13/2024,116
2352,10/22/2025,116
2353,07/16/2026,116
2354,02/09/2019,115
2355,02/26/2019,115
2356,04/01/2019,115
2357,10/15/2019,115
2358,11/15/2019,115
2359,07/09/2021,115
2360,10/07/2021,115
2361,07/23/2022,115
2362,11/02/2022,115
2363,09/09/2023,115
2364,09/30/2023,115
2365,04/24/2024,115
2366,08/28/2024,115
2367,03/27/2025,115
2368,06/27/2026,115
2369,02/11/2019,114
2370,04/19/2019,114
2371,07/13/2019,114
2372,09/05/2019,114
2373,10/30/2019,114
2374,12/11/2019,114
2375,05/26/2021,114
2376,08/20/2021,114
2377,03/01/2022,114
2378,04/06/2022,114
2379,06/08/2022,114
2380,06/28/2022,114
2381,08/13/2022,114
2382,04/20/2023,114
2383,05/02/2023,114
2384,05/31/2023,114
2385,06/05/2023,114
2386,07/13/2023,114
2387,07/26/2023,114
2388,09/07/2023,114
2389,09/29/2023,114
2390,04/23/2024,114
2391,04/30/2024,114
2392,04/23/2026,114
2393,06/30/2026,114
2394,11/04/2018,113
2395,03/09/2019,113
2396,03/26/2019,113
2397,03/30/2019,113
2398,09/02/2019,113
2399,09/10/2019,113
2400,09/27/2019,113
2401,12/27/2019,113
2402,01/14/2020,113
2403,01/23/2020,113
2404,07/01/2021,113
2405,07/22/2021,113
2406,08/13/2021,113
2407,09/08/2021,113
2408,09/17/2021,113
2409,12/03/2021,113
2410,02/22/2022,113
2411,02/23/2022,113
2412,05/13/2022,113
2413,05/24/2022,113
2414,06/25/2022,113
2415,06/30/2022,113
2416,09/13/2022,113
2417,09/14/2022,113
2418,10/05/2022,113
2419,05/16/2023,113
2420,05/02/2025,113
2421,05/06/2025,113
2422,01/22/2019,112
2423,05/05/2019,112
2424,07/16/2021,112
2425,08/27/2021,112
2426,03/03/2022,112
2427,07/14/2022,112
2428,08/08/2022,112
2429,03/14/2023,112
2430,04/04/2023,112
2431,11/03/2023,112
2432,05/17/2024,112
2433,04/14/2026,112
2434,09/23/2018,111
2435,12/10/2018,111
2436,03/21/2019,111
2437,05/11/2019,111
2438,07/29/2019,111
2439,08/26/2019,111
2440,11/04/2019,111
2441,01/06/2020,111
2442,01/29/2020,111
2443,06/10/2021,111
2444,07/28/2021,111
2445,11/04/2021,111
2446,01/26/2022,111
2447,08/09/2022,111
2448,09/09/2022,111
2449,05/23/2023,111
2450,07/11/2023,111
2451,07/18/2023,111
2452,09/01/2023,111
2453,09/05/2023,111
2454,07/23/2024,111
2455,03/07/2019,110
2456,07/01/2019,110
2457,07/23/2019,110
2458,09/07/2019,110
2459,09/14/2019,110
2460,10/24/2019,110
2461,12/03/2019,110
2462,01/07/2020,110
2463,08/10/2021,110
2464,02/16/2022,110
2465,04/05/2022,110
2466,08/03/2022,110
2467,08/04/2022,110
2468,08/12/2022,110
2469,08/18/2022,110
2470,09/16/2022,110
2471,06/03/2023,110
2472,01/24/2024,110
2473,04/04/2024,110
2474,05/07/2024,110
2475,05/09/2024,110
2476,08/14/2024,110
2477,09/04/2025,110
2478,07/02/2026,110
2479,07/07/2026,110
2480,12/02/2018,109
2481,01/02/2019,109
2482,05/25/2019,109
2483,01/09/2020,109
2484,03/11/2020,109
2485,06/24/2021,109
2486,09/09/2021,109
2487,06/29/2022,109
2488,09/01/2022,109
2489,03/12/2024,109
2490,06/17/2026,109
2491,07/08/2026,109
2492,12/24/2017,108
2493,04/27/2019,108
2494,06/24/2019,108
2495,08/12/2019,108
2496,10/11/2019,108
2497,10/25/2019,108
2498,12/02/2019,108
2499,03/03/2020,108
2500,03/10/2020,108
2501,06/15/2021,108
2502,07/07/2021,108
2503,11/03/2021,108
2504,11/10/2021,108
2505,02/18/2022,108
2506,07/29/2022,108
2507,08/11/2022,108
2508,08/19/2022,108
2509,08/26/2022,108
2510,07/26/2024,108
2511,06/26/2026,108
2512,10/28/2018,107
2513,06/03/2019,107
2514,07/06/2019,107
2515,08/02/2019,107
2516,08/27/2019,107
2517,11/06/2019,107
2518,02/07/2020,107
2519,03/05/2020,107
2520,07/13/2021,107
2521,02/17/2022,107
2522,05/10/2022,107
2523,06/14/2022,107
2524,06/16/2022,107
2525,07/26/2022,107
2526,08/24/2022,107
2527,08/16/2023,107
2528,09/14/2023,107
2529,04/18/2024,107
2530,07/25/2024,107
2531,11/23/2017,106
2532,01/06/2019,106
2533,05/18/2019,106
2534,07/08/2019,106
2535,07/18/2019,106
2536,07/28/2019,106
2537,11/13/2019,106
2538,01/28/2020,106
2539,01/30/2020,106
2540,02/21/2020,106
2541,01/13/2022,106
2542,04/29/2022,106
2543,05/19/2022,106
2544,08/16/2022,106
2545,06/22/2023,106
2546,04/19/2024,106
2547,04/29/2025,106
2548,07/09/2026,106
2549,12/29/2018,105
2550,02/05/2019,105
2551,02/27/2019,105
2552,04/09/2019,105
2553,08/06/2019,105
2554,02/06/2020,105
2555,02/28/2020,105
2556,04/26/2022,105
2557,05/12/2023,105
2558,06/28/2023,105
2559,08/31/2023,105
2560,04/17/2024,105
2561,04/26/2024,105
2562,05/01/2025,105
2563,06/05/2025,105
2564,07/22/2018,104
2565,10/22/2018,104
2566,03/20/2019,104
2567,03/28/2019,104
2568,07/22/2019,104
2569,09/25/2019,104
2570,10/16/2019,104
2571,10/29/2019,104
2572,12/05/2019,104
2573,08/03/2021,104
2574,03/10/2022,104
2575,05/20/2022,104
2576,06/09/2022,104
2577,04/27/2023,104
2578,08/02/2023,104
2579,08/30/2023,104
2580,04/22/2024,104
2581,07/16/2024,104
2582,11/19/2018,103
2583,12/14/2018,103
2584,07/27/2019,103
2585,08/19/2019,103
2586,08/30/2019,103
2587,11/08/2019,103
2588,08/12/2021,103
2589,06/18/2022,103
2590,09/08/2022,103
2591,04/02/2024,103
2592,10/13/2018,102
2593,10/21/2018,102
2594,04/03/2019,102
2595,04/26/2019,102
2596,05/31/2019,102
2597,08/07/2019,102
2598,10/09/2019,102
2599,11/12/2019,102
2600,11/22/2019,102
2601,05/30/2022,102
2602,02/14/2018,101
2603,07/29/2018,101
2604,09/29/2018,101
2605,10/08/2018,101
2606,10/14/2018,101
2607,01/01/2019,101
2608,01/14/2019,101
2609,03/08/2019,101
2610,03/25/2019,101
2611,04/08/2019,101
2612,04/10/2019,101
2613,04/12/2019,101
2614,05/13/2019,101
2615,08/03/2019,101
2616,08/02/2021,101
2617,09/02/2021,101
2618,09/16/2021,101
2619,07/02/2022,101
2620,10/15/2018,100
2621,01/26/2019,100
2622,01/29/2019,100
2623,01/30/2019,100
2624,02/19/2019,100
2625,09/20/2019,100
2626,10/10/2019,100
2627,10/18/2019,100
2628,02/04/2020,100
2629,04/21/2022,100
2630,08/23/2022,100
2631,04/14/2023,100
2632,05/14/2026,100
2633,09/24/2018,99
2634,10/01/2018,99
2635,11/13/2018,99
2636,01/12/2019,99
2637,01/31/2019,99
2638,08/17/2019,99
2639,03/13/2020,99
2640,08/06/2021,99
2641,05/18/2022,99
2642,08/17/2022,99
2643,04/19/2023,99
2644,08/27/2018,98
2645,11/11/2018,98
2646,12/01/2018,98
2647,02/22/2019,98
2648,02/28/2019,98
2649,04/04/2019,98
2650,04/18/2019,98
2651,05/20/2019,98
2652,07/03/2019,98
2653,09/03/2019,98
2654,07/20/2021,98
2655,03/31/2022,98
2656,08/10/2022,98
2657,09/06/2023,98
2658,12/25/2017,97
2659,09/16/2018,97
2660,10/20/2018,97
2661,05/03/2019,97
2662,10/08/2019,97
2663,01/22/2020,97
2664,03/25/2022,97
2665,12/22/2017,96
2666,08/08/2018,96
2667,09/10/2018,96
2668,12/13/2018,96
2669,04/02/2019,96
2670,05/06/2019,96
2671,05/10/2019,96
2672,06/05/2019,96
2673,06/28/2019,96
2674,08/01/2019,96
2675,08/31/2019,96
2676,09/18/2019,96
2677,10/04/2019,96
2678,11/21/2019,96
2679,07/21/2021,96
2680,03/22/2022,96
2681,06/27/2022,96
2682,12/18/2017,95
2683,09/15/2018,95
2684,11/10/2018,95
2685,03/27/2019,95
2686,09/11/2019,95
2687,10/17/2019,95
2688,11/07/2019,95
2689,12/06/2019,95
2690,03/18/2022,95
2691,04/02/2018,94
2692,09/03/2018,94
2693,01/07/2019,94
2694,04/17/2019,94
2695,05/28/2019,94
2696,05/30/2019,94
2697,06/01/2019,94
2698,06/08/2019,94
2699,06/26/2019,94
2700,08/15/2019,94
2701,07/30/2021,94
2702,04/27/2022,94
2703,05/17/2022,94
2704,03/18/2018,93
2705,09/22/2018,93
2706,10/29/2018,93
2707,11/25/2018,93
2708,03/19/2019,93
2709,03/22/2019,93
2710,08/22/2019,93
2711,09/19/2019,93
2712,01/08/2020,93
2713,08/31/2021,93
2714,04/28/2022,93
2715,07/17/2024,93
2716,03/17/2018,92
2717,08/20/2018,92
2718,10/06/2018,92
2719,02/06/2019,92
2720,03/02/2019,92
2721,07/16/2019,92
2722,07/26/2019,92
2723,01/17/2020,92
2724,03/04/2020,92
2725,08/11/2021,92
2726,12/23/2017,91
2727,08/02/2018,91
2728,09/02/2018,91
2729,09/04/2018,91
2730,11/20/2018,91
2731,12/11/2018,91
2732,12/28/2018,91
2733,05/29/2019,91
2734,06/11/2019,91
2735,06/18/2019,91
2736,07/31/2019,91
2737,02/27/2020,91
2738,08/05/2021,91
2739,08/05/2022,91
2740,05/17/2023,91
2741,05/13/2018,90
2742,06/10/2018,90
2743,09/26/2018,90
2744,11/03/2018,90
2745,03/06/2019,90
2746,05/17/2019,90
2747,07/10/2019,90
2748,08/13/2019,90
2749,08/21/2019,90
2750,09/13/2019,90
2751,03/24/2022,90
2752,12/19/2017,89
2753,03/31/2018,89
2754,08/18/2018,89
2755,08/19/2018,89
2756,11/28/2018,89
2757,12/07/2018,89
2758,01/23/2019,89
2759,02/21/2019,89
2760,04/05/2019,89
2761,04/30/2019,89
2762,08/09/2019,89
2763,11/14/2019,89
2764,01/10/2020,89
2765,03/12/2020,89
2766,02/24/2022,89
2767,05/12/2022,89
2768,10/29/2017,88
2769,11/24/2017,88
2770,02/10/2018,88
2771,03/24/2018,88
2772,09/06/2018,88
2773,09/17/2018,88
2774,10/18/2018,88
2775,10/30/2018,88
2776,04/11/2019,88
2777,06/25/2019,88
2778,07/19/2019,88
2779,07/25/2019,88
2780,08/08/2019,88
2781,10/22/2019,88
2782,02/26/2020,88
2783,06/28/2018,87
2784,08/11/2018,87
2785,09/09/2018,87
2786,11/12/2018,87
2787,11/17/2018,87
2788,12/05/2018,87
2789,12/30/2018,87
2790,03/29/2019,87
2791,04/25/2019,87
2792,05/09/2019,87
2793,05/21/2019,87
2794,06/07/2019,87
2795,06/27/2019,87
2796,09/17/2019,87
2797,11/05/2019,87
2798,05/11/2022,87
2799,07/31/2018,86
2800,08/26/2018,86
2801,08/28/2018,86
2802,09/11/2018,86
2803,09/30/2018,86
2804,10/17/2018,86
2805,10/26/2018,86
2806,11/05/2018,86
2807,01/08/2019,86
2808,01/25/2019,86
2809,03/13/2019,86
2810,04/29/2019,86
2811,05/07/2019,86
2812,05/15/2019,86
2813,07/12/2019,86
2814,07/24/2019,86
2815,08/28/2019,86
2816,08/29/2019,86
2817,10/01/2019,86
2818,05/28/2018,85
2819,10/04/2018,85
2820,12/12/2018,85
2821,04/16/2019,85
2822,04/23/2019,85
2823,07/09/2019,85
2824,07/17/2019,85
2825,09/26/2019,85
2826,11/20/2019,85
2827,07/01/2018,84
2828,07/17/2018,84
2829,07/23/2018,84
2830,08/12/2018,84
2831,08/13/2018,84
2832,10/09/2018,84
2833,11/26/2018,84
2834,01/16/2019,84
2835,06/20/2019,84
2836,09/12/2019,84
2837,10/23/2019,84
2838,01/07/2018,83
2839,02/04/2018,83
2840,08/05/2018,83
2841,08/22/2018,83
2842,01/05/2019,83
2843,04/24/2019,83
2844,07/02/2019,83
2845,08/14/2019,83
2846,02/05/2020,83
2847,07/06/2022,83
2848,07/15/2018,82
2849,08/06/2018,82
2850,08/21/2018,82
2851,08/30/2018,82
2852,01/03/2019,82
2853,05/14/2019,82
2854,08/23/2019,82
2855,09/06/2019,82
2856,09/24/2019,82
2857,12/11/2017,81
2858,04/03/2018,81
2859,06/18/2018,81
2860,11/16/2018,81
2861,01/19/2019,81
2862,01/24/2019,81
2863,02/01/2019,81
2864,07/11/2019,81
2865,03/14/2018,80
2866,06/23/2018,80
2867,07/10/2018,80
2868,07/20/2018,80
2869,09/25/2018,80
2870,10/16/2018,80
2871,10/23/2018,80
2872,03/30/2018,79
2873,06/13/2018,79
2874,07/21/2018,79
2875,02/08/2019,79
2876,03/01/2019,79
2877,05/16/2019,79
2878,04/16/2017,78
2879,02/11/2018,78
2880,03/29/2018,78
2881,07/30/2018,78
2882,08/09/2018,78
2883,08/24/2018,78
2884,08/31/2018,78
2885,09/01/2018,78
2886,09/07/2018,78
2887,10/12/2018,78
2888,11/01/2018,78
2889,11/29/2018,78
2890,12/06/2018,78
2891,01/09/2019,78
2892,01/11/2019,78
2893,03/25/2018,77
2894,04/28/2018,77
2895,07/25/2018,77
2896,08/29/2018,77
2897,09/13/2018,77
2898,09/20/2018,77
2899,12/04/2018,77
2900,02/05/2018,76
2901,06/24/2018,76
2902,11/02/2018,76
2903,05/08/2019,76
2904,12/04/2017,75
2905,12/17/2017,75
2906,02/19/2018,75
2907,05/14/2018,75
2908,07/03/2018,75
2909,07/27/2018,75
2910,11/27/2018,75
2911,05/22/2019,75
2912,05/24/2019,75
2913,06/06/2019,75
2914,06/14/2019,75
2915,06/19/2019,75
2916,08/20/2019,75
2917,12/24/2016,74
2918,12/20/2017,74
2919,12/21/2017,74
2920,03/12/2018,74
2921,03/22/2018,74
2922,07/14/2018,74
2923,08/16/2018,74
2924,09/14/2018,74
2925,09/21/2018,74
2926,10/11/2018,74
2927,11/08/2018,74
2928,01/18/2019,74
2929,03/12/2019,74
2930,11/22/2017,73
2931,04/15/2018,73
2932,07/08/2018,73
2933,10/02/2018,73
2934,10/24/2018,73
2935,12/27/2018,73
2936,09/04/2019,73
2937,11/13/2017,72
2938,12/05/2017,72
2939,06/16/2018,72
2940,11/30/2018,72
2941,05/02/2019,72
2942,06/12/2019,72
2943,07/30/2019,72
2944,04/17/2017,71
2945,11/21/2017,71
2946,03/05/2018,71
2947,03/19/2018,71
2948,04/07/2018,71
2949,05/27/2018,71
2950,06/05/2018,71
2951,07/19/2018,71
2952,08/25/2018,71
2953,09/12/2018,71
2954,09/18/2018,71
2955,01/17/2019,71
2956,08/16/2019,71
2957,03/21/2018,70
2958,07/16/2018,70
2959,08/07/2018,70
2960,08/10/2018,70
2961,08/23/2018,70
2962,10/05/2018,70
2963,11/12/2017,69
2964,11/19/2017,69
2965,01/28/2018,69
2966,04/22/2018,69
2967,08/01/2018,69
2968,08/03/2018,69
2969,08/04/2018,69
2970,11/15/2018,69
2971,01/04/2019,69
2972,01/10/2019,69
2973,02/07/2019,69
2974,10/15/2017,68
2975,01/01/2018,68
2976,01/15/2018,68
2977,02/06/2018,68
2978,03/03/2018,68
2979,03/04/2018,68
2980,03/06/2018,68
2981,04/08/2018,68
2982,06/07/2018,68
2983,07/05/2018,68
2984,10/19/2018,68
2985,12/10/2017,67
2986,12/16/2017,67
2987,03/11/2018,67
2988,04/29/2018,67
2989,05/06/2018,67
2990,05/12/2018,67
2991,06/02/2018,67
2992,07/24/2018,67
2993,08/15/2018,67
2994,09/08/2018,67
2995,11/07/2018,67
2996,05/01/2019,67
2997,05/23/2019,67
2998,11/25/2017,66
2999,06/09/2018,66
3000,06/22/2018,66
3001,08/14/2018,66
3002,08/17/2018,66
3003,06/04/2019,66
3004,12/03/2017,65
3005,02/02/2018,65
3006,04/18/2018,65
3007,04/23/2018,65
3008,05/21/2018,65
3009,06/06/2018,65
3010,10/25/2018,65
3011,01/15/2019,65
3012,08/27/2017,64
3013,12/29/2017,64
3014,02/18/2018,64
3015,04/13/2018,64
3016,06/25/2018,64
3017,09/28/2018,64
3018,02/24/2016,63
3019,09/10/2017,63
3020,10/22/2017,63
3021,10/24/2017,63
3022,12/13/2017,63
3023,12/15/2017,63
3024,12/26/2017,63
3025,01/08/2018,63
3026,03/27/2018,63
3027,10/10/2018,63
3028,09/17/2017,62
3029,11/20/2017,62
3030,12/30/2017,62
3031,01/29/2018,62
3032,04/17/2018,62
3033,04/19/2018,62
3034,05/02/2018,62
3035,05/18/2018,62
3036,05/19/2018,62
3037,05/20/2018,62
3038,06/08/2018,62
3039,06/27/2018,62
3040,07/09/2018,62
3041,07/13/2018,62
3042,07/18/2018,62
3043,09/27/2018,62
3044,12/25/2016,61
3045,05/14/2017,61
3046,06/28/2017,61
3047,10/23/2017,61
3048,11/08/2017,61
3049,11/28/2017,61
3050,12/31/2017,61
3051,01/22/2018,61
3052,03/08/2018,61
3053,03/16/2018,61
3054,03/23/2018,61
3055,04/25/2018,61
3056,12/24/2013,60
3057,02/12/2017,60
3058,02/13/2017,60
3059,02/14/2017,60
3060,04/12/2017,60
3061,02/17/2018,60
3062,02/20/2018,60
3063,03/02/2018,60
3064,04/06/2018,60
3065,04/16/2018,60
3066,06/30/2018,60
3067,11/06/2018,60
3068,10/31/2016,59
3069,03/14/2017,59
3070,07/29/2017,59
3071,09/04/2017,59
3072,10/08/2017,59
3073,05/10/2018,59
3074,05/29/2018,59
3075,07/28/2018,59
3076,11/14/2018,59
3077,07/04/2017,58
3078,10/31/2017,58
3079,11/06/2017,58
3080,05/07/2018,58
3081,05/09/2018,58
3082,05/11/2018,58
3083,06/11/2018,58
3084,06/21/2018,58
3085,07/12/2018,58
3086,07/26/2018,58
3087,11/09/2018,58
3088,12/23/2016,57
3089,03/13/2017,57
3090,06/05/2017,57
3091,07/11/2017,57
3092,07/16/2017,57
3093,11/05/2017,57
3094,01/20/2018,57
3095,02/12/2018,57
3096,04/24/2018,57
3097,07/07/2018,57
3098,09/19/2018,57
3099,10/03/2018,57
3100,02/14/2014,56
3101,11/15/2017,56
3102,11/26/2017,56
3103,01/14/2018,56
3104,01/26/2018,56
3105,02/07/2018,56
3106,02/13/2018,56
3107,03/07/2018,56
3108,04/30/2018,56
3109,07/02/2018,56
3110,12/24/2015,55
3111,10/30/2016,55
3112,03/20/2017,55
3113,06/03/2017,55
3114,06/11/2017,55
3115,07/09/2017,55
3116,10/18/2017,55
3117,11/14/2017,55
3118,11/17/2017,55
3119,12/14/2017,55
3120,12/27/2017,55
3121,02/26/2018,55
3122,04/09/2018,55
3123,04/12/2018,55
3124,04/20/2018,55
3125,05/04/2018,55
3126,05/08/2018,55
3127,05/23/2018,55
3128,06/04/2018,55
3129,06/29/2018,55
3130,02/28/2016,54
3131,12/26/2016,54
3132,06/26/2017,54
3133,07/17/2017,54
3134,08/09/2017,54
3135,09/11/2017,54
3136,10/13/2017,54
3137,10/21/2017,54
3138,12/08/2017,54
3139,01/27/2018,54
3140,03/13/2018,54
3141,04/14/2018,54
3142,04/21/2018,54
3143,05/03/2018,54
3144,05/05/2018,54
3145,05/25/2018,54
3146,10/30/2015,53
3147,03/29/2017,53
3148,07/30/2017,53
3149,08/13/2017,53
3150,09/05/2017,53
3151,12/28/2017,53
3152,03/10/2018,53
3153,03/15/2018,53
3154,06/15/2018,53
3155,11/21/2016,52
3156,03/19/2017,52
3157,04/15/2017,52
3158,04/30/2017,52
3159,05/19/2017,52
3160,07/18/2017,52
3161,09/18/2017,52
3162,09/20/2017,52
3163,10/04/2017,52
3164,11/27/2017,52
3165,03/09/2018,52
3166,05/22/2018,52
3167,06/01/2018,52
3168,06/12/2018,52
3169,02/15/2016,51
3170,11/24/2016,51
3171,12/21/2016,51
3172,07/12/2017,51
3173,08/04/2017,51
3174,10/28/2017,51
3175,12/12/2017,51
3176,01/13/2018,51
3177,01/21/2018,51
3178,02/16/2018,51
3179,05/01/2018,51
3180,06/03/2018,51
3181,06/20/2018,51
3182,07/11/2018,51
3183,09/05/2018,51
3184,03/25/2017,50
3185,04/14/2017,50
3186,06/23/2017,50
3187,07/31/2017,50
3188,09/24/2017,50
3189,10/07/2017,50
3190,11/09/2017,50
3191,01/16/2018,50
3192,02/23/2018,50
3193,03/26/2018,50
3194,05/17/2018,50
3195,05/31/2018,50
3196,06/01/2022,50
3197,12/22/2013,49
3198,10/02/2016,49
3199,12/12/2016,49
3200,03/23/2017,49
3201,04/13/2017,49
3202,07/21/2017,49
3203,10/14/2017,49
3204,11/10/2017,49
3205,12/07/2017,49
3206,12/09/2017,49
3207,01/12/2018,49
3208,01/31/2018,49
3209,03/20/2018,49
3210,03/27/2016,48
3211,10/23/2016,48
3212,12/22/2016,48
3213,01/30/2017,48
3214,03/17/2017,48
3215,03/18/2017,48
3216,04/05/2017,48
3217,06/07/2017,48
3218,06/17/2017,48
3219,07/23/2017,48
3220,08/10/2017,48
3221,08/26/2017,48
3222,01/09/2018,48
3223,01/24/2018,48
3224,02/24/2018,48
3225,06/14/2018,48
3226,01/31/2016,47
3227,03/24/2016,47
3228,11/23/2016,47
3229,01/22/2017,47
3230,03/06/2017,47
3231,03/30/2017,47
3232,04/02/2017,47
3233,05/22/2017,47
3234,07/08/2017,47
3235,08/02/2017,47
3236,08/05/2017,47
3237,08/30/2017,47
3238,09/09/2017,47
3239,10/02/2017,47
3240,11/04/2017,47
3241,11/18/2017,47
3242,11/29/2017,47
3243,02/01/2018,47
3244,02/03/2018,47
3245,02/09/2018,47
3246,05/24/2018,47
3247,06/19/2018,47
3248,06/26/2018,47
3249,02/13/2014,46
3250,02/15/2014,46
3251,02/15/2015,46
3252,04/05/2015,46
3253,02/19/2017,46
3254,02/20/2017,46
3255,03/15/2017,46
3256,06/04/2017,46
3257,06/10/2017,46
3258,06/24/2017,46
3259,07/02/2017,46
3260,08/01/2017,46
3261,08/12/2017,46
3262,09/03/2017,46
3263,10/09/2017,46
3264,10/30/2017,46
3265,12/01/2017,46
3266,01/02/2018,46
3267,02/21/2018,46
3268,03/01/2018,46
3269,07/14/2014,45
3270,08/02/2016,45
3271,12/13/2016,45
3272,12/19/2016,45
3273,02/05/2017,45
3274,05/17/2017,45
3275,06/27/2017,45
3276,08/20/2017,45
3277,09/26/2017,45
3278,10/01/2017,45
3279,10/17/2017,45
3280,12/02/2017,45
3281,01/17/2018,45
3282,02/27/2018,45
3283,04/26/2018,45
3284,02/16/2014,44
3285,09/11/2016,44
3286,12/14/2016,44
3287,12/15/2016,44
3288,12/17/2016,44
3289,12/18/2016,44
3290,01/20/2017,44
3291,03/28/2017,44
3292,04/03/2017,44
3293,05/11/2017,44
3294,06/30/2017,44
3295,07/03/2017,44
3296,07/28/2017,44
3297,08/06/2017,44
3298,09/16/2017,44
3299,09/28/2017,44
3300,10/10/2017,44
3301,10/27/2017,44
3302,11/11/2017,44
3303,11/16/2017,44
3304,02/22/2018,44
3305,04/27/2018,44
3306,05/26/2018,44
3307,11/27/2013,43
3308,12/15/2014,43
3309,06/27/2016,43
3310,07/04/2016,43
3311,02/10/2017,43
3312,03/10/2017,43
3313,04/09/2017,43
3314,04/10/2017,43
3315,05/07/2017,43
3316,06/18/2017,43
3317,07/07/2017,43
3318,07/13/2017,43
3319,07/14/2017,43
3320,08/25/2017,43
3321,08/28/2017,43
3322,09/08/2017,43
3323,09/13/2017,43
3324,09/14/2017,43
3325,09/25/2017,43
3326,09/30/2017,43
3327,10/11/2017,43
3328,03/17/2014,42
3329,04/20/2014,42
3330,09/07/2014,42
3331,12/15/2015,42
3332,12/18/2015,42
3333,02/14/2016,42
3334,11/22/2016,42
3335,12/27/2016,42
3336,01/21/2017,42
3337,01/31/2017,42
3338,02/09/2017,42
3339,02/15/2017,42
3340,04/19/2017,42
3341,05/29/2017,42
3342,06/19/2017,42
3343,07/01/2017,42
3344,07/26/2017,42
3345,08/11/2017,42
3346,08/19/2017,42
3347,09/29/2017,42
3348,10/03/2017,42
3349,11/30/2017,42
3350,01/04/2018,42
3351,04/10/2018,42
3352,07/06/2018,42
3353,07/10/2014,41
3354,11/26/2014,41
3355,12/22/2014,41
3356,11/24/2015,41
3357,05/27/2016,41
3358,11/07/2016,41
3359,11/13/2016,41
3360,12/10/2016,41
3361,12/20/2016,41
3362,03/26/2017,41
3363,03/27/2017,41
3364,05/12/2017,41
3365,05/24/2017,41
3366,06/02/2017,41
3367,06/13/2017,41
3368,07/10/2017,41
3369,08/23/2017,41
3370,09/06/2017,41
3371,11/01/2017,41
3372,11/07/2017,41
3373,12/06/2017,41
3374,01/25/2018,41
3375,02/25/2018,41
3376,05/16/2018,41
3377,03/31/2013,40
3378,12/23/2014,40
3379,04/06/2015,40
3380,11/25/2015,40
3381,11/26/2015,40
3382,12/14/2015,40
3383,02/12/2016,40
3384,10/22/2016,40
3385,12/28/2016,40
3386,02/21/2017,40
3387,02/27/2017,40
3388,03/04/2017,40
3389,05/05/2017,40
3390,05/06/2017,40
3391,07/27/2017,40
3392,08/14/2017,40
3393,09/15/2017,40
3394,01/05/2018,40
3395,01/18/2018,40
3396,01/30/2018,40
3397,04/11/2018,40
3398,05/15/2018,40
3399,05/30/2018,40
3400,03/18/2013,39
3401,12/23/2013,39
3402,12/26/2013,39
3403,03/07/2014,39
3404,01/24/2016,39
3405,02/22/2016,39
3406,05/20/2016,39
3407,09/18/2016,39
3408,10/15/2016,39
3409,11/14/2016,39
3410,11/20/2016,39
3411,12/16/2016,39
3412,12/31/2016,39
3413,01/17/2017,39
3414,02/26/2017,39
3415,03/24/2017,39
3416,04/06/2017,39
3417,04/11/2017,39
3418,05/01/2017,39
3419,05/15/2017,39
3420,05/31/2017,39
3421,06/01/2017,39
3422,07/05/2017,39
3423,07/15/2017,39
3424,08/07/2017,39
3425,08/16/2017,39
3426,09/01/2017,39
3427,09/22/2017,39
3428,09/23/2017,39
3429,10/12/2017,39
3430,01/03/2018,39
3431,01/23/2018,39
3432,03/28/2018,39
3433,04/05/2018,39
3434,02/25/2013,38
3435,12/11/2013,38
3436,01/26/2014,38
3437,02/10/2014,38
3438,02/26/2015,38
3439,02/27/2015,38
3440,03/12/2015,38
3441,12/07/2015,38
3442,12/21/2015,38
3443,02/06/2016,38
3444,06/20/2016,38
3445,11/03/2016,38
3446,03/03/2017,38
3447,03/22/2017,38
3448,04/01/2017,38
3449,05/08/2017,38
3450,05/25/2017,38
3451,05/28/2017,38
3452,06/12/2017,38
3453,06/15/2017,38
3454,08/08/2017,38
3455,08/15/2017,38
3456,09/02/2017,38
3457,01/19/2018,38
3458,02/14/2013,37
3459,09/30/2013,37
3460,10/21/2013,37
3461,10/27/2013,37
3462,09/26/2014,37
3463,10/18/2014,37
3464,02/16/2015,37
3465,02/02/2016,37
3466,02/11/2016,37
3467,02/13/2016,37
3468,03/28/2016,37
3469,04/22/2016,37
3470,05/04/2016,37
3471,06/06/2016,37
3472,07/01/2016,37
3473,07/05/2016,37
3474,10/09/2016,37
3475,10/13/2016,37
3476,11/01/2016,37
3477,12/05/2016,37
3478,01/08/2017,37
3479,01/16/2017,37
3480,03/09/2017,37
3481,06/29/2017,37
3482,08/17/2017,37
3483,10/25/2017,37
3484,11/02/2017,37
3485,11/03/2017,37
3486,02/15/2018,37
3487,02/10/2013,36
3488,06/16/2013,36
3489,12/15/2013,36
3490,12/31/2014,36
3491,01/12/2015,36
3492,10/05/2015,36
3493,02/01/2016,36
3494,02/03/2016,36
3495,02/09/2016,36
3496,02/17/2016,36
3497,03/25/2016,36
3498,04/04/2016,36
3499,05/25/2016,36
3500,07/28/2016,36
3501,08/08/2016,36
3502,10/03/2016,36
3503,10/21/2016,36
3504,10/28/2016,36
3505,11/11/2016,36
3506,12/04/2016,36
3507,12/08/2016,36
3508,12/09/2016,36
3509,02/02/2017,36
3510,02/04/2017,36
3511,02/06/2017,36
3512,02/11/2017,36
3513,02/23/2017,36
3514,03/02/2017,36
3515,03/05/2017,36
3516,04/08/2017,36
3517,04/18/2017,36
3518,05/04/2017,36
3519,06/25/2017,36
3520,07/22/2017,36
3521,08/18/2017,36
3522,08/29/2017,36
3523,09/27/2017,36
3524,02/08/2018,36
3525,02/28/2018,36
3526,04/04/2018,36
3527,10/30/2012,35
3528,02/12/2013,35
3529,03/15/2013,35
3530,07/29/2013,35
3531,11/25/2013,35
3532,12/10/2013,35
3533,12/18/2013,35
3534,12/19/2013,35
3535,01/22/2014,35
3536,02/03/2014,35
3537,09/02/2014,35
3538,09/23/2014,35
3539,12/24/2014,35
3540,04/12/2015,35
3541,12/19/2015,35
3542,04/13/2016,35
3543,08/22/2016,35
3544,09/05/2016,35
3545,09/19/2016,35
3546,10/12/2016,35
3547,10/17/2016,35
3548,01/03/2017,35
3549,01/06/2017,35
3550,01/25/2017,35
3551,02/01/2017,35
3552,03/08/2017,35
3553,04/07/2017,35
3554,04/24/2017,35
3555,05/09/2017,35
3556,05/13/2017,35
3557,05/20/2017,35
3558,06/06/2017,35
3559,06/09/2017,35
3560,07/25/2017,35
3561,10/16/2017,35
3562,02/07/2013,34
3563,02/19/2013,34
3564,06/19/2013,34
3565,07/01/2013,34
3566,11/28/2013,34
3567,02/11/2014,34
3568,07/22/2014,34
3569,09/22/2014,34
3570,11/27/2014,34
3571,12/07/2014,34
3572,10/19/2015,34
3573,10/29/2015,34
3574,12/17/2015,34
3575,02/07/2016,34
3576,04/08/2016,34
3577,04/10/2016,34
3578,05/30/2016,34
3579,07/24/2016,34
3580,08/09/2016,34
3581,08/15/2016,34
3582,09/02/2016,34
3583,09/26/2016,34
3584,10/25/2016,34
3585,11/27/2016,34
3586,11/28/2016,34
3587,01/02/2017,34
3588,01/23/2017,34
3589,01/29/2017,34
3590,02/07/2017,34
3591,03/11/2017,34
3592,04/25/2017,34
3593,04/27/2017,34
3594,05/03/2017,34
3595,05/18/2017,34
3596,05/21/2017,34
3597,07/06/2017,34
3598,08/22/2017,34
3599,09/12/2017,34
3600,09/19/2017,34
3601,01/06/2018,34
3602,02/11/2013,33
3603,04/01/2013,33
3604,05/13/2013,33
3605,10/09/2013,33
3606,10/30/2013,33
3607,11/20/2013,33
3608,12/02/2013,33
3609,01/20/2014,33
3610,01/24/2014,33
3611,02/09/2014,33
3612,03/05/2014,33
3613,04/06/2014,33
3614,07/13/2014,33
3615,10/23/2014,33
3616,11/09/2014,33
3617,02/02/2015,33
3618,02/09/2015,33
3619,03/15/2015,33
3620,05/25/2015,33
3621,09/06/2015,33
3622,10/09/2015,33
3623,12/10/2015,33
3624,03/30/2016,33
3625,06/01/2016,33
3626,06/26/2016,33
3627,09/22/2016,33
3628,09/29/2016,33
3629,10/10/2016,33
3630,10/29/2016,33
3631,11/02/2016,33
3632,11/26/2016,33
3633,01/07/2017,33
3634,02/17/2017,33
3635,02/22/2017,33
3636,03/07/2017,33
3637,03/12/2017,33
3638,04/04/2017,33
3639,04/23/2017,33
3640,05/23/2017,33
3641,05/26/2017,33
3642,06/22/2017,33
3643,07/24/2017,33
3644,08/24/2017,33
3645,10/20/2017,33
3646,06/25/2012,32
3647,12/18/2012,32
3648,03/11/2013,32
3649,04/22/2013,32
3650,11/18/2013,32
3651,11/24/2013,32
3652,12/03/2013,32
3653,02/18/2014,32
3654,03/16/2014,32
3655,03/19/2014,32
3656,06/30/2014,32
3657,11/10/2014,32
3658,11/24/2014,32
3659,02/18/2015,32
3660,04/13/2015,32
3661,11/09/2015,32
3662,12/16/2015,32
3663,12/20/2015,32
3664,12/25/2015,32
3665,02/05/2016,32
3666,02/18/2016,32
3667,04/03/2016,32
3668,04/17/2016,32
3669,04/24/2016,32
3670,05/23/2016,32
3671,06/13/2016,32
3672,06/22/2016,32
3673,08/28/2016,32
3674,09/27/2016,32
3675,10/06/2016,32
3676,11/25/2016,32
3677,11/29/2016,32
3678,12/29/2016,32
3679,01/01/2017,32
3680,08/21/2017,32
3681,10/19/2017,32
3682,01/11/2018,32
3683,12/20/2012,31
3684,01/14/2013,31
3685,01/15/2013,31
3686,02/17/2013,31
3687,03/10/2013,31
3688,04/03/2013,31
3689,06/03/2013,31
3690,06/10/2013,31
3691,07/04/2013,31
3692,08/28/2013,31
3693,09/03/2013,31
3694,12/08/2013,31
3695,12/16/2013,31
3696,02/12/2014,31
3697,03/02/2014,31
3698,03/24/2014,31
3699,03/26/2014,31
3700,03/31/2014,31
3701,04/18/2014,31
3702,10/06/2014,31
3703,11/25/2014,31
3704,12/28/2014,31
3705,01/06/2015,31
3706,03/09/2015,31
3707,03/14/2015,31
3708,04/03/2015,31
3709,04/04/2015,31
3710,11/17/2015,31
3711,01/02/2016,31
3712,02/26/2016,31
3713,04/07/2016,31
3714,04/14/2016,31
3715,04/21/2016,31
3716,06/19/2016,31
3717,06/23/2016,31
3718,06/28/2016,31
3719,08/23/2016,31
3720,08/25/2016,31
3721,09/12/2016,31
3722,10/16/2016,31
3723,11/18/2016,31
3724,11/19/2016,31
3725,03/21/2017,31
3726,04/26/2017,31
3727,04/28/2017,31
3728,05/30/2017,31
3729,06/08/2017,31
3730,06/14/2017,31
3731,06/21/2017,31
3732,07/19/2017,31
3733,07/20/2017,31
3734,08/03/2017,31
3735,10/06/2017,31
3736,10/26/2017,31
3737,12/17/2012,30
3738,06/26/2013,30
3739,07/09/2013,30
3740,07/13/2013,30
3741,10/11/2013,30
3742,11/29/2013,30
3743,12/07/2013,30
3744,12/12/2013,30
3745,03/10/2014,30
3746,03/22/2014,30
3747,04/21/2014,30
3748,05/18/2014,30
3749,07/18/2014,30
3750,08/03/2014,30
3751,08/18/2014,30
3752,10/24/2014,30
3753,12/08/2014,30
3754,12/30/2014,30
3755,02/01/2015,30
3756,02/11/2015,30
3757,03/05/2015,30
3758,03/29/2015,30
3759,05/11/2015,30
3760,09/18/2015,30
3761,09/24/2015,30
3762,10/31/2015,30
3763,12/03/2015,30
3764,12/12/2015,30
3765,12/13/2015,30
3766,12/23/2015,30
3767,02/08/2016,30
3768,02/16/2016,30
3769,02/25/2016,30
3770,03/23/2016,30
3771,04/27/2016,30
3772,06/07/2016,30
3773,06/16/2016,30
3774,06/30/2016,30
3775,07/11/2016,30
3776,07/17/2016,30
3777,08/20/2016,30
3778,08/31/2016,30
3779,09/20/2016,30
3780,10/01/2016,30
3781,10/04/2016,30
3782,10/07/2016,30
3783,10/11/2016,30
3784,10/14/2016,30
3785,10/26/2016,30
3786,11/06/2016,30
3787,12/02/2016,30
3788,12/06/2016,30
3789,02/25/2017,30
3790,09/07/2017,30
3791,08/16/2012,29
3792,11/21/2012,29
3793,11/22/2012,29
3794,12/21/2012,29
3795,12/24/2012,29
3796,01/22/2013,29
3797,02/23/2013,29
3798,03/04/2013,29
3799,03/21/2013,29
3800,03/22/2013,29
3801,03/28/2013,29
3802,04/04/2013,29
3803,08/12/2013,29
3804,08/14/2013,29
3805,11/12/2013,29
3806,12/09/2013,29
3807,12/17/2013,29
3808,01/12/2014,29
3809,02/19/2014,29
3810,02/23/2014,29
3811,03/23/2014,29
3812,05/04/2014,29
3813,05/12/2014,29
3814,08/28/2014,29
3815,10/01/2014,29
3816,10/27/2014,29
3817,11/28/2014,29
3818,12/10/2014,29
3819,12/13/2014,29
3820,12/17/2014,29
3821,05/30/2015,29
3822,06/26/2015,29
3823,08/11/2015,29
3824,08/13/2015,29
3825,11/08/2015,29
3826,12/06/2015,29
3827,02/23/2016,29
3828,03/07/2016,29
3829,03/20/2016,29
3830,05/08/2016,29
3831,05/24/2016,29
3832,05/29/2016,29
3833,07/16/2016,29
3834,08/21/2016,29
3835,08/24/2016,29
3836,09/07/2016,29
3837,10/08/2016,29
3838,10/18/2016,29
3839,11/17/2016,29
3840,12/03/2016,29
3841,01/13/2017,29
3842,01/14/2017,29
3843,01/15/2017,29
3844,01/19/2017,29
3845,01/26/2017,29
3846,02/03/2017,29
3847,03/16/2017,29
3848,03/31/2017,29
3849,04/22/2017,29
3850,09/21/2017,29
3851,10/05/2017,29
3852,01/10/2018,29
3853,08/27/2012,28
3854,02/03/2013,28
3855,02/04/2013,28
3856,02/24/2013,28
3857,03/06/2013,28
3858,03/16/2013,28
3859,03/26/2013,28
3860,04/05/2013,28
3861,06/11/2013,28
3862,06/18/2013,28
3863,07/30/2013,28
3864,08/01/2013,28
3865,09/09/2013,28
3866,10/14/2013,28
3867,11/04/2013,28
3868,12/20/2013,28
3869,12/21/2013,28
3870,01/19/2014,28
3871,02/08/2014,28
3872,02/27/2014,28
3873,04/13/2014,28
3874,05/30/2014,28
3875,06/08/2014,28
3876,06/17/2014,28
3877,07/04/2014,28
3878,09/03/2014,28
3879,09/04/2014,28
3880,10/03/2014,28
3881,10/15/2014,28
3882,11/20/2014,28
3883,12/11/2014,28
3884,12/12/2014,28
3885,12/21/2014,28
3886,01/04/2015,28
3887,01/30/2015,28
3888,02/19/2015,28
3889,02/23/2015,28
3890,04/27/2015,28
3891,08/24/2015,28
3892,09/02/2015,28
3893,10/22/2015,28
3894,10/26/2015,28
3895,11/22/2015,28
3896,01/18/2016,28
3897,01/30/2016,28
3898,03/02/2016,28
3899,03/10/2016,28
3900,03/18/2016,28
3901,04/05/2016,28
3902,05/21/2016,28
3903,06/05/2016,28
3904,06/14/2016,28
3905,07/03/2016,28
3906,07/07/2016,28
3907,08/03/2016,28
3908,08/13/2016,28
3909,08/19/2016,28
3910,09/21/2016,28
3911,10/20/2016,28
3912,10/24/2016,28
3913,11/16/2016,28
3914,12/11/2016,28
3915,01/09/2017,28
3916,01/27/2017,28
3917,03/01/2017,28
3918,05/16/2017,28
3919,05/27/2017,28
3920,03/14/2012,27
3921,08/08/2012,27
3922,09/10/2012,27
3923,09/20/2012,27
3924,12/01/2012,27
3925,01/27/2013,27
3926,02/21/2013,27
3927,02/22/2013,27
3928,03/25/2013,27
3929,04/07/2013,27
3930,04/08/2013,27
3931,04/20/2013,27
3932,04/26/2013,27
3933,05/03/2013,27
3934,05/27/2013,27
3935,05/29/2013,27
3936,06/17/2013,27
3937,06/30/2013,27
3938,07/03/2013,27
3939,08/26/2013,27
3940,09/28/2013,27
3941,10/07/2013,27
3942,10/31/2013,27
3943,11/26/2013,27
3944,12/04/2013,27
3945,12/30/2013,27
3946,12/31/2013,27
3947,01/09/2014,27
3948,01/17/2014,27
3949,01/23/2014,27
3950,01/27/2014,27
3951,02/17/2014,27
3952,03/03/2014,27
3953,04/07/2014,27
3954,05/27/2014,27
3955,06/05/2014,27
3956,06/06/2014,27
3957,07/07/2014,27
3958,07/11/2014,27
3959,08/14/2014,27
3960,09/10/2014,27
3961,09/21/2014,27
3962,10/07/2014,27
3963,10/26/2014,27
3964,01/25/2015,27
3965,01/26/2015,27
3966,02/05/2015,27
3967,02/22/2015,27
3968,03/08/2015,27
3969,03/30/2015,27
3970,04/09/2015,27
3971,05/29/2015,27
3972,08/09/2015,27
3973,09/03/2015,27
3974,09/20/2015,27
3975,09/23/2015,27
3976,10/28/2015,27
3977,11/16/2015,27
3978,03/09/2016,27
3979,03/13/2016,27
3980,03/16/2016,27
3981,03/17/2016,27
3982,03/29/2016,27
3983,04/23/2016,27
3984,04/29/2016,27
3985,05/12/2016,27
3986,05/18/2016,27
3987,05/31/2016,27
3988,06/03/2016,27
3989,06/08/2016,27
3990,06/09/2016,27
3991,06/17/2016,27
3992,07/02/2016,27
3993,07/06/2016,27
3994,07/21/2016,27
3995,08/01/2016,27
3996,08/04/2016,27
3997,08/10/2016,27
3998,08/14/2016,27
3999,09/13/2016,27
4000,09/15/2016,27
4001,09/28/2016,27
4002,10/19/2016,27
4003,10/27/2016,27
4004,11/30/2016,27
4005,01/04/2017,27
4006,01/10/2017,27
4007,01/24/2017,27
4008,02/08/2017,27
4009,02/28/2017,27
4010,05/10/2017,27
4011,06/16/2017,27
4012,06/13/2012,26
4013,09/13/2012,26
4014,12/26/2012,26
4015,01/06/2013,26
4016,01/13/2013,26
4017,02/13/2013,26
4018,02/16/2013,26
4019,02/28/2013,26
4020,03/12/2013,26
4021,05/09/2013,26
4022,05/14/2013,26
4023,05/24/2013,26
4024,05/26/2013,26
4025,06/02/2013,26
4026,06/13/2013,26
4027,06/14/2013,26
4028,06/15/2013,26
4029,06/20/2013,26
4030,07/31/2013,26
4031,08/22/2013,26
4032,08/27/2013,26
4033,09/10/2013,26
4034,09/17/2013,26
4035,10/08/2013,26
4036,10/17/2013,26
4037,10/24/2013,26
4038,10/26/2013,26
4039,12/14/2013,26
4040,01/10/2014,26
4041,01/25/2014,26
4042,01/30/2014,26
4043,02/24/2014,26
4044,02/26/2014,26
4045,03/21/2014,26
4046,03/28/2014,26
4047,05/05/2014,26
4048,05/15/2014,26
4049,06/16/2014,26
4050,07/06/2014,26
4051,07/16/2014,26
4052,07/23/2014,26
4053,08/24/2014,26
4054,09/14/2014,26
4055,09/29/2014,26
4056,10/05/2014,26
4057,10/11/2014,26
4058,10/29/2014,26
4059,11/19/2014,26
4060,11/23/2014,26
4061,12/01/2014,26
4062,12/09/2014,26
4063,12/25/2014,26
4064,12/29/2014,26
4065,01/05/2015,26
4066,01/11/2015,26
4067,01/13/2015,26
4068,02/10/2015,26
4069,02/24/2015,26
4070,03/01/2015,26
4071,03/04/2015,26
4072,03/10/2015,26
4073,03/11/2015,26
4074,03/18/2015,26
4075,03/21/2015,26
4076,03/23/2015,26
4077,05/23/2015,26
4078,08/04/2015,26
4079,08/31/2015,26
4080,09/25/2015,26
4081,11/20/2015,26
4082,12/08/2015,26
4083,12/09/2015,26
4084,12/22/2015,26
4085,01/05/2016,26
4086,01/23/2016,26
4087,01/25/2016,26
4088,02/10/2016,26
4089,02/27/2016,26
4090,02/29/2016,26
4091,03/04/2016,26
4092,03/05/2016,26
4093,04/02/2016,26
4094,04/12/2016,26
4095,05/02/2016,26
4096,05/03/2016,26
4097,05/05/2016,26
4098,05/09/2016,26
4099,05/10/2016,26
4100,06/18/2016,26
4101,07/15/2016,26
4102,07/23/2016,26
4103,08/11/2016,26
4104,08/16/2016,26
4105,08/27/2016,26
4106,09/04/2016,26
4107,09/08/2016,26
4108,09/14/2016,26
4109,09/16/2016,26
4110,10/05/2016,26
4111,11/05/2016,26
4112,11/10/2016,26
4113,12/07/2016,26
4114,01/18/2017,26
4115,02/16/2017,26
4116,02/18/2017,26
4117,04/21/2017,26
4118,04/29/2017,26
4119,01/15/2012,25
4120,04/20/2012,25
4121,05/16/2012,25
4122,05/25/2012,25
4123,08/14/2012,25
4124,08/20/2012,25
4125,11/24/2012,25
4126,12/16/2012,25
4127,02/01/2013,25
4128,02/15/2013,25
4129,02/20/2013,25
4130,02/26/2013,25
4131,03/17/2013,25
4132,03/27/2013,25
4133,04/02/2013,25
4134,04/18/2013,25
4135,06/12/2013,25
4136,07/19/2013,25
4137,07/25/2013,25
4138,08/02/2013,25
4139,09/06/2013,25
4140,09/26/2013,25
4141,10/10/2013,25
4142,10/23/2013,25
4143,11/02/2013,25
4144,01/21/2014,25
4145,01/28/2014,25
4146,02/06/2014,25
4147,02/20/2014,25
4148,03/13/2014,25
4149,04/17/2014,25
4150,05/06/2014,25
4151,06/12/2014,25
4152,06/15/2014,25
4153,06/23/2014,25
4154,06/25/2014,25
4155,07/08/2014,25
4156,07/21/2014,25
4157,07/24/2014,25
4158,07/26/2014,25
4159,09/18/2014,25
4160,10/04/2014,25
4161,11/08/2014,25
4162,11/17/2014,25
4163,11/18/2014,25
4164,11/30/2014,25
4165,12/27/2014,25
4166,01/27/2015,25
4167,02/14/2015,25
4168,02/28/2015,25
4169,03/13/2015,25
4170,04/07/2015,25
4171,04/08/2015,25
4172,05/22/2015,25
4173,06/01/2015,25
4174,07/13/2015,25
4175,07/23/2015,25
4176,07/25/2015,25
4177,07/30/2015,25
4178,08/16/2015,25
4179,09/15/2015,25
4180,10/04/2015,25
4181,10/25/2015,25
4182,11/02/2015,25
4183,11/14/2015,25
4184,11/15/2015,25
4185,11/18/2015,25
4186,11/23/2015,25
4187,11/30/2015,25
4188,01/16/2016,25
4189,01/28/2016,25
4190,03/03/2016,25
4191,03/08/2016,25
4192,03/14/2016,25
4193,03/15/2016,25
4194,03/26/2016,25
4195,04/25/2016,25
4196,05/07/2016,25
4197,05/17/2016,25
4198,06/11/2016,25
4199,06/12/2016,25
4200,08/12/2016,25
4201,08/18/2016,25
4202,08/26/2016,25
4203,08/30/2016,25
4204,09/03/2016,25
4205,09/09/2016,25
4206,09/30/2016,25
4207,01/12/2017,25
4208,02/24/2017,25
4209,05/02/2017,25
4210,06/20/2017,25
4211,08/31/2017,25
4212,02/13/2012,24
4213,02/14/2012,24
4214,04/08/2012,24
4215,05/15/2012,24
4216,06/19/2012,24
4217,06/20/2012,24
4218,07/22/2012,24
4219,08/12/2012,24
4220,09/02/2012,24
4221,09/14/2012,24
4222,10/29/2012,24
4223,11/19/2012,24
4224,11/28/2012,24
4225,11/29/2012,24
4226,01/21/2013,24
4227,02/18/2013,24
4228,02/27/2013,24
4229,05/17/2013,24
4230,05/20/2013,24
4231,05/25/2013,24
4232,05/31/2013,24
4233,06/09/2013,24
4234,07/02/2013,24
4235,07/05/2013,24
4236,07/11/2013,24
4237,07/17/2013,24
4238,07/24/2013,24
4239,08/18/2013,24
4240,08/20/2013,24
4241,09/05/2013,24
4242,10/13/2013,24
4243,10/22/2013,24
4244,11/05/2013,24
4245,11/22/2013,24
4246,12/05/2013,24
4247,12/13/2013,24
4248,12/27/2013,24
4249,02/04/2014,24
4250,02/07/2014,24
4251,03/06/2014,24
4252,04/09/2014,24
4253,04/10/2014,24
4254,04/16/2014,24
4255,04/30/2014,24
4256,05/03/2014,24
4257,05/08/2014,24
4258,05/25/2014,24
4259,06/18/2014,24
4260,07/15/2014,24
4261,08/05/2014,24
4262,08/11/2014,24
4263,11/11/2014,24
4264,12/16/2014,24
4265,12/18/2014,24
4266,01/28/2015,24
4267,03/02/2015,24
4268,03/06/2015,24
4269,05/07/2015,24
4270,05/12/2015,24
4271,06/04/2015,24
4272,06/21/2015,24
4273,07/02/2015,24
4274,07/09/2015,24
4275,07/24/2015,24
4276,07/27/2015,24
4277,08/03/2015,24
4278,08/30/2015,24
4279,09/26/2015,24
4280,09/28/2015,24
4281,11/11/2015,24
4282,11/29/2015,24
4283,12/04/2015,24
4284,01/01/2016,24
4285,01/15/2016,24
4286,02/19/2016,24
4287,04/01/2016,24
4288,04/11/2016,24
4289,04/16/2016,24
4290,04/18/2016,24
4291,05/19/2016,24
4292,05/26/2016,24
4293,07/20/2016,24
4294,07/29/2016,24
4295,08/29/2016,24
4296,11/12/2016,24
4297,05/28/2012,23
4298,07/23/2012,23
4299,08/24/2012,23
4300,10/02/2012,23
4301,10/17/2012,23
4302,10/19/2012,23
4303,12/11/2012,23
4304,01/26/2013,23
4305,01/28/2013,23
4306,02/06/2013,23
4307,02/08/2013,23
4308,03/13/2013,23
4309,03/29/2013,23
4310,04/06/2013,23
4311,04/17/2013,23
4312,05/02/2013,23
4313,05/05/2013,23
4314,05/12/2013,23
4315,05/15/2013,23
4316,05/28/2013,23
4317,06/08/2013,23
4318,06/27/2013,23
4319,07/06/2013,23
4320,07/07/2013,23
4321,07/18/2013,23
4322,07/21/2013,23
4323,07/22/2013,23
4324,07/23/2013,23
4325,08/05/2013,23
4326,08/06/2013,23
4327,08/07/2013,23
4328,09/02/2013,23
4329,09/29/2013,23
4330,11/08/2013,23
4331,11/13/2013,23
4332,11/23/2013,23
4333,12/25/2013,23
4334,01/04/2014,23
4335,02/02/2014,23
4336,03/04/2014,23
4337,03/14/2014,23
4338,03/27/2014,23
4339,04/08/2014,23
4340,04/14/2014,23
4341,04/27/2014,23
4342,05/19/2014,23
4343,05/26/2014,23
4344,06/09/2014,23
4345,06/28/2014,23
4346,07/03/2014,23
4347,08/02/2014,23
4348,08/08/2014,23
4349,08/19/2014,23
4350,08/31/2014,23
4351,09/05/2014,23
4352,09/16/2014,23
4353,09/25/2014,23
4354,10/02/2014,23
4355,10/17/2014,23
4356,10/28/2014,23
4357,10/31/2014,23
4358,11/22/2014,23
4359,12/14/2014,23
4360,01/02/2015,23
4361,01/03/2015,23
4362,02/03/2015,23
4363,02/25/2015,23
4364,03/07/2015,23
4365,03/26/2015,23
4366,04/25/2015,23
4367,04/30/2015,23
4368,05/01/2015,23
4369,05/17/2015,23
4370,05/26/2015,23
4371,06/11/2015,23
4372,06/27/2015,23
4373,07/04/2015,23
4374,08/07/2015,23
4375,08/19/2015,23
4376,09/09/2015,23
4377,10/16/2015,23
4378,10/20/2015,23
4379,10/27/2015,23
4380,11/12/2015,23
4381,12/01/2015,23
4382,12/30/2015,23
4383,02/04/2016,23
4384,03/21/2016,23
4385,04/19/2016,23
4386,05/06/2016,23
4387,05/15/2016,23
4388,05/22/2016,23
4389,07/10/2016,23
4390,07/18/2016,23
4391,07/22/2016,23
4392,07/31/2016,23
4393,09/10/2016,23
4394,09/23/2016,23
4395,11/04/2016,23
4396,12/30/2016,23
4397,04/20/2017,23
4398,12/16/2011,22
4399,12/25/2011,22
4400,03/30/2012,22
4401,05/06/2012,22
4402,05/26/2012,22
4403,06/27/2012,22
4404,07/17/2012,22
4405,07/31/2012,22
4406,09/22/2012,22
4407,09/23/2012,22
4408,10/16/2012,22
4409,11/03/2012,22
4410,11/13/2012,22
4411,11/14/2012,22
4412,11/25/2012,22
4413,12/04/2012,22
4414,12/10/2012,22
4415,12/19/2012,22
4416,01/07/2013,22
4417,01/08/2013,22
4418,01/30/2013,22
4419,03/30/2013,22
4420,04/21/2013,22
4421,04/25/2013,22
4422,05/08/2013,22
4423,06/23/2013,22
4424,06/25/2013,22
4425,07/08/2013,22
4426,07/10/2013,22
4427,07/28/2013,22
4428,08/11/2013,22
4429,08/19/2013,22
4430,08/29/2013,22
4431,08/30/2013,22
4432,09/16/2013,22
4433,09/25/2013,22
4434,09/27/2013,22
4435,10/28/2013,22
4436,10/29/2013,22
4437,12/06/2013,22
4438,01/03/2014,22
4439,01/11/2014,22
4440,01/14/2014,22
4441,01/15/2014,22
4442,02/22/2014,22
4443,03/08/2014,22
4444,03/20/2014,22
4445,03/25/2014,22
4446,04/12/2014,22
4447,04/23/2014,22
4448,06/02/2014,22
4449,07/20/2014,22
4450,08/06/2014,22
4451,08/13/2014,22
4452,08/17/2014,22
4453,08/25/2014,22
4454,09/08/2014,22
4455,09/24/2014,22
4456,10/12/2014,22
4457,10/21/2014,22
4458,11/07/2014,22
4459,11/16/2014,22
4460,12/06/2014,22
4461,01/01/2015,22
4462,01/08/2015,22
4463,01/16/2015,22
4464,03/03/2015,22
4465,03/22/2015,22
4466,04/11/2015,22
4467,04/26/2015,22
4468,04/29/2015,22
4469,05/06/2015,22
4470,05/27/2015,22
4471,06/05/2015,22
4472,06/08/2015,22
4473,06/16/2015,22
4474,07/28/2015,22
4475,08/26/2015,22
4476,09/08/2015,22
4477,10/06/2015,22
4478,12/05/2015,22
4479,12/27/2015,22
4480,01/03/2016,22
4481,01/13/2016,22
4482,01/26/2016,22
4483,01/27/2016,22
4484,03/06/2016,22
4485,03/22/2016,22
4486,04/30/2016,22
4487,05/13/2016,22
4488,06/25/2016,22
4489,07/19/2016,22
4490,07/25/2016,22
4491,07/27/2016,22
4492,08/06/2016,22
4493,08/07/2016,22
4494,09/06/2016,22
4495,12/01/2016,22
4496,12/12/2011,21
4497,12/15/2011,21
4498,03/20/2012,21
4499,04/02/2012,21
4500,08/09/2012,21
4501,08/26/2012,21
4502,09/04/2012,21
4503,09/07/2012,21
4504,11/10/2012,21
4505,11/11/2012,21
4506,11/23/2012,21
4507,12/02/2012,21
4508,12/09/2012,21
4509,12/22/2012,21
4510,12/28/2012,21
4511,01/18/2013,21
4512,01/20/2013,21
4513,01/29/2013,21
4514,02/09/2013,21
4515,03/02/2013,21
4516,03/03/2013,21
4517,03/14/2013,21
4518,03/19/2013,21
4519,03/23/2013,21
4520,04/19/2013,21
4521,04/23/2013,21
4522,04/27/2013,21
4523,05/01/2013,21
4524,05/06/2013,21
4525,05/21/2013,21
4526,06/04/2013,21
4527,06/28/2013,21
4528,07/12/2013,21
4529,07/15/2013,21
4530,07/16/2013,21
4531,08/13/2013,21
4532,08/25/2013,21
4533,09/15/2013,21
4534,09/20/2013,21
4535,09/23/2013,21
4536,10/12/2013,21
4537,10/25/2013,21
4538,11/06/2013,21
4539,01/07/2014,21
4540,01/08/2014,21
4541,03/18/2014,21
4542,03/29/2014,21
4543,04/04/2014,21
4544,04/05/2014,21
4545,06/03/2014,21
4546,06/14/2014,21
4547,06/29/2014,21
4548,08/10/2014,21
4549,08/16/2014,21
4550,08/27/2014,21
4551,08/29/2014,21
4552,09/01/2014,21
4553,09/15/2014,21
4554,09/30/2014,21
4555,10/13/2014,21
4556,10/14/2014,21
4557,10/16/2014,21
4558,11/01/2014,21
4559,11/05/2014,21
4560,12/02/2014,21
4561,12/26/2014,21
4562,03/16/2015,21
4563,03/17/2015,21
4564,04/17/2015,21
4565,04/20/2015,21
4566,05/04/2015,21
4567,05/05/2015,21
4568,05/10/2015,21
4569,05/15/2015,21
4570,05/18/2015,21
4571,06/13/2015,21
4572,06/18/2015,21
4573,06/23/2015,21
4574,07/06/2015,21
4575,08/06/2015,21
4576,11/10/2015,21
4577,12/31/2015,21
4578,01/14/2016,21
4579,01/22/2016,21
4580,04/06/2016,21
4581,04/09/2016,21
4582,04/20/2016,21
4583,05/01/2016,21
4584,05/28/2016,21
4585,06/02/2016,21
4586,07/09/2016,21
4587,07/13/2016,21
4588,07/14/2016,21
4589,08/05/2016,21
4590,09/01/2016,21
4591,09/17/2016,21
4592,11/08/2016,21
4593,11/15/2016,21
4594,01/05/2017,21
4595,01/28/2017,21
4596,02/08/2012,20
4597,02/16/2012,20
4598,03/05/2012,20
4599,03/15/2012,20
4600,03/26/2012,20
4601,05/13/2012,20
4602,06/12/2012,20
4603,06/29/2012,20
4604,07/05/2012,20
4605,07/06/2012,20
4606,07/24/2012,20
4607,07/27/2012,20
4608,08/03/2012,20
4609,09/18/2012,20
4610,09/26/2012,20
4611,10/28/2012,20
4612,11/20/2012,20
4613,12/25/2012,20
4614,01/02/2013,20
4615,01/19/2013,20
4616,01/25/2013,20
4617,01/31/2013,20
4618,02/05/2013,20
4619,03/01/2013,20
4620,03/24/2013,20
4621,04/09/2013,20
4622,04/16/2013,20
4623,04/24/2013,20
4624,05/04/2013,20
4625,05/18/2013,20
4626,06/05/2013,20
4627,06/06/2013,20
4628,06/07/2013,20
4629,07/26/2013,20
4630,08/23/2013,20
4631,09/21/2013,20
4632,09/22/2013,20
4633,10/05/2013,20
4634,11/03/2013,20
4635,11/09/2013,20
4636,11/11/2013,20
4637,11/14/2013,20
4638,11/16/2013,20
4639,01/02/2014,20
4640,01/13/2014,20
4641,01/18/2014,20
4642,01/29/2014,20
4643,03/01/2014,20
4644,03/15/2014,20
4645,03/30/2014,20
4646,04/01/2014,20
4647,04/15/2014,20
4648,05/24/2014,20
4649,05/29/2014,20
4650,06/04/2014,20
4651,06/11/2014,20
4652,06/24/2014,20
4653,06/26/2014,20
4654,07/09/2014,20
4655,07/17/2014,20
4656,07/25/2014,20
4657,08/04/2014,20
4658,08/20/2014,20
4659,08/26/2014,20
4660,09/11/2014,20
4661,09/19/2014,20
4662,09/28/2014,20
4663,10/22/2014,20
4664,11/06/2014,20
4665,12/03/2014,20
4666,01/15/2015,20
4667,01/18/2015,20
4668,01/19/2015,20
4669,01/20/2015,20
4670,01/21/2015,20
4671,01/22/2015,20
4672,02/06/2015,20
4673,03/20/2015,20
4674,03/25/2015,20
4675,03/28/2015,20
4676,05/16/2015,20
4677,06/15/2015,20
4678,06/29/2015,20
4679,07/03/2015,20
4680,07/10/2015,20
4681,07/20/2015,20
4682,08/10/2015,20
4683,08/17/2015,20
4684,08/18/2015,20
4685,08/21/2015,20
4686,08/25/2015,20
4687,08/27/2015,20
4688,08/28/2015,20
4689,09/01/2015,20
4690,09/12/2015,20
4691,09/27/2015,20
4692,10/15/2015,20
4693,10/24/2015,20
4694,11/01/2015,20
4695,11/04/2015,20
4696,11/06/2015,20
4697,11/13/2015,20
4698,12/28/2015,20
4699,01/10/2016,20
4700,01/19/2016,20
4701,03/01/2016,20
4702,03/12/2016,20
4703,03/31/2016,20
4704,04/15/2016,20
4705,04/26/2016,20
4706,04/28/2016,20
4707,05/16/2016,20
4708,06/15/2016,20
4709,06/21/2016,20
4710,07/26/2016,20
4711,08/17/2016,20
4712,01/06/2012,19
4713,01/22/2012,19
4714,02/19/2012,19
4715,03/18/2012,19
4716,03/25/2012,19
4717,04/09/2012,19
4718,04/27/2012,19
4719,06/11/2012,19
4720,06/14/2012,19
4721,07/13/2012,19
4722,08/05/2012,19
4723,08/13/2012,19
4724,09/30/2012,19
4725,10/01/2012,19
4726,11/04/2012,19
4727,11/30/2012,19
4728,12/03/2012,19
4729,01/03/2013,19
4730,01/05/2013,19
4731,01/16/2013,19
4732,01/17/2013,19
4733,02/02/2013,19
4734,04/28/2013,19
4735,04/29/2013,19
4736,04/30/2013,19
4737,05/07/2013,19
4738,05/11/2013,19
4739,05/16/2013,19
4740,07/27/2013,19
4741,08/03/2013,19
4742,08/04/2013,19
4743,08/10/2013,19
4744,08/15/2013,19
4745,08/16/2013,19
4746,09/08/2013,19
4747,09/11/2013,19
4748,09/18/2013,19
4749,10/15/2013,19
4750,11/10/2013,19
4751,01/06/2014,19
4752,01/31/2014,19
4753,05/11/2014,19
4754,05/14/2014,19
4755,05/21/2014,19
4756,06/01/2014,19
4757,06/20/2014,19
4758,07/31/2014,19
4759,08/09/2014,19
4760,08/22/2014,19
4761,10/08/2014,19
4762,10/25/2014,19
4763,11/14/2014,19
4764,11/21/2014,19
4765,12/04/2014,19
4766,01/14/2015,19
4767,01/23/2015,19
4768,01/31/2015,19
4769,02/12/2015,19
4770,02/13/2015,19
4771,05/03/2015,19
4772,05/21/2015,19
4773,06/03/2015,19
4774,06/19/2015,19
4775,06/24/2015,19
4776,07/05/2015,19
4777,07/08/2015,19
4778,07/16/2015,19
4779,07/18/2015,19
4780,07/19/2015,19
4781,09/21/2015,19
4782,09/30/2015,19
4783,10/10/2015,19
4784,10/13/2015,19
4785,10/18/2015,19
4786,11/27/2015,19
4787,01/06/2016,19
4788,01/07/2016,19
4789,01/11/2016,19
4790,02/20/2016,19
4791,02/21/2016,19
4792,06/29/2016,19
4793,09/24/2016,19
4794,01/07/2012,18
4795,01/30/2012,18
4796,02/02/2012,18
4797,02/12/2012,18
4798,02/21/2012,18
4799,04/03/2012,18
4800,04/04/2012,18
4801,05/01/2012,18
4802,06/05/2012,18
4803,06/09/2012,18
4804,07/02/2012,18
4805,07/04/2012,18
4806,07/09/2012,18
4807,07/16/2012,18
4808,08/07/2012,18
4809,08/23/2012,18
4810,09/09/2012,18
4811,09/11/2012,18
4812,09/12/2012,18
4813,09/15/2012,18
4814,09/19/2012,18
4815,10/03/2012,18
4816,10/07/2012,18
4817,10/18/2012,18
4818,10/27/2012,18
4819,11/07/2012,18
4820,11/17/2012,18
4821,11/18/2012,18
4822,12/05/2012,18
4823,12/12/2012,18
4824,12/13/2012,18
4825,12/23/2012,18
4826,12/31/2012,18
4827,01/04/2013,18
4828,03/09/2013,18
4829,05/10/2013,18
4830,05/19/2013,18
4831,06/24/2013,18
4832,08/09/2013,18
4833,08/21/2013,18
4834,09/01/2013,18
4835,09/12/2013,18
4836,10/02/2013,18
4837,10/03/2013,18
4838,10/06/2013,18
4839,10/16/2013,18
4840,10/18/2013,18
4841,10/20/2013,18
4842,11/07/2013,18
4843,11/17/2013,18
4844,12/01/2013,18
4845,03/09/2014,18
4846,03/12/2014,18
4847,04/03/2014,18
4848,04/19/2014,18
4849,04/28/2014,18
4850,05/02/2014,18
4851,05/09/2014,18
4852,05/13/2014,18
4853,05/20/2014,18
4854,06/07/2014,18
4855,07/01/2014,18
4856,07/05/2014,18
4857,08/21/2014,18
4858,08/30/2014,18
4859,09/09/2014,18
4860,10/10/2014,18
4861,10/20/2014,18
4862,11/02/2014,18
4863,11/03/2014,18
4864,11/15/2014,18
4865,12/05/2014,18
4866,01/10/2015,18
4867,02/08/2015,18
4868,03/24/2015,18
4869,03/31/2015,18
4870,04/01/2015,18
4871,04/02/2015,18
4872,04/23/2015,18
4873,05/02/2015,18
4874,05/13/2015,18
4875,05/14/2015,18
4876,05/20/2015,18
4877,05/28/2015,18
4878,05/31/2015,18
4879,06/07/2015,18
4880,07/01/2015,18
4881,07/07/2015,18
4882,07/14/2015,18
4883,07/15/2015,18
4884,07/26/2015,18
4885,08/02/2015,18
4886,08/08/2015,18
4887,08/20/2015,18
4888,08/22/2015,18
4889,08/23/2015,18
4890,09/04/2015,18
4891,09/07/2015,18
4892,09/17/2015,18
4893,09/19/2015,18
4894,10/01/2015,18
4895,10/03/2015,18
4896,10/07/2015,18
4897,10/11/2015,18
4898,10/12/2015,18
4899,10/21/2015,18
4900,11/21/2015,18
4901,12/11/2015,18
4902,01/09/2016,18
4903,01/20/2016,18
4904,05/11/2016,18
4905,06/24/2016,18
4906,11/09/2016,18
4907,10/21/2011,17
4908,12/05/2011,17
4909,12/23/2011,17
4910,01/16/2012,17
4911,01/24/2012,17
4912,03/07/2012,17
4913,03/19/2012,17
4914,04/07/2012,17
4915,04/25/2012,17
4916,05/17/2012,17
4917,05/22/2012,17
4918,06/03/2012,17
4919,06/06/2012,17
4920,06/28/2012,17
4921,07/01/2012,17
4922,07/20/2012,17
4923,07/25/2012,17
4924,07/30/2012,17
4925,08/06/2012,17
4926,08/10/2012,17
4927,08/21/2012,17
4928,08/22/2012,17
4929,08/25/2012,17
4930,08/28/2012,17
4931,08/30/2012,17
4932,09/03/2012,17
4933,09/06/2012,17
4934,11/06/2012,17
4935,11/09/2012,17
4936,12/07/2012,17
4937,12/27/2012,17
4938,01/11/2013,17
4939,01/24/2013,17
4940,03/20/2013,17
4941,04/15/2013,17
4942,07/14/2013,17
4943,08/31/2013,17
4944,10/01/2013,17
4945,10/19/2013,17
4946,11/19/2013,17
4947,11/21/2013,17
4948,12/28/2013,17
4949,12/29/2013,17
4950,01/16/2014,17
4951,02/01/2014,17
4952,02/21/2014,17
4953,04/24/2014,17
4954,04/25/2014,17
4955,05/17/2014,17
4956,07/27/2014,17
4957,08/07/2014,17
4958,08/23/2014,17
4959,09/06/2014,17
4960,09/17/2014,17
4961,09/27/2014,17
4962,10/09/2014,17
4963,10/30/2014,17
4964,11/12/2014,17
4965,12/19/2014,17
4966,12/20/2014,17
4967,01/09/2015,17
4968,01/17/2015,17
4969,02/20/2015,17
4970,04/21/2015,17
4971,04/22/2015,17
4972,05/08/2015,17
4973,07/29/2015,17
4974,09/13/2015,17
4975,10/08/2015,17
4976,10/23/2015,17
4977,01/29/2016,17
4978,03/11/2016,17
4979,03/19/2016,17
4980,06/04/2016,17
4981,07/12/2016,17
4982,09/25/2016,17
4983,10/25/2011,16
4984,11/24/2011,16
4985,12/11/2011,16
4986,12/24/2011,16
4987,01/10/2012,16
4988,01/29/2012,16
4989,02/03/2012,16
4990,02/04/2012,16
4991,03/28/2012,16
4992,04/05/2012,16
4993,04/06/2012,16
4994,04/15/2012,16
4995,04/29/2012,16
4996,05/02/2012,16
4997,05/19/2012,16
4998,06/08/2012,16
4999,06/26/2012,16
5000,06/30/2012,16
5001,07/10/2012,16
5002,08/29/2012,16
5003,09/17/2012,16
5004,09/24/2012,16
5005,10/09/2012,16
5006,10/15/2012,16
5007,11/08/2012,16
5008,11/26/2012,16
5009,11/27/2012,16
5010,01/23/2013,16
5011,03/05/2013,16
5012,03/07/2013,16
5013,04/11/2013,16
5014,04/14/2013,16
5015,05/23/2013,16
5016,08/08/2013,16
5017,08/24/2013,16
5018,09/07/2013,16
5019,09/13/2013,16
5020,09/14/2013,16
5021,09/19/2013,16
5022,11/15/2013,16
5023,02/05/2014,16
5024,02/25/2014,16
5025,04/29/2014,16
5026,05/07/2014,16
5027,05/22/2014,16
5028,06/13/2014,16
5029,07/29/2014,16
5030,08/12/2014,16
5031,09/12/2014,16
5032,09/13/2014,16
5033,09/20/2014,16
5034,11/29/2014,16
5035,01/07/2015,16
5036,01/24/2015,16
5037,02/17/2015,16
5038,03/27/2015,16
5039,04/18/2015,16
5040,04/19/2015,16
5041,04/28/2015,16
5042,05/19/2015,16
5043,06/10/2015,16
5044,06/17/2015,16
5045,07/11/2015,16
5046,07/17/2015,16
5047,08/15/2015,16
5048,10/02/2015,16
5049,11/03/2015,16
5050,11/05/2015,16
5051,11/07/2015,16
5052,12/02/2015,16
5053,01/12/2016,16
5054,07/08/2016,16
5055,10/23/2011,15
5056,10/31/2011,15
5057,11/14/2011,15
5058,11/15/2011,15
5059,11/16/2011,15
5060,12/06/2011,15
5061,12/21/2011,15
5062,01/03/2012,15
5063,01/11/2012,15
5064,02/05/2012,15
5065,02/09/2012,15
5066,03/13/2012,15
5067,03/16/2012,15
5068,03/29/2012,15
5069,04/12/2012,15
5070,04/18/2012,15
5071,05/20/2012,15
5072,05/21/2012,15
5073,05/30/2012,15
5074,06/01/2012,15
5075,06/04/2012,15
5076,06/10/2012,15
5077,06/15/2012,15
5078,08/02/2012,15
5079,08/19/2012,15
5080,09/05/2012,15
5081,09/16/2012,15
5082,09/29/2012,15
5083,10/31/2012,15
5084,11/05/2012,15
5085,12/08/2012,15
5086,12/14/2012,15
5087,12/30/2012,15
5088,01/09/2013,15
5089,01/12/2013,15
5090,04/13/2013,15
5091,05/22/2013,15
5092,05/30/2013,15
5093,06/22/2013,15
5094,07/20/2013,15
5095,08/17/2013,15
5096,10/04/2013,15
5097,03/11/2014,15
5098,04/22/2014,15
5099,05/01/2014,15
5100,06/19/2014,15
5101,06/27/2014,15
5102,07/28/2014,15
5103,08/15/2014,15
5104,10/19/2014,15
5105,05/24/2015,15
5106,06/02/2015,15
5107,06/06/2015,15
5108,06/12/2015,15
5109,06/25/2015,15
5110,06/30/2015,15
5111,07/21/2015,15
5112,09/05/2015,15
5113,09/10/2015,15
5114,09/14/2015,15
5115,09/22/2015,15
5116,09/29/2015,15
5117,11/28/2015,15
5118,12/26/2015,15
5119,01/04/2016,15
5120,01/08/2016,15
5121,05/14/2016,15
5122,01/11/2017,15
5123,10/11/2011,14
5124,10/24/2011,14
5125,11/19/2011,14
5126,11/23/2011,14
5127,12/09/2011,14
5128,12/13/2011,14
5129,12/14/2011,14
5130,12/17/2011,14
5131,12/18/2011,14
5132,01/19/2012,14
5133,02/01/2012,14
5134,02/11/2012,14
5135,02/29/2012,14
5136,03/06/2012,14
5137,03/08/2012,14
5138,03/12/2012,14
5139,03/24/2012,14
5140,04/01/2012,14
5141,04/19/2012,14
5142,05/07/2012,14
5143,05/11/2012,14
5144,05/23/2012,14
5145,05/31/2012,14
5146,06/17/2012,14
5147,06/21/2012,14
5148,06/23/2012,14
5149,07/18/2012,14
5150,07/26/2012,14
5151,08/15/2012,14
5152,08/17/2012,14
5153,09/08/2012,14
5154,09/28/2012,14
5155,10/06/2012,14
5156,10/10/2012,14
5157,10/14/2012,14
5158,10/25/2012,14
5159,10/26/2012,14
5160,11/12/2012,14
5161,03/08/2013,14
5162,04/10/2013,14
5163,04/12/2013,14
5164,06/21/2013,14
5165,11/30/2013,14
5166,01/05/2014,14
5167,06/10/2014,14
5168,07/02/2014,14
5169,07/19/2014,14
5170,11/04/2014,14
5171,02/07/2015,14
5172,02/21/2015,14
5173,03/19/2015,14
5174,04/15/2015,14
5175,04/16/2015,14
5176,04/24/2015,14
5177,06/09/2015,14
5178,07/12/2015,14
5179,07/22/2015,14
5180,08/01/2015,14
5181,08/14/2015,14
5182,10/17/2015,14
5183,11/19/2015,14
5184,12/29/2015,14
5185,06/10/2016,14
5186,07/30/2016,14
5187,07/01/2011,13
5188,09/24/2011,13
5189,09/26/2011,13
5190,10/07/2011,13
5191,11/08/2011,13
5192,11/11/2011,13
5193,11/20/2011,13
5194,11/22/2011,13
5195,11/26/2011,13
5196,12/08/2011,13
5197,01/17/2012,13
5198,01/23/2012,13
5199,02/22/2012,13
5200,02/27/2012,13
5201,02/28/2012,13
5202,03/04/2012,13
5203,05/05/2012,13
5204,06/02/2012,13
5205,06/07/2012,13
5206,06/18/2012,13
5207,07/03/2012,13
5208,07/07/2012,13
5209,07/14/2012,13
5210,08/01/2012,13
5211,08/04/2012,13
5212,09/01/2012,13
5213,09/25/2012,13
5214,10/08/2012,13
5215,10/13/2012,13
5216,11/16/2012,13
5217,09/04/2013,13
5218,02/28/2014,13
5219,04/26/2014,13
5220,05/16/2014,13
5221,05/23/2014,13
5222,07/12/2014,13
5223,01/29/2015,13
5224,05/09/2015,13
5225,06/14/2015,13
5226,07/31/2015,13
5227,08/05/2015,13
5228,08/29/2015,13
5229,09/11/2015,13
5230,01/17/2016,13
5231,03/02/2011,12
5232,08/16/2011,12
5233,08/23/2011,12
5234,10/01/2011,12
5235,10/08/2011,12
5236,10/14/2011,12
5237,11/04/2011,12
5238,12/04/2011,12
5239,12/19/2011,12
5240,12/20/2011,12
5241,01/12/2012,12
5242,01/13/2012,12
5243,01/28/2012,12
5244,01/31/2012,12
5245,02/06/2012,12
5246,02/07/2012,12
5247,02/17/2012,12
5248,02/20/2012,12
5249,03/11/2012,12
5250,03/23/2012,12
5251,04/14/2012,12
5252,04/16/2012,12
5253,04/17/2012,12
5254,04/23/2012,12
5255,05/08/2012,12
5256,05/09/2012,12
5257,05/10/2012,12
5258,07/29/2012,12
5259,08/18/2012,12
5260,08/31/2012,12
5261,09/21/2012,12
5262,10/04/2012,12
5263,12/06/2012,12
5264,01/01/2013,12
5265,09/24/2013,12
5266,05/31/2014,12
5267,06/22/2014,12
5268,07/30/2014,12
5269,04/10/2015,12
5270,04/14/2015,12
5271,06/20/2015,12
5272,01/21/2016,12
5273,08/01/2011,11
5274,08/15/2011,11
5275,09/18/2011,11
5276,09/20/2011,11
5277,10/05/2011,11
5278,10/10/2011,11
5279,10/13/2011,11
5280,10/17/2011,11
5281,10/22/2011,11
5282,11/03/2011,11
5283,11/21/2011,11
5284,11/30/2011,11
5285,01/05/2012,11
5286,01/08/2012,11
5287,01/14/2012,11
5288,02/25/2012,11
5289,03/01/2012,11
5290,03/02/2012,11
5291,03/17/2012,11
5292,03/21/2012,11
5293,03/22/2012,11
5294,04/11/2012,11
5295,04/13/2012,11
5296,04/24/2012,11
5297,04/30/2012,11
5298,05/04/2012,11
5299,05/12/2012,11
5300,05/29/2012,11
5301,06/22/2012,11
5302,07/08/2012,11
5303,07/12/2012,11
5304,07/15/2012,11
5305,07/19/2012,11
5306,07/28/2012,11
5307,09/27/2012,11
5308,10/05/2012,11
5309,10/12/2012,11
5310,10/21/2012,11
5311,10/22/2012,11
5312,10/24/2012,11
5313,11/01/2012,11
5314,11/02/2012,11
5315,12/29/2012,11
5316,01/10/2013,11
5317,06/29/2013,11
5318,04/02/2014,11
5319,05/28/2014,11
5320,06/21/2014,11
5321,08/01/2014,11
5322,11/13/2014,11
5323,06/28/2015,11
5324,08/12/2015,11
5325,09/16/2015,11
5326,10/14/2015,11
5327,07/03/2011,10
5328,07/20/2011,10
5329,09/07/2011,10
5330,09/29/2011,10
5331,10/02/2011,10
5332,10/20/2011,10
5333,10/26/2011,10
5334,11/28/2011,10
5335,12/26/2011,10
5336,12/27/2011,10
5337,12/30/2011,10
5338,01/21/2012,10
5339,03/09/2012,10
5340,04/22/2012,10
5341,04/28/2012,10
5342,05/14/2012,10
5343,06/16/2012,10
5344,06/24/2012,10
5345,10/20/2012,10
5346,10/23/2012,10
5347,12/15/2012,10
5348,01/01/2014,10
5349,05/10/2014,10
5350,06/22/2015,10
5351,03/16/2011,9
5352,06/18/2011,9
5353,07/18/2011,9
5354,09/02/2011,9
5355,09/09/2011,9
5356,10/03/2011,9
5357,10/04/2011,9
5358,10/06/2011,9
5359,10/18/2011,9
5360,10/29/2011,9
5361,10/30/2011,9
5362,11/09/2011,9
5363,11/12/2011,9
5364,11/27/2011,9
5365,12/01/2011,9
5366,12/28/2011,9
5367,12/31/2011,9
5368,01/01/2012,9
5369,01/02/2012,9
5370,01/09/2012,9
5371,01/25/2012,9
5372,02/10/2012,9
5373,02/24/2012,9
5374,03/10/2012,9
5375,03/27/2012,9
5376,03/31/2012,9
5377,04/26/2012,9
5378,05/03/2012,9
5379,05/24/2012,9
5380,07/21/2012,9
5381,11/01/2013,9
5382,02/04/2015,9
5383,01/21/2011,8
5384,02/09/2011,8
5385,03/08/2011,8
5386,06/23/2011,8
5387,08/04/2011,8
5388,08/22/2011,8
5389,08/28/2011,8
5390,09/12/2011,8
5391,09/23/2011,8
5392,09/25/2011,8
5393,09/27/2011,8
5394,10/12/2011,8
5395,10/28/2011,8
5396,11/01/2011,8
5397,11/07/2011,8
5398,11/25/2011,8
5399,11/29/2011,8
5400,12/10/2011,8
5401,12/29/2011,8
5402,01/27/2012,8
5403,02/26/2012,8
5404,03/03/2012,8
5405,04/10/2012,8
5406,05/27/2012,8
5407,08/11/2012,8
5408,10/11/2012,8
5409,11/15/2012,8
5410,04/11/2014,8
5411,12/17/2010,7
5412,01/14/2011,7
5413,03/10/2011,7
5414,03/21/2011,7
5415,04/18/2011,7
5416,05/24/2011,7
5417,06/06/2011,7
5418,06/21/2011,7
5419,06/28/2011,7
5420,07/02/2011,7
5421,07/08/2011,7
5422,07/26/2011,7
5423,08/02/2011,7
5424,08/03/2011,7
5425,08/06/2011,7
5426,08/21/2011,7
5427,08/25/2011,7
5428,09/06/2011,7
5429,09/10/2011,7
5430,09/16/2011,7
5431,09/19/2011,7
5432,10/19/2011,7
5433,11/02/2011,7
5434,11/06/2011,7
5435,11/18/2011,7
5436,12/03/2011,7
5437,12/22/2011,7
5438,01/04/2012,7
5439,01/20/2012,7
5440,02/15/2012,7
5441,02/18/2012,7
5442,02/23/2012,7
5443,05/18/2012,7
5444,07/11/2012,7
5445,06/01/2013,7
5446,11/23/2010,6
5447,12/19/2010,6
5448,03/24/2011,6
5449,04/14/2011,6
5450,04/16/2011,6
5451,04/26/2011,6
5452,05/22/2011,6
5453,05/27/2011,6
5454,05/29/2011,6
5455,06/15/2011,6
5456,06/19/2011,6
5457,06/27/2011,6
5458,06/29/2011,6
5459,07/09/2011,6
5460,07/12/2011,6
5461,07/15/2011,6
5462,07/17/2011,6
5463,07/25/2011,6
5464,07/27/2011,6
5465,07/29/2011,6
5466,07/30/2011,6
5467,08/09/2011,6
5468,08/14/2011,6
5469,09/05/2011,6
5470,09/13/2011,6
5471,09/22/2011,6
5472,09/28/2011,6
5473,09/30/2011,6
5474,10/09/2011,6
5475,10/15/2011,6
5476,10/16/2011,6
5477,10/27/2011,6
5478,11/10/2011,6
5479,11/13/2011,6
5480,12/02/2011,6
5481,04/21/2012,6
5482,12/14/2010,5
5483,12/28/2010,5
5484,01/16/2011,5
5485,01/22/2011,5
5486,02/02/2011,5
5487,02/04/2011,5
5488,02/06/2011,5
5489,02/13/2011,5
5490,02/18/2011,5
5491,02/20/2011,5
5492,03/07/2011,5
5493,03/12/2011,5
5494,04/01/2011,5
5495,04/15/2011,5
5496,04/20/2011,5
5497,04/30/2011,5
5498,05/08/2011,5
5499,05/16/2011,5
5500,05/26/2011,5
5501,06/01/2011,5
5502,06/05/2011,5
5503,06/09/2011,5
5504,06/13/2011,5
5505,06/14/2011,5
5506,06/16/2011,5
5507,06/20/2011,5
5508,07/16/2011,5
5509,07/19/2011,5
5510,07/22/2011,5
5511,08/08/2011,5
5512,08/10/2011,5
5513,08/11/2011,5
5514,08/13/2011,5
5515,08/18/2011,5
5516,08/20/2011,5
5517,08/29/2011,5
5518,09/01/2011,5
5519,09/08/2011,5
5520,09/15/2011,5
5521,09/21/2011,5
5522,01/26/2012,5
5523,10/01/2010,4
5524,11/28/2010,4
5525,11/29/2010,4
5526,12/06/2010,4
5527,12/12/2010,4
5528,12/13/2010,4
5529,12/16/2010,4
5530,12/20/2010,4
5531,12/23/2010,4
5532,01/05/2011,4
5533,01/06/2011,4
5534,01/07/2011,4
5535,01/15/2011,4
5536,01/26/2011,4
5537,02/11/2011,4
5538,02/14/2011,4
5539,02/15/2011,4
5540,02/16/2011,4
5541,02/23/2011,4
5542,02/27/2011,4
5543,03/06/2011,4
5544,03/09/2011,4
5545,03/13/2011,4
5546,03/17/2011,4
5547,03/20/2011,4
5548,03/27/2011,4
5549,04/06/2011,4
5550,04/23/2011,4
5551,05/03/2011,4
5552,05/04/2011,4
5553,05/11/2011,4
5554,05/12/2011,4
5555,05/23/2011,4
5556,05/31/2011,4
5557,06/02/2011,4
5558,06/10/2011,4
5559,06/17/2011,4
5560,06/22/2011,4
5561,06/24/2011,4
5562,07/05/2011,4
5563,07/06/2011,4
5564,07/21/2011,4
5565,07/31/2011,4
5566,08/05/2011,4
5567,08/07/2011,4
5568,08/19/2011,4
5569,08/26/2011,4
5570,08/30/2011,4
5571,09/11/2011,4
5572,09/14/2011,4
5573,09/17/2011,4
5574,11/17/2011,4
5575,08/04/2010,3
5576,08/07/2010,3
5577,08/08/2010,3
5578,08/17/2010,3
5579,09/07/2010,3
5580,09/09/2010,3
5581,09/19/2010,3
5582,09/23/2010,3
5583,10/04/2010,3
5584,10/28/2010,3
5585,11/18/2010,3
5586,12/08/2010,3
5587,12/24/2010,3
5588,12/29/2010,3
5589,12/31/2010,3
5590,01/02/2011,3
5591,01/12/2011,3
5592,01/17/2011,3
5593,01/19/2011,3
5594,01/23/2011,3
5595,01/27/2011,3
5596,01/29/2011,3
5597,02/21/2011,3
5598,02/24/2011,3
5599,02/26/2011,3
5600,03/01/2011,3
5601,03/04/2011,3
5602,03/11/2011,3
5603,03/14/2011,3
5604,03/15/2011,3
5605,03/18/2011,3
5606,03/19/2011,3
5607,03/22/2011,3
5608,03/31/2011,3
5609,04/03/2011,3
5610,04/05/2011,3
5611,04/10/2011,3
5612,04/17/2011,3
5613,05/05/2011,3
5614,05/07/2011,3
5615,05/17/2011,3
5616,05/19/2011,3
5617,05/25/2011,3
5618,05/28/2011,3
5619,05/30/2011,3
5620,06/03/2011,3
5621,06/30/2011,3
5622,07/23/2011,3
5623,07/28/2011,3
5624,08/17/2011,3
5625,08/31/2011,3
5626,09/03/2011,3
5627,11/05/2011,3
5628,12/07/2011,3
5629,01/18/2012,3
5630,08/09/2010,2
5631,09/02/2010,2
5632,09/17/2010,2
5633,09/21/2010,2
5634,09/24/2010,2
5635,09/26/2010,2
5636,09/28/2010,2
5637,09/29/2010,2
5638,10/05/2010,2
5639,10/09/2010,2
5640,10/19/2010,2
5641,10/20/2010,2
5642,10/22/2010,2
5643,10/24/2010,2
5644,10/27/2010,2
5645,11/02/2010,2
5646,11/07/2010,2
5647,11/11/2010,2
5648,11/12/2010,2
5649,11/16/2010,2
5650,11/17/2010,2
5651,11/20/2010,2
5652,12/02/2010,2
5653,12/03/2010,2
5654,12/07/2010,2
5655,12/09/2010,2
5656,12/10/2010,2
5657,12/11/2010,2
5658,12/15/2010,2
5659,12/18/2010,2
5660,12/21/2010,2
5661,12/25/2010,2
5662,12/26/2010,2
5663,01/01/2011,2
5664,01/03/2011,2
5665,01/04/2011,2
5666,01/08/2011,2
5667,01/09/2011,2
5668,01/10/2011,2
5669,01/13/2011,2
5670,01/18/2011,2
5671,01/24/2011,2
5672,01/28/2011,2
5673,01/30/2011,2
5674,01/31/2011,2
5675,02/01/2011,2
5676,02/03/2011,2
5677,02/05/2011,2
5678,02/07/2011,2
5679,02/10/2011,2
5680,02/17/2011,2
5681,02/22/2011,2
5682,03/25/2011,2
5683,03/28/2011,2
5684,03/29/2011,2
5685,03/30/2011,2
5686,04/04/2011,2
5687,04/07/2011,2
5688,04/12/2011,2
5689,04/22/2011,2
5690,04/24/2011,2
5691,04/25/2011,2
5692,04/28/2011,2
5693,04/29/2011,2
5694,05/02/2011,2
5695,05/06/2011,2
5696,05/09/2011,2
5697,05/14/2011,2
5698,05/18/2011,2
5699,06/04/2011,2
5700,06/08/2011,2
5701,06/25/2011,2
5702,06/26/2011,2
5703,07/04/2011,2
5704,07/07/2011,2
5705,07/11/2011,2
5706,07/14/2011,2
5707,08/12/2011,2
5708,08/24/2011,2
5709,08/27/2011,2
5710,09/04/2011,2
5711,08/01/2010,1
5712,08/05/2010,1
5713,08/06/2010,1
5714,08/10/2010,1
5715,08/12/2010,1
5716,08/13/2010,1
5717,08/15/2010,1
5718,08/18/2010,1
5719,08/19/2010,1
5720,08/20/2010,1
5721,08/21/2010,1
5722,08/23/2010,1
5723,08/25/2010,1
5724,08/26/2010,1
5725,09/05/2010,1
5726,09/06/2010,1
5727,09/13/2010,1
5728,09/14/2010,1
5729,09/15/2010,1
5730,09/20/2010,1
5731,09/27/2010,1
5732,09/30/2010,1
5733,10/03/2010,1
5734,10/07/2010,1
5735,10/08/2010,1
5736,10/10/2010,1
5737,10/11/2010,1
5738,10/13/2010,1
5739,10/17/2010,1
5740,10/18/2010,1
5741,10/21/2010,1
5742,10/25/2010,1
5743,10/26/2010,1
5744,10/29/2010,1
5745,10/31/2010,1
5746,11/03/2010,1
5747,11/05/2010,1
5748,11/08/2010,1
5749,11/09/2010,1
5750,11/10/2010,1
5751,11/14/2010,1
5752,11/21/2010,1
5753,11/22/2010,1
5754,11/24/2010,1
5755,11/25/2010,1
5756,11/26/2010,1
5757,11/30/2010,1
5758,12/01/2010,1
5759,12/04/2010,1
5760,12/22/2010,1
5761,12/27/2010,1
5762,12/30/2010,1
5763,01/11/2011,1
5764,01/20/2011,1
5765,02/08/2011,1
5766,02/19/2011,1
5767,02/25/2011,1
5768,02/28/2011,1
5769,03/03/2011,1
5770,03/05/2011,1
5771,03/23/2011,1
5772,03/26/2011,1
5773,04/08/2011,1
5774,04/11/2011,1
5775,04/19/2011,1
5776,04/27/2011,1
5777,05/10/2011,1
5778,05/13/2011,1
5779,05/15/2011,1
5780,06/07/2011,1
5781,06/11/2011,1
5782,06/12/2011,1
5783,07/13/2011,1
